{
"type": "FeatureCollection",
"name": "moon_geologic",
"features": [
{ "type": "Feature", "properties": { "ConType": "Certain" }, "geometry": { "type": "LineString", "coordinates": [ [ -179.999983509510002, -84.279217479368654 ], [ -173.069559378915471, -84.210138519731942 ], [ -167.508013680927832, -85.139908063850214 ], [ -179.999983509510002, -86.104480256265532 ] ] } },
{ "type": "Feature", "properties": { "ConType": "Certain" }, "geometry": { "type": "LineString", "coordinates": [ [ -174.303638726235789, -82.20585110920895 ], [ -179.999983509510002, -82.268298100504865 ] ] } },
{ "type": "Feature", "properties": { "ConType": "Approx" }, "geometry": { "type": "LineString", "coordinates": [ [ -179.999983509510002, -82.99576737060346 ], [ -174.303638726235789, -82.20585110920895 ] ] } },
{ "type": "Feature", "properties": { "ConType": "Approx" }, "geometry": { "type": "LineString", "coordinates": [ [ -151.937417770656026, -82.244295693454873 ], [ -163.42228089853279, -82.844199630373154 ], [ -167.515692090362904, -82.822465844667363 ], [ -151.427595304346767, -82.120309179846998 ], [ -151.937417770656026, -82.244295693454873 ] ] } },
{ "type": "Feature", "properties": { "ConType": "Certain" }, "geometry": { "type": "LineString", "coordinates": [ [ -179.999983509510002, -81.500401526600683 ], [ -172.231272713872158, -81.623576909523578 ], [ -179.999983509510002, -81.839431480619652 ] ] } },
{ "type": "Feature", "properties": { "ConType": "Certain" }, "geometry": { "type": "LineString", "coordinates": [ [ -179.999983509510002, -82.083798534271423 ], [ -166.285295571570373, -81.459898406634707 ] ] } },
{ "type": "Feature", "properties": { "ConType": "Certain" }, "geometry": { "type": "LineString", "coordinates": [ [ -156.638806914860396, -80.874656019109253 ], [ -154.238655784395633, -80.73543655816745 ], [ -174.303638726235789, -82.20585110920895 ] ] } },
{ "type": "Feature", "properties": { "ConType": "Certain" }, "geometry": { "type": "LineString", "coordinates": [ [ -166.285295571570373, -81.459898406634707 ], [ -156.805059434106568, -80.440964553092144 ], [ -157.315843436644258, -80.579430281359976 ] ] } },
{ "type": "Feature", "properties": { "ConType": "Certain" }, "geometry": { "type": "LineString", "coordinates": [ [ -164.158357110026373, -80.568574742793274 ], [ -165.687827664937856, -81.027856540655193 ], [ -161.475402002426904, -81.079357416322168 ], [ -160.200571129212648, -80.24115191975018 ], [ -163.034145117513475, -79.836395580878573 ] ] } },
{ "type": "Feature", "properties": { "ConType": "Certain" }, "geometry": { "type": "LineString", "coordinates": [ [ -179.999983509510002, -87.541770519062155 ], [ -157.547567645932276, -86.579100375701231 ], [ -165.031432727650582, -85.338655781886033 ], [ -161.145766049928767, -84.284557730288654 ], [ -161.951892624271039, -83.85373711788047 ], [ -153.241777748915581, -83.569206623086316 ], [ -146.802372252203355, -81.453113862805523 ], [ -148.533945863481591, -79.59030976926401 ] ] } },
{ "type": "Feature", "properties": { "ConType": "Certain" }, "geometry": { "type": "LineString", "coordinates": [ [ -179.999983509510002, -79.495855833272842 ], [ -174.635516432994251, -79.763805248042289 ], [ -179.999983509510002, -79.852086482225047 ] ] } },
{ "type": "Feature", "properties": { "ConType": "Certain" }, "geometry": { "type": "LineString", "coordinates": [ [ -163.805221511544744, -78.903938540198737 ], [ -163.092726318968886, -79.212876479739208 ], [ -167.805465050048866, -79.223660314487873 ], [ -165.925387607992974, -78.802105436112029 ], [ -163.805221511544744, -78.903938540198737 ] ] } },
{ "type": "Feature", "properties": { "ConType": "Certain" }, "geometry": { "type": "LineString", "coordinates": [ [ -163.762107743385428, -79.972016560832174 ], [ -170.638075724613202, -79.218733210526395 ], [ -166.325706003889366, -78.160031221763532 ] ] } },
{ "type": "Feature", "properties": { "ConType": "Certain" }, "geometry": { "type": "LineString", "coordinates": [ [ -163.679297382232221, -78.246379420870014 ], [ -156.24400426830104, -77.298075552802089 ], [ -157.40706322473855, -77.115386235081189 ] ] } },
{ "type": "Feature", "properties": { "ConType": "Certain" }, "geometry": { "type": "LineString", "coordinates": [ [ -168.740760879938875, -77.060443668488247 ], [ -179.999983509510002, -77.535977677702348 ] ] } },
{ "type": "Feature", "properties": { "ConType": "Certain" }, "geometry": { "type": "LineString", "coordinates": [ [ -179.999983509510002, -77.196336574198241 ], [ -168.489755348111544, -76.712594428464953 ] ] } },
{ "type": "Feature", "properties": { "ConType": "Certain" }, "geometry": { "type": "LineString", "coordinates": [ [ -167.881145740602534, -76.410535999172609 ], [ -179.999983509510002, -76.185950308451041 ] ] } },
{ "type": "Feature", "properties": { "ConType": "Certain" }, "geometry": { "type": "LineString", "coordinates": [ [ -157.40706322473855, -77.115386235081189 ], [ -157.199416417511571, -76.414312092460406 ], [ -161.576969957712862, -74.99711829629679 ], [ -167.881145740602534, -76.410535999172609 ] ] } },
{ "type": "Feature", "properties": { "ConType": "Certain" }, "geometry": { "type": "LineString", "coordinates": [ [ -170.409796820627463, -69.862073199961017 ], [ -169.287489314234705, -69.876049660150017 ], [ -170.865248260089771, -70.280814540294173 ], [ -175.277797807828392, -69.81348783655649 ], [ -175.914997049657927, -69.015700518808984 ], [ -171.708659876625148, -68.778036124894896 ], [ -170.516697672764764, -69.199785813537972 ], [ -171.224547702519573, -69.899556795411442 ], [ -170.409796820627463, -69.862073199961017 ] ] } },
{ "type": "Feature", "properties": { "ConType": "Certain" }, "geometry": { "type": "LineString", "coordinates": [ [ -179.999983509510002, -73.479903890353029 ], [ -169.025877101565669, -73.235957400386383 ], [ -161.241852335225246, -71.366016625146671 ], [ -160.079530292739776, -70.01185298472987 ], [ -161.530253787494672, -68.869576101882046 ], [ -161.382007929529749, -67.53938457173119 ], [ -163.558152622546459, -66.262143420662511 ], [ -169.015297498866374, -64.327473838330377 ], [ -174.955689394233644, -63.981886976937439 ] ] } },
{ "type": "Feature", "properties": { "ConType": "Certain" }, "geometry": { "type": "LineString", "coordinates": [ [ -174.259427005523975, -62.313081202107917 ], [ -168.236892214824849, -60.974840986815536 ] ] } },
{ "type": "Feature", "properties": { "ConType": "Certain" }, "geometry": { "type": "LineString", "coordinates": [ [ -178.23754736203739, -60.415571992367816 ], [ -175.731336823393349, -62.158309729485211 ], [ -174.519983276169683, -60.885258343011223 ] ] } },
{ "type": "Feature", "properties": { "ConType": "Certain" }, "geometry": { "type": "LineString", "coordinates": [ [ -172.608227484374567, -57.238434210677511 ], [ -171.472728137555094, -56.616221980297652 ], [ -171.207712168422603, -57.676067061743709 ], [ -169.080388680163651, -57.72387848692334 ], [ -167.985776411541593, -57.094346333220535 ], [ -168.525339354657859, -58.87222255553484 ], [ -170.195365011178666, -59.28781495293574 ], [ -170.158532517922566, -58.715219099999516 ], [ -172.386117133579177, -58.521747368876824 ], [ -172.319333421631995, -57.869033888237269 ] ] } },
{ "type": "Feature", "properties": { "ConType": "Certain" }, "geometry": { "type": "LineString", "coordinates": [ [ -170.135984270765277, -56.912835120804608 ], [ -169.151258718267627, -56.625119473359142 ], [ -169.384354322847372, -57.172351143603095 ], [ -168.894796774213916, -57.438784132932852 ], [ -167.475156131017826, -56.602892932077502 ] ] } },
{ "type": "Feature", "properties": { "ConType": "Certain" }, "geometry": { "type": "LineString", "coordinates": [ [ -177.924165728178366, -55.965168194226663 ], [ -179.787587421679603, -55.144842136846485 ], [ -178.701564447985618, -54.081287640100776 ], [ -176.729427337029222, -54.151685883373396 ] ] } },
{ "type": "Feature", "properties": { "ConType": "Certain" }, "geometry": { "type": "LineString", "coordinates": [ [ -179.156711089334607, -48.219582399295895 ], [ -177.851579712147412, -47.886084574730106 ], [ -176.963398247260471, -48.945862308736928 ], [ -179.347978990766109, -48.495187125788924 ] ] } },
{ "type": "Feature", "properties": { "ConType": "Certain" }, "geometry": { "type": "LineString", "coordinates": [ [ -168.734156177714368, -54.128337015583504 ], [ -169.499515578155751, -54.194322135038064 ], [ -168.202935244846373, -53.5718896915252 ], [ -169.119994570779369, -53.032821403511036 ], [ -171.149597181940237, -53.967385764098005 ], [ -169.379378441294421, -54.983710423772038 ], [ -167.804047795708613, -54.159615920675883 ], [ -168.734156177714368, -54.128337015583504 ] ] } },
{ "type": "Feature", "properties": { "ConType": "Certain" }, "geometry": { "type": "LineString", "coordinates": [ [ -168.630381741315233, -51.921078541048445 ], [ -172.084634372864201, -52.477400806366639 ], [ -173.170753394651825, -54.627080089434457 ] ] } },
{ "type": "Feature", "properties": { "ConType": "Approx" }, "geometry": { "type": "LineString", "coordinates": [ [ -174.884524375533033, -51.351625365246086 ], [ -175.12290291546654, -50.554992933073883 ], [ -169.059649190918464, -51.580965263467277 ] ] } },
{ "type": "Feature", "properties": { "ConType": "Certain" }, "geometry": { "type": "LineString", "coordinates": [ [ -173.242064126142651, -48.335032468336159 ], [ -175.034112852286171, -50.354202703272925 ], [ -172.233586237906223, -49.54155808269779 ], [ -171.002414372733057, -47.631219960764327 ], [ -171.514941451126845, -47.026771526022664 ], [ -169.45978401541123, -46.596534582627058 ], [ -170.410042469604093, -45.832355203505884 ] ] } },
{ "type": "Feature", "properties": { "ConType": "Certain" }, "geometry": { "type": "LineString", "coordinates": [ [ -171.788070751951182, -45.616559491341157 ], [ -170.976271262261719, -45.58802980751998 ], [ -171.790762532340153, -45.490974908940686 ], [ -172.08283614479123, -44.204200751263009 ], [ -170.460896820407328, -43.701565056763314 ], [ -169.612950704943728, -44.419338026951529 ], [ -171.226067020119899, -45.945000882569104 ], [ -170.410042469604093, -45.832355203505884 ] ] } },
{ "type": "Feature", "properties": { "ConType": "Certain" }, "geometry": { "type": "LineString", "coordinates": [ [ -168.236892214824849, -60.974840986815536 ], [ -160.154410923284871, -61.535259643141394 ] ] } },
{ "type": "Feature", "properties": { "ConType": "Certain" }, "geometry": { "type": "LineString", "coordinates": [ [ -164.123018122579026, -61.245841723378462 ], [ -165.487796055133657, -61.354444959958059 ], [ -166.240680452163161, -60.554335705517694 ], [ -164.500738649492803, -60.113122976288899 ], [ -163.570201917722926, -60.759304437965227 ] ] } },
{ "type": "Feature", "properties": { "ConType": "Certain" }, "geometry": { "type": "LineString", "coordinates": [ [ -166.492005361627349, -60.153727318578838 ], [ -167.118078154852753, -60.68554647360061 ], [ -167.980488859283781, -60.313960028092716 ], [ -165.842380441410342, -59.579465254643722 ], [ -166.492005361627349, -60.153727318578838 ] ] } },
{ "type": "Feature", "properties": { "ConType": "Approx" }, "geometry": { "type": "LineString", "coordinates": [ [ -159.519165413452953, -60.573512376032866 ], [ -159.978804717983763, -59.324674623267889 ], [ -164.406475985241684, -58.552360948412577 ], [ -166.534636900752076, -58.834711575247709 ], [ -168.205688674095853, -60.208533538101221 ] ] } },
{ "type": "Feature", "properties": { "ConType": "Certain" }, "geometry": { "type": "LineString", "coordinates": [ [ -162.795437702311887, -58.308702902825502 ], [ -164.52782630598557, -58.289599970863925 ], [ -164.874203650608933, -58.064446849440955 ], [ -162.905896189027573, -57.887878283464282 ], [ -162.795437702311887, -58.308702902825502 ] ] } },
{ "type": "Feature", "properties": { "ConType": "Certain" }, "geometry": { "type": "LineString", "coordinates": [ [ -162.283472751775435, -56.152589040554844 ], [ -165.459849575336875, -57.250423918111373 ], [ -167.475156131017826, -56.602892932077502 ] ] } },
{ "type": "Feature", "properties": { "ConType": "Certain" }, "geometry": { "type": "LineString", "coordinates": [ [ -165.973960809153056, -55.659457869663804 ], [ -166.474288127466679, -55.868202075414857 ], [ -164.876144102411814, -56.125608433578492 ], [ -164.300431222541647, -55.397313964428669 ], [ -165.395814909878084, -54.758511763185979 ], [ -166.298306501908911, -55.4816089273614 ], [ -165.052895616510057, -55.555895197463208 ], [ -165.973960809153056, -55.659457869663804 ] ] } },
{ "type": "Feature", "properties": { "ConType": "Approx" }, "geometry": { "type": "LineString", "coordinates": [ [ -161.03192046387997, -51.499963716288505 ], [ -163.614495914963101, -52.534010863500455 ], [ -165.083382669789756, -52.20859007516497 ], [ -165.070733810259554, -52.940302289997582 ], [ -164.355121557771838, -52.894222645748009 ], [ -165.81751743684606, -53.245624438457355 ], [ -165.082198344855414, -53.779091267608173 ] ] } },
{ "type": "Feature", "properties": { "ConType": "Certain" }, "geometry": { "type": "LineString", "coordinates": [ [ -166.786833389366649, -52.348216631623195 ], [ -164.843491345175238, -50.605829937509 ], [ -167.314971707724965, -50.262217142278367 ] ] } },
{ "type": "Feature", "properties": { "ConType": "Certain" }, "geometry": { "type": "LineString", "coordinates": [ [ -168.451375931466572, -51.198446335388589 ], [ -169.524325745550698, -50.512902458830524 ], [ -167.875303279346724, -50.283087006298935 ], [ -168.010134201484618, -49.484519560377294 ], [ -167.13204816456718, -49.311007315641639 ], [ -167.314971707724965, -50.262217142278367 ] ] } },
{ "type": "Feature", "properties": { "ConType": "Certain" }, "geometry": { "type": "LineString", "coordinates": [ [ -167.055720846918376, -46.474774092827765 ], [ -168.128104711008262, -46.230994675428263 ], [ -166.908389159043907, -46.173611705681814 ], [ -167.962764432646168, -44.950734412067582 ], [ -167.180920907165586, -44.342953660857368 ] ] } },
{ "type": "Feature", "properties": { "ConType": "Approx" }, "geometry": { "type": "LineString", "coordinates": [ [ -161.913767134052136, -55.020860556730391 ], [ -160.199795466244325, -55.057793259889351 ], [ -161.337406525625369, -54.069189738817819 ], [ -162.91545398181583, -54.431340544925781 ] ] } },
{ "type": "Feature", "properties": { "ConType": "Approx" }, "geometry": { "type": "LineString", "coordinates": [ [ -161.543754155833739, -53.214811639510984 ], [ -158.867787339337838, -54.839203423763543 ], [ -159.204046336360818, -53.482998448892154 ], [ -157.224113596072783, -53.835284085227791 ], [ -156.242920872187511, -52.202905831913839 ], [ -158.374624552547289, -51.835747066662982 ] ] } },
{ "type": "Feature", "properties": { "ConType": "Certain" }, "geometry": { "type": "LineString", "coordinates": [ [ -138.93590324190464, -88.192728082256764 ], [ -137.948160341431901, -88.419822991087003 ], [ -158.898655435603843, -88.422443361161186 ], [ -143.612143245617148, -88.035277192654604 ], [ -138.93590324190464, -88.192728082256764 ] ] } },
{ "type": "Feature", "properties": { "ConType": "Certain" }, "geometry": { "type": "LineString", "coordinates": [ [ -132.439585244566274, -88.426736768656681 ], [ -131.698266314251214, -88.518077691122613 ], [ -175.824383837016001, -88.718956868878294 ], [ -173.02501582152135, -88.000736075484184 ], [ -161.257546277132832, -87.609759797000194 ], [ -137.659729855431436, -87.72615823090112 ], [ -131.960392002501976, -88.175811102674189 ], [ -132.439585244566274, -88.426736768656681 ] ] } },
{ "type": "Feature", "properties": { "ConType": "Certain" }, "geometry": { "type": "LineString", "coordinates": [ [ -149.158380480209132, -84.643428074356365 ], [ -153.48992310207575, -85.20505991786257 ], [ -157.465428239660866, -84.912256052992518 ], [ -154.15567377004686, -84.167358467994433 ], [ -148.189979502439428, -84.454454704994234 ], [ -149.158380480209132, -84.643428074356365 ] ] } },
{ "type": "Feature", "properties": { "ConType": "Approx" }, "geometry": { "type": "LineString", "coordinates": [ [ -139.469196152279096, -83.67918746469357 ], [ -138.144054238937031, -82.282387166984122 ], [ -143.376650132220476, -82.690684991163224 ], [ -144.837326656432197, -83.230940938176019 ], [ -144.914169833963939, -83.952133946010122 ], [ -138.771023545892575, -83.917712251659069 ], [ -139.469196152279096, -83.67918746469357 ] ] } },
{ "type": "Feature", "properties": { "ConType": "Certain" }, "geometry": { "type": "LineString", "coordinates": [ [ -141.816308067831756, -78.999243417779113 ], [ -142.111076339641272, -79.525852752718649 ], [ -145.019418632508916, -79.184206306824947 ], [ -143.998876104485532, -78.857534063769933 ], [ -141.816308067831756, -78.999243417779113 ] ] } },
{ "type": "Feature", "properties": { "ConType": "Certain" }, "geometry": { "type": "LineString", "coordinates": [ [ -131.791876095502118, -79.85110097107335 ], [ -144.347773490559803, -78.020016304526067 ], [ -151.595255699022402, -78.293376229602117 ] ] } },
{ "type": "Feature", "properties": { "ConType": "Certain" }, "geometry": { "type": "LineString", "coordinates": [ [ -138.70728440846338, -73.305340010506043 ], [ -142.857765728620137, -75.733406126886223 ], [ -140.130105669851389, -76.826488706362753 ], [ -136.713604816519137, -77.025173238768573 ] ] } },
{ "type": "Feature", "properties": { "ConType": "Certain" }, "geometry": { "type": "LineString", "coordinates": [ [ -139.629855325221968, -70.604623399231471 ], [ -147.849359951646875, -72.733675311271668 ], [ -152.319927497904501, -76.092814172090897 ], [ -154.280627854836354, -76.526561199250693 ] ] } },
{ "type": "Feature", "properties": { "ConType": "Certain" }, "geometry": { "type": "LineString", "coordinates": [ [ -139.612657453195766, -71.70582564874961 ], [ -140.088417796238559, -71.153062330529622 ], [ -137.60483779117348, -70.589747674956612 ], [ -136.361458970145378, -71.360594602260008 ], [ -136.96646744854192, -71.778397048981404 ] ] } },
{ "type": "Feature", "properties": { "ConType": "Certain" }, "geometry": { "type": "LineString", "coordinates": [ [ -136.786787362938298, -68.377055882608872 ], [ -135.461336492971412, -69.42660458863358 ], [ -140.055553020873674, -69.392310924330161 ] ] } },
{ "type": "Feature", "properties": { "ConType": "Certain" }, "geometry": { "type": "LineString", "coordinates": [ [ -149.91004915076104, -66.180556793017644 ], [ -151.943443331731743, -67.764075283829214 ], [ -148.66626570096247, -68.065885775479614 ] ] } },
{ "type": "Feature", "properties": { "ConType": "Certain" }, "geometry": { "type": "LineString", "coordinates": [ [ -148.934193314051356, -66.590697025743864 ], [ -147.980021816004836, -65.841753525690734 ], [ -146.8596723353306, -66.349571081620738 ], [ -147.372592022055358, -66.91114439267669 ], [ -145.649623726362279, -66.177505375588311 ], [ -147.62134076170625, -65.469270200398142 ], [ -149.280065470435773, -66.188195935683595 ] ] } },
{ "type": "Feature", "properties": { "ConType": "Certain" }, "geometry": { "type": "LineString", "coordinates": [ [ -147.099113020427751, -63.1117232670927 ], [ -146.364122731153856, -63.402141132428135 ], [ -146.467437389863363, -64.582943853735742 ], [ -149.91004915076104, -66.180556793017644 ] ] } },
{ "type": "Feature", "properties": { "ConType": "Certain" }, "geometry": { "type": "LineString", "coordinates": [ [ -156.556819269523544, -62.976755790123512 ], [ -150.212964883076864, -63.812126840672938 ] ] } },
{ "type": "Feature", "properties": { "ConType": "Certain" }, "geometry": { "type": "LineString", "coordinates": [ [ -149.062743228407015, -62.187995153008963 ], [ -151.548711693157003, -62.189384626777873 ], [ -151.829885995493015, -60.95864815874306 ], [ -149.251835074123107, -60.411232913797676 ], [ -148.324325722201365, -60.901893694743272 ] ] } },
{ "type": "Feature", "properties": { "ConType": "Certain" }, "geometry": { "type": "LineString", "coordinates": [ [ -148.822171500746236, -59.349713327414364 ], [ -151.473192604139172, -59.561751971233846 ], [ -153.756509821119892, -61.380662518007533 ], [ -152.069437262038235, -63.209483747334325 ], [ -150.212964883076864, -63.812126840672938 ] ] } },
{ "type": "Feature", "properties": { "ConType": "Certain" }, "geometry": { "type": "LineString", "coordinates": [ [ -153.871891048822675, -56.703217815622601 ], [ -155.871958368286812, -58.596050757799361 ], [ -153.892461546187747, -58.484253190822734 ], [ -156.740033140098177, -60.348527610016816 ], [ -157.316968965305279, -60.004061244859436 ], [ -156.347681492487226, -59.442179448762445 ], [ -156.48723165896979, -57.807447619771601 ], [ -158.799150072317957, -57.601994029951975 ] ] } },
{ "type": "Feature", "properties": { "ConType": "Certain" }, "geometry": { "type": "LineString", "coordinates": [ [ -154.550080233472386, -55.769097588016038 ], [ -156.499470168066239, -56.637749993886821 ], [ -158.378426622516088, -55.99767062836451 ], [ -157.856714246452214, -54.633770072472693 ], [ -156.11131591613281, -54.489998284757313 ] ] } },
{ "type": "Feature", "properties": { "ConType": "Certain" }, "geometry": { "type": "LineString", "coordinates": [ [ -150.844971156524053, -53.639831510987186 ], [ -152.119221190228387, -54.077467940154044 ], [ -153.069524622960216, -53.174982673281768 ], [ -150.866415548087133, -53.163953328063585 ] ] } },
{ "type": "Feature", "properties": { "ConType": "Certain" }, "geometry": { "type": "LineString", "coordinates": [ [ -154.18385215693516, -51.946173690144967 ], [ -152.14533490091415, -51.858237651986194 ], [ -151.012825312770161, -49.97897298291398 ], [ -153.255228218414999, -48.984207639438708 ], [ -155.007221219085864, -50.460748617718679 ] ] } },
{ "type": "Feature", "properties": { "ConType": "Internal" }, "geometry": { "type": "LineString", "coordinates": [ [ -158.879307052532937, -48.56724487235838 ], [ -158.108495856769252, -48.471676676249935 ], [ -158.07548596221605, -49.230290143371299 ], [ -155.656317728036413, -48.914844921580034 ], [ -156.13442340228454, -49.564819882272481 ] ] } },
{ "type": "Feature", "properties": { "ConType": "Approx" }, "geometry": { "type": "LineString", "coordinates": [ [ -157.060486795913903, -46.581617645887775 ], [ -153.501393579286713, -46.563303779107486 ], [ -153.557987866395365, -47.466074581709776 ], [ -155.828114219094715, -48.021670466212782 ] ] } },
{ "type": "Feature", "properties": { "ConType": "Certain" }, "geometry": { "type": "LineString", "coordinates": [ [ -149.783568532809795, -48.247184580067234 ], [ -151.30841757664021, -48.306482354714454 ], [ -151.98550745334623, -48.742130576801394 ], [ -151.496850009734743, -48.991800250307215 ], [ -149.783568532809795, -48.247184580067234 ] ] } },
{ "type": "Feature", "properties": { "ConType": "Certain" }, "geometry": { "type": "LineString", "coordinates": [ [ -148.666411591833338, -46.5910797203613 ], [ -147.344881558394633, -46.47574957210648 ], [ -147.190522329136343, -47.270405527432892 ], [ -148.428833342753592, -47.714899160605619 ], [ -148.666411591833338, -46.5910797203613 ] ] } },
{ "type": "Feature", "properties": { "ConType": "Certain" }, "geometry": { "type": "LineString", "coordinates": [ [ -146.02872346102896, -65.406273124768973 ], [ -144.335058015699445, -66.212666018626962 ], [ -142.15299279617463, -65.588524631370262 ], [ -144.393734533139394, -64.714552002049786 ] ] } },
{ "type": "Feature", "properties": { "ConType": "Certain" }, "geometry": { "type": "LineString", "coordinates": [ [ -141.222409384206827, -64.089939416861441 ], [ -144.325902563016399, -63.92139906005675 ], [ -145.038294808524881, -63.36662921883886 ], [ -144.741982726438977, -62.549351891190284 ] ] } },
{ "type": "Feature", "properties": { "ConType": "Certain" }, "geometry": { "type": "LineString", "coordinates": [ [ -134.977659373034186, -60.520018903929333 ], [ -136.352365624715446, -60.728576873663542 ], [ -138.712922505758286, -60.027606776273785 ], [ -138.060423849665142, -58.852216191082547 ], [ -135.264458370452161, -58.355390405367189 ], [ -134.448197935711818, -59.898654924143159 ], [ -134.977659373034186, -60.520018903929333 ] ] } },
{ "type": "Feature", "properties": { "ConType": "Certain" }, "geometry": { "type": "LineString", "coordinates": [ [ -130.323219493343373, -56.351528795417664 ], [ -133.008706995909961, -55.412643800792324 ], [ -135.149141502392126, -55.643929661421183 ], [ -138.790428812519451, -57.162287291959679 ], [ -140.178315299709311, -59.450096515862285 ] ] } },
{ "type": "Feature", "properties": { "ConType": "Certain" }, "geometry": { "type": "LineString", "coordinates": [ [ -144.31134375952584, -53.29468245082051 ], [ -140.532441613253098, -53.119805093080494 ], [ -140.661893578325987, -51.761782594774871 ] ] } },
{ "type": "Feature", "properties": { "ConType": "Certain" }, "geometry": { "type": "LineString", "coordinates": [ [ -143.766201083377695, -54.765146270824026 ], [ -142.38165228475404, -54.277187770426387 ], [ -139.359168003894069, -55.498746083801286 ], [ -136.301011421495218, -54.6991692540361 ] ] } },
{ "type": "Feature", "properties": { "ConType": "Certain" }, "geometry": { "type": "LineString", "coordinates": [ [ -139.069081065051222, -50.007177663070919 ], [ -135.46741919812834, -48.3438623270508 ], [ -132.994208377061767, -48.965664236676979 ], [ -139.991707638588423, -50.619538831618172 ], [ -139.36196317984971, -50.188820641929006 ] ] } },
{ "type": "Feature", "properties": { "ConType": "Approx" }, "geometry": { "type": "LineString", "coordinates": [ [ -134.305918746913335, -47.24369623612202 ], [ -135.044929815497397, -47.07294014131147 ], [ -136.449478735859486, -48.686367226896188 ], [ -139.055497203299865, -49.867400001938051 ] ] } },
{ "type": "Feature", "properties": { "ConType": "Certain" }, "geometry": { "type": "LineString", "coordinates": [ [ -139.999999997331173, -45.70156742628054 ], [ -138.960641758246254, -44.824533374040051 ], [ -139.73073237070713, -45.146087221606798 ], [ -140.450244373662599, -44.364212320965279 ], [ -141.00370865334304, -45.154464801803137 ], [ -139.999999997331173, -45.70156742628054 ] ] } },
{ "type": "Feature", "properties": { "ConType": "Certain" }, "geometry": { "type": "LineString", "coordinates": [ [ -175.848817222167611, -38.535245345758163 ], [ -176.219006902495948, -37.641100403964167 ], [ -175.326211966536619, -36.838692254480058 ], [ -173.659120431699449, -37.097698429264263 ], [ -174.304375251048782, -38.86176452854987 ], [ -175.848817222167611, -38.535245345758163 ] ] } },
{ "type": "Feature", "properties": { "ConType": "Certain" }, "geometry": { "type": "LineString", "coordinates": [ [ -175.972311244022677, -33.8553214384388 ], [ -175.039151151084383, -33.027986947062132 ], [ -173.834028547913988, -33.608772396349892 ], [ -174.49741702638434, -34.333177539341811 ], [ -174.667472374090693, -33.460346983687863 ], [ -175.590687431411794, -34.31145119014937 ], [ -175.972311244022677, -33.8553214384388 ] ] } },
{ "type": "Feature", "properties": { "ConType": "Certain" }, "geometry": { "type": "LineString", "coordinates": [ [ -170.410042469604093, -45.832355203505884 ], [ -169.207780684871835, -44.835781181265489 ], [ -170.572465441706726, -43.277258731108972 ], [ -172.202197678044371, -43.921273298326696 ], [ -172.464689196582555, -45.228582732986958 ] ] } },
{ "type": "Feature", "properties": { "ConType": "Certain" }, "geometry": { "type": "LineString", "coordinates": [ [ -173.852211489188193, -43.113804214023261 ], [ -172.796513317573698, -42.818643136015474 ], [ -173.192334321259381, -43.437936747616 ], [ -172.074389456136515, -43.624453587638264 ], [ -173.023566370870782, -44.111216204352445 ], [ -173.852211489188193, -43.113804214023261 ] ] } },
{ "type": "Feature", "properties": { "ConType": "Certain" }, "geometry": { "type": "LineString", "coordinates": [ [ -167.210058729590912, -43.486184935218475 ], [ -169.021017302172197, -44.127718599140636 ], [ -170.83101699324493, -42.741276695065345 ], [ -171.186860013526939, -41.013914880907592 ] ] } },
{ "type": "Feature", "properties": { "ConType": "Certain" }, "geometry": { "type": "LineString", "coordinates": [ [ -179.719962331730187, -33.255697266120443 ], [ -179.163709257315105, -32.651260874902825 ], [ -178.079074853795959, -33.638104316720131 ], [ -178.81829450091476, -34.019159613657173 ], [ -179.719962331730187, -33.255697266120443 ] ] } },
{ "type": "Feature", "properties": { "ConType": "Certain" }, "geometry": { "type": "LineString", "coordinates": [ [ -177.891904368984342, -28.062955118649889 ], [ -177.064399315980125, -29.403235708740393 ], [ -178.176646083841916, -30.350076417250431 ], [ -178.397342672655213, -29.090635851949799 ], [ -179.301505752146738, -28.903273155528385 ] ] } },
{ "type": "Feature", "properties": { "ConType": "Certain" }, "geometry": { "type": "LineString", "coordinates": [ [ -177.407616914115749, -27.850480939184916 ], [ -175.083920227753424, -27.781311616842171 ], [ -175.287615815925648, -29.390538889470264 ], [ -176.530142570818555, -29.692689211642556 ] ] } },
{ "type": "Feature", "properties": { "ConType": "Certain" }, "geometry": { "type": "LineString", "coordinates": [ [ -176.498410077985824, -22.623789597921451 ], [ -175.572802165027525, -21.718966878260861 ], [ -173.928424746221935, -22.464371452090496 ], [ -175.763205950204309, -23.078853778065952 ], [ -176.498410077985824, -22.623789597921451 ] ] } },
{ "type": "Feature", "properties": { "ConType": "Approx" }, "geometry": { "type": "LineString", "coordinates": [ [ -170.442067390545105, -33.056442074478156 ], [ -170.046311323615157, -31.865415647819272 ], [ -167.690492672286041, -31.140629399183076 ] ] } },
{ "type": "Feature", "properties": { "ConType": "Approx" }, "geometry": { "type": "LineString", "coordinates": [ [ -167.690492672286041, -31.140629399183076 ], [ -169.861109130538011, -31.597705052306221 ], [ -170.069452542846705, -31.000605690041148 ], [ -170.8158510734647, -32.138164578406219 ], [ -171.115918436494383, -31.448693510481299 ], [ -172.068226096963286, -31.773112974768637 ] ] } },
{ "type": "Feature", "properties": { "ConType": "Certain" }, "geometry": { "type": "LineString", "coordinates": [ [ -174.262250334701037, -28.013606999821697 ], [ -172.819719443880899, -26.587361552169678 ], [ -170.288254944533662, -27.356182357717383 ] ] } },
{ "type": "Feature", "properties": { "ConType": "Certain" }, "geometry": { "type": "LineString", "coordinates": [ [ -169.680197845232527, -21.783600342986418 ], [ -171.299665526511262, -21.953359301940385 ], [ -171.58817707875167, -23.447622045542566 ], [ -169.94227068971847, -24.448591673747874 ], [ -168.698361287479031, -24.153731182577367 ] ] } },
{ "type": "Feature", "properties": { "ConType": "Certain" }, "geometry": { "type": "LineString", "coordinates": [ [ -161.782605315045743, -40.859670625751832 ], [ -162.442287214314661, -41.398761332133063 ], [ -163.240855751804332, -40.763586002540819 ], [ -164.638632326857334, -41.848427991960357 ], [ -164.247222432040871, -42.219213150682322 ] ] } },
{ "type": "Feature", "properties": { "ConType": "Certain" }, "geometry": { "type": "LineString", "coordinates": [ [ -165.064503367470138, -40.176657241336848 ], [ -165.640719057873724, -43.400551822001148 ], [ -167.210058729590912, -43.486184935218475 ] ] } },
{ "type": "Feature", "properties": { "ConType": "Certain" }, "geometry": { "type": "LineString", "coordinates": [ [ -169.764107913361897, -40.4451708417837 ], [ -168.34150153258264, -39.702887892005357 ], [ -167.27407476584176, -41.146361185284356 ], [ -168.978873222374801, -41.854975137880018 ], [ -170.136736522732207, -40.847120017238048 ], [ -169.764107913361897, -40.4451708417837 ] ] } },
{ "type": "Feature", "properties": { "ConType": "Certain" }, "geometry": { "type": "LineString", "coordinates": [ [ -168.831091026894455, -34.880967914338477 ], [ -169.479981391078297, -35.059596737480859 ], [ -169.205885943717021, -36.314075624804111 ], [ -167.389492846332388, -37.307310497557943 ], [ -165.140156742440695, -37.603126813186975 ], [ -164.103398875639698, -36.981145240036682 ] ] } },
{ "type": "Feature", "properties": { "ConType": "Certain" }, "geometry": { "type": "LineString", "coordinates": [ [ -163.468639674206912, -36.104476919149924 ], [ -163.054450274806044, -35.526804024994753 ], [ -164.57029255994459, -33.360425993506411 ], [ -166.958008616622095, -32.798339553136486 ], [ -168.438670874320479, -33.802237996883534 ] ] } },
{ "type": "Feature", "properties": { "ConType": "Certain" }, "geometry": { "type": "LineString", "coordinates": [ [ -158.956495109500906, -42.886960510943481 ], [ -160.252512734542165, -43.665830090645024 ], [ -160.831127968498208, -45.325157664814668 ], [ -159.577007827812395, -46.304028913697536 ], [ -158.313828252857036, -45.920438613242588 ] ] } },
{ "type": "Feature", "properties": { "ConType": "Certain" }, "geometry": { "type": "LineString", "coordinates": [ [ -163.026419249602327, -42.478388129372696 ], [ -161.929378037642238, -42.83376881947671 ], [ -161.699602227827654, -41.684860136475301 ], [ -161.155081148558992, -42.696195921309176 ], [ -159.724198175764343, -42.802320140928302 ] ] } },
{ "type": "Feature", "properties": { "ConType": "Certain" }, "geometry": { "type": "LineString", "coordinates": [ [ -159.706024412235848, -35.485484732024993 ], [ -158.849274272933656, -34.853801876005718 ], [ -158.450989049465051, -35.690402526829466 ], [ -159.188867406804491, -36.186343413626176 ], [ -158.539119930868935, -36.934709741310307 ], [ -159.586764945540523, -37.33902152178679 ], [ -158.947947063312967, -37.919549565481475 ], [ -159.511389402665856, -38.412886165519126 ] ] } },
{ "type": "Feature", "properties": { "ConType": "Certain" }, "geometry": { "type": "LineString", "coordinates": [ [ -162.266552332599332, -33.44484384193656 ], [ -164.09779739369182, -31.466173544599751 ], [ -167.690492672286041, -31.140629399183076 ] ] } },
{ "type": "Feature", "properties": { "ConType": "Certain" }, "geometry": { "type": "LineString", "coordinates": [ [ -164.865701107308354, -30.063412381831796 ], [ -164.308653331791191, -29.719250399266421 ], [ -164.429070546542363, -30.418692713632474 ], [ -165.851411471826481, -30.327177100707658 ], [ -164.865701107308354, -30.063412381831796 ] ] } },
{ "type": "Feature", "properties": { "ConType": "Certain" }, "geometry": { "type": "LineString", "coordinates": [ [ -164.326237440820734, -23.231426110452922 ], [ -165.066648259083081, -23.998414420606064 ], [ -164.361469982246945, -25.529016842528311 ], [ -162.821421826393788, -24.447108087687273 ] ] } },
{ "type": "Feature", "properties": { "ConType": "Certain" }, "geometry": { "type": "LineString", "coordinates": [ [ -166.97620962648017, -25.203011349674618 ], [ -168.136026860000356, -23.337702991302923 ], [ -166.273642993769499, -22.51136956674689 ], [ -166.035233939397926, -23.059612220261862 ], [ -165.810948314463047, -22.345723764757945 ] ] } },
{ "type": "Feature", "properties": { "ConType": "Certain" }, "geometry": { "type": "LineString", "coordinates": [ [ -159.360835633503029, -28.475538363080439 ], [ -161.478197795069036, -30.363198898586898 ], [ -161.327282113391703, -32.633987892442981 ], [ -162.266552332599332, -33.44484384193656 ] ] } },
{ "type": "Feature", "properties": { "ConType": "Certain" }, "geometry": { "type": "LineString", "coordinates": [ [ -157.957020246859656, -24.661436244341889 ], [ -157.541364627553094, -23.895252212068961 ], [ -158.244392492278166, -23.537416549181305 ], [ -160.743478198178536, -24.987976912226468 ] ] } },
{ "type": "Feature", "properties": { "ConType": "Certain" }, "geometry": { "type": "LineString", "coordinates": [ [ -179.999983509510002, -22.118392015344462 ], [ -178.347295768907031, -21.668705298366767 ], [ -178.506752152597045, -18.597653350036023 ], [ -179.423102216535597, -19.272514409706485 ] ] } },
{ "type": "Feature", "properties": { "ConType": "Certain" }, "geometry": { "type": "LineString", "coordinates": [ [ -177.959833327070726, -20.882343538651394 ], [ -177.443203628146534, -18.476292611577879 ], [ -176.410395809685355, -18.077348232715117 ], [ -175.448964124458968, -19.505438436939794 ] ] } },
{ "type": "Feature", "properties": { "ConType": "Certain" }, "geometry": { "type": "LineString", "coordinates": [ [ -177.774579744553449, -13.78084356625711 ], [ -177.646842883493576, -15.121293712149585 ], [ -175.874900784469816, -15.437783323810608 ], [ -175.539531616559458, -14.440446061371588 ], [ -176.360375189312464, -13.458403121410567 ], [ -176.504523663635382, -15.138969440342644 ], [ -177.454864259147229, -14.513880506076843 ], [ -177.372052714087857, -13.457103706951132 ], [ -177.774579744553449, -13.78084356625711 ] ] } },
{ "type": "Feature", "properties": { "ConType": "Certain" }, "geometry": { "type": "LineString", "coordinates": [ [ -172.732872256378045, -20.175323941538345 ], [ -171.651331564427323, -18.951938425719618 ], [ -170.707036676181843, -19.254393710894711 ], [ -170.280931917991637, -20.602415002349556 ], [ -171.556083349451058, -21.398235842146381 ] ] } },
{ "type": "Feature", "properties": { "ConType": "Certain" }, "geometry": { "type": "LineString", "coordinates": [ [ -168.63052254369822, -18.70771146872406 ], [ -169.048582498244116, -17.4535064198746 ], [ -170.544638813441793, -17.839186397067557 ], [ -168.836622467109805, -16.680571121757474 ] ] } },
{ "type": "Feature", "properties": { "ConType": "Certain" }, "geometry": { "type": "LineString", "coordinates": [ [ -169.777539427172286, -16.121965470895422 ], [ -171.088112162180835, -16.900509944701284 ], [ -172.072159666253327, -15.501339737367903 ], [ -170.753302243158345, -14.60442386166242 ], [ -169.726323869581307, -15.696641131084716 ] ] } },
{ "type": "Feature", "properties": { "ConType": "Certain" }, "geometry": { "type": "LineString", "coordinates": [ [ -176.742581210015601, -7.298317415602903 ], [ -177.314675621000731, -8.027251586491779 ], [ -176.520525539853281, -10.41448115668959 ], [ -174.985620479925217, -10.223970516565881 ] ] } },
{ "type": "Feature", "properties": { "ConType": "Certain" }, "geometry": { "type": "LineString", "coordinates": [ [ -178.111292586544295, -3.435575829939703 ], [ -177.539236822344009, -2.704604911820209 ], [ -177.980733230647814, -1.43274855160463 ], [ -179.999983509510002, -0.30605391456377 ] ] } },
{ "type": "Feature", "properties": { "ConType": "Certain" }, "geometry": { "type": "LineString", "coordinates": [ [ -167.253598608315798, -10.443205518866481 ], [ -168.328549652447151, -11.133557861440355 ], [ -170.550438268236206, -10.117022654451777 ], [ -170.584130828118589, -9.067618098065504 ] ] } },
{ "type": "Feature", "properties": { "ConType": "Certain" }, "geometry": { "type": "LineString", "coordinates": [ [ -173.54389807496355, -5.82630542564643 ], [ -174.093861916911521, -5.333775913204899 ], [ -173.499915069083755, -6.235795690617644 ], [ -172.824722763035226, -6.378950310383631 ], [ -172.288285256213896, -5.423749941860616 ], [ -173.54389807496355, -5.82630542564643 ] ] } },
{ "type": "Feature", "properties": { "ConType": "Certain" }, "geometry": { "type": "LineString", "coordinates": [ [ -174.845565679232152, -6.756657306470663 ], [ -175.613121581678342, -5.465117227548186 ], [ -174.895711918969198, -4.012903551155434 ], [ -173.612107816666509, -3.162660222520248 ], [ -172.488428113619477, -3.465067211580965 ] ] } },
{ "type": "Feature", "properties": { "ConType": "Internal" }, "geometry": { "type": "LineString", "coordinates": [ [ -173.938000218454988, -0.78795963393845 ], [ -172.405280302947745, -1.872824556180051 ], [ -175.205059908844675, -3.653522257612049 ] ] } },
{ "type": "Feature", "properties": { "ConType": "Certain" }, "geometry": { "type": "LineString", "coordinates": [ [ -168.417689310901494, -21.639014116904082 ], [ -167.370086560688833, -21.250925698724942 ], [ -167.323963857213244, -22.775377180945892 ], [ -167.963267948906264, -22.121483764728641 ] ] } },
{ "type": "Feature", "properties": { "ConType": "Internal" }, "geometry": { "type": "LineString", "coordinates": [ [ -165.566873533923399, -18.031652754457667 ], [ -166.808988609373756, -18.025490133989074 ], [ -165.671988590650841, -20.576685375211163 ], [ -166.396732614401515, -20.966844418803454 ], [ -166.688308033223251, -20.021130884550946 ] ] } },
{ "type": "Feature", "properties": { "ConType": "Certain" }, "geometry": { "type": "LineString", "coordinates": [ [ -169.055450176026682, -15.319898784338564 ], [ -166.961938360477347, -14.703034976798909 ], [ -166.776259693006722, -15.44009815376897 ], [ -164.754017096385127, -15.632458018968915 ], [ -163.86422530812311, -14.952977977621282 ], [ -162.087697587851835, -15.858889307199254 ], [ -159.482034081187521, -15.856634088067999 ] ] } },
{ "type": "Feature", "properties": { "ConType": "Approx" }, "geometry": { "type": "LineString", "coordinates": [ [ -165.83733663200735, -12.167730199303959 ], [ -166.982592351254738, -13.102725016941926 ], [ -165.610954160941986, -13.279140977750128 ], [ -166.412661438005898, -14.673144925491181 ], [ -164.982890479534518, -13.908345548917998 ], [ -163.639063398093413, -14.730801905196421 ], [ -161.569726994882956, -13.539638676372151 ] ] } },
{ "type": "Feature", "properties": { "ConType": "Certain" }, "geometry": { "type": "LineString", "coordinates": [ [ -165.810948314463047, -22.345723764757945 ], [ -166.401618898335414, -21.615105693532016 ], [ -164.849194735387073, -20.625815365108767 ], [ -164.106836899424707, -21.321753432796484 ], [ -162.642219544192415, -21.008283837021548 ], [ -162.447986231658803, -21.698200264704251 ], [ -160.631184544859536, -20.383740531776564 ], [ -159.961255486366667, -21.405152772401983 ], [ -158.750529660015957, -20.984734051459881 ] ] } },
{ "type": "Feature", "properties": { "ConType": "Certain" }, "geometry": { "type": "LineString", "coordinates": [ [ -159.686793374377487, -17.168874617013984 ], [ -161.129089264780447, -17.609154609602371 ], [ -162.375624386107177, -16.778941593960447 ], [ -163.194903392302194, -17.8571230331052 ], [ -166.352667731025832, -16.878450581516024 ] ] } },
{ "type": "Feature", "properties": { "ConType": "Certain" }, "geometry": { "type": "LineString", "coordinates": [ [ -168.766149232123922, -4.320938826589934 ], [ -169.076703572863948, -4.855566675202907 ], [ -167.661809664378438, -5.157693837005699 ], [ -167.294264794035769, -4.335113332176815 ], [ -168.357254501608764, -4.17837267741675 ] ] } },
{ "type": "Feature", "properties": { "ConType": "Certain" }, "geometry": { "type": "LineString", "coordinates": [ [ -166.414388585542952, -4.097098792258032 ], [ -165.985865486405089, -6.445984258531426 ], [ -163.175085199668644, -8.837724999100804 ] ] } },
{ "type": "Feature", "properties": { "ConType": "Certain" }, "geometry": { "type": "LineString", "coordinates": [ [ -164.47548626183476, -4.247385915424037 ], [ -164.375141182632177, -5.172830535080934 ], [ -164.792238482999323, -5.988172865469 ], [ -165.099632203337592, -4.790579832639795 ], [ -164.47548626183476, -4.247385915424037 ] ] } },
{ "type": "Feature", "properties": { "ConType": "Certain" }, "geometry": { "type": "LineString", "coordinates": [ [ -162.595984607076645, -7.87737812803712 ], [ -163.739851195525119, -4.328952822292946 ], [ -163.067895075406824, -3.597966935510896 ] ] } },
{ "type": "Feature", "properties": { "ConType": "Certain" }, "geometry": { "type": "LineString", "coordinates": [ [ -164.8200792422885, -2.833170411524861 ], [ -164.231099266455232, -0.683440817393825 ], [ -162.602743972289687, 1.225664990185276 ] ] } },
{ "type": "Feature", "properties": { "ConType": "Certain" }, "geometry": { "type": "LineString", "coordinates": [ [ -161.620274512837312, -8.747848040853169 ], [ -161.022028977754417, -9.612745195460239 ], [ -160.524249979429158, -9.099908075469196 ], [ -159.234781287709012, -10.285937161864542 ], [ -158.50196617693868, -10.001251789725551 ] ] } },
{ "type": "Feature", "properties": { "ConType": "Certain" }, "geometry": { "type": "LineString", "coordinates": [ [ -160.358477492890302, -5.503052666208822 ], [ -159.807698315576857, -4.426513984190279 ], [ -158.041385719810933, -6.269765281233187 ] ] } },
{ "type": "Feature", "properties": { "ConType": "Certain" }, "geometry": { "type": "LineString", "coordinates": [ [ -161.620274512837312, -8.747848040853169 ], [ -160.745333771497883, -7.581968225282231 ], [ -161.428883013585988, -6.914288496070133 ], [ -160.515303016240551, -6.609004717380971 ], [ -160.669259377747409, -5.923069366931206 ], [ -163.149217790921654, -5.102234510233536 ], [ -162.164901949086783, -4.065549884020039 ] ] } },
{ "type": "Feature", "properties": { "ConType": "Certain" }, "geometry": { "type": "LineString", "coordinates": [ [ -151.056055054261918, -42.430330860646897 ], [ -151.157304756456909, -43.547097359939499 ], [ -155.137592574648579, -42.216529064034191 ], [ -156.070046208712768, -43.312216642592126 ] ] } },
{ "type": "Feature", "properties": { "ConType": "Certain" }, "geometry": { "type": "LineString", "coordinates": [ [ -156.070046208712768, -43.312216642592126 ], [ -156.247955751178921, -42.429534652455445 ], [ -157.168134201439415, -42.947977465670441 ], [ -157.603473572430801, -41.953080609682722 ], [ -158.499206003711464, -42.773929821654264 ], [ -158.513240063076523, -41.505029025343951 ] ] } },
{ "type": "Feature", "properties": { "ConType": "Certain" }, "geometry": { "type": "LineString", "coordinates": [ [ -156.579839466508247, -41.003702371548691 ], [ -152.03450139956982, -40.94486013363494 ] ] } },
{ "type": "Feature", "properties": { "ConType": "Approx" }, "geometry": { "type": "LineString", "coordinates": [ [ -156.469506005554791, -39.326218429685539 ], [ -154.514654517482057, -40.478164811315615 ], [ -150.02297806699562, -39.559866120356212 ], [ -149.6133666577594, -40.449952256039445 ], [ -150.37307641205004, -40.835037153871191 ] ] } },
{ "type": "Feature", "properties": { "ConType": "Certain" }, "geometry": { "type": "LineString", "coordinates": [ [ -155.44000473793966, -35.071619587690371 ], [ -154.296144362524956, -35.564026669729323 ], [ -154.122081317835892, -37.17767038045303 ], [ -155.06894874502936, -37.51080991347623 ] ] } },
{ "type": "Feature", "properties": { "ConType": "Certain" }, "geometry": { "type": "LineString", "coordinates": [ [ -152.110481014875262, -37.917152379847856 ], [ -153.83870896023663, -37.379121378266753 ], [ -153.191217722449011, -37.088257764034473 ], [ -153.824841594193032, -36.948259955724374 ], [ -154.105609773860238, -35.11349894410175 ], [ -152.205579840026985, -34.186744492271139 ] ] } },
{ "type": "Feature", "properties": { "ConType": "Certain" }, "geometry": { "type": "LineString", "coordinates": [ [ -149.396219989996865, -44.619476260857468 ], [ -146.061055409388445, -44.949488731775929 ], [ -145.543580177248401, -43.946747224828727 ] ] } },
{ "type": "Feature", "properties": { "ConType": "Certain" }, "geometry": { "type": "LineString", "coordinates": [ [ -148.55645619266528, -40.161202253894999 ], [ -149.490935371372132, -39.18955974118191 ], [ -149.137433358894555, -38.016772347883915 ], [ -147.396077850304465, -38.219696876800732 ], [ -147.324719307474169, -39.880781799655622 ] ] } },
{ "type": "Feature", "properties": { "ConType": "Certain" }, "geometry": { "type": "LineString", "coordinates": [ [ -158.288570608523969, -32.462774753809555 ], [ -155.561556504101532, -31.163981699970925 ], [ -154.450484082065714, -32.144375316908587 ] ] } },
{ "type": "Feature", "properties": { "ConType": "Certain" }, "geometry": { "type": "LineString", "coordinates": [ [ -155.687257656734175, -26.248565338812654 ], [ -157.224288181002436, -27.024417804682106 ], [ -156.692194616989468, -28.151277281687229 ], [ -155.387797977213779, -28.048150468315395 ], [ -155.026285029381029, -27.088558579787588 ] ] } },
{ "type": "Feature", "properties": { "ConType": "Certain" }, "geometry": { "type": "LineString", "coordinates": [ [ -155.439441518514315, -24.16395751626618 ], [ -155.637121452167918, -25.147163490638192 ], [ -154.32782214834225, -25.16820236632562 ], [ -155.108324809458196, -24.621035303058552 ], [ -154.324319009720909, -23.998520147709275 ], [ -155.439441518514315, -24.16395751626618 ] ] } },
{ "type": "Feature", "properties": { "ConType": "Certain" }, "geometry": { "type": "LineString", "coordinates": [ [ -150.202124830925555, -32.395133712456598 ], [ -153.062550423307414, -32.848728773939179 ], [ -152.205579840026985, -34.186744492271139 ] ] } },
{ "type": "Feature", "properties": { "ConType": "Certain" }, "geometry": { "type": "LineString", "coordinates": [ [ -148.840214797161281, -31.501039325762175 ], [ -149.353894690119091, -30.530048785859595 ], [ -151.649324335141671, -31.409181273764677 ], [ -151.411357850598677, -32.402238313267091 ], [ -150.310791493873751, -32.147583616738224 ] ] } },
{ "type": "Feature", "properties": { "ConType": "Approx" }, "geometry": { "type": "LineString", "coordinates": [ [ -152.858002679959753, -30.593458827068922 ], [ -148.191887757932022, -30.477933044099697 ] ] } },
{ "type": "Feature", "properties": { "ConType": "Approx" }, "geometry": { "type": "LineString", "coordinates": [ [ -148.191887757932022, -30.477933044099697 ], [ -148.321727810067699, -29.330808791223685 ], [ -151.195558167896451, -30.107145567032337 ], [ -152.675444871453493, -29.112031281245216 ] ] } },
{ "type": "Feature", "properties": { "ConType": "Certain" }, "geometry": { "type": "LineString", "coordinates": [ [ -150.75305977598677, -28.225589393260666 ], [ -150.876568535659231, -27.793702543133108 ], [ -150.88103985555307, -28.95220195393776 ], [ -149.707470906138468, -28.58237656382952 ], [ -150.75305977598677, -28.225589393260666 ] ] } },
{ "type": "Feature", "properties": { "ConType": "Certain" }, "geometry": { "type": "LineString", "coordinates": [ [ -146.616197643493081, -29.967799358882626 ], [ -147.272230803475196, -28.138284541950714 ], [ -146.579633728737917, -27.732133413274923 ], [ -145.84856287113422, -29.018492936691406 ], [ -146.422897849175769, -30.408216750536159 ] ] } },
{ "type": "Feature", "properties": { "ConType": "Certain" }, "geometry": { "type": "LineString", "coordinates": [ [ -151.224732430886036, -27.141767749534047 ], [ -151.842508769515206, -28.629479445932624 ], [ -150.289651890530649, -29.714031437714137 ], [ -148.866796958720755, -28.765634806150075 ], [ -149.632560038169515, -27.025874569827849 ] ] } },
{ "type": "Feature", "properties": { "ConType": "Certain" }, "geometry": { "type": "LineString", "coordinates": [ [ -145.518541430230698, -25.58849473579447 ], [ -148.818133487192739, -25.04201006743795 ], [ -146.974760897484316, -24.520800640414567 ], [ -145.668513690432491, -25.185567871543036 ] ] } },
{ "type": "Feature", "properties": { "ConType": "Certain" }, "geometry": { "type": "LineString", "coordinates": [ [ -150.642374440987396, -25.574773230941609 ], [ -151.397225421496813, -25.990990285569865 ], [ -152.090973309040493, -24.881268542117642 ], [ -152.010351238398385, -23.648773670105214 ], [ -151.121063411597959, -24.835472827575025 ], [ -151.866661951460998, -23.012013288092064 ] ] } },
{ "type": "Feature", "properties": { "ConType": "Certain" }, "geometry": { "type": "LineString", "coordinates": [ [ -142.409577906037782, -40.624259640483039 ], [ -140.643404546205261, -36.780467943007075 ], [ -140.759632771342041, -33.764596183428417 ] ] } },
{ "type": "Feature", "properties": { "ConType": "Approx" }, "geometry": { "type": "LineString", "coordinates": [ [ -146.562942139816499, -32.508659043656756 ], [ -144.547067454302919, -32.274844095742772 ], [ -144.766593222626284, -34.928852349260396 ], [ -144.031787118144678, -35.076543677473047 ], [ -144.112637705751496, -32.046474568525724 ], [ -145.152402994183831, -31.882127636861103 ] ] } },
{ "type": "Feature", "properties": { "ConType": "Certain" }, "geometry": { "type": "LineString", "coordinates": [ [ -143.45903266466027, -37.0694457893674 ], [ -143.758409787340298, -36.028163317004001 ], [ -142.720850389717015, -34.84240837577677 ], [ -143.810047494852739, -34.090663720877231 ], [ -143.449377662956778, -33.494075792862773 ], [ -144.203358488960504, -32.634196606187061 ], [ -143.624410359732025, -31.761466797975501 ], [ -145.152402994183831, -31.882127636861103 ] ] } },
{ "type": "Feature", "properties": { "ConType": "Certain" }, "geometry": { "type": "LineString", "coordinates": [ [ -138.059260782276226, -41.852551302816551 ], [ -138.911775617820666, -41.205724562840629 ], [ -140.946597272978551, -41.717951525980887 ], [ -141.567131034479161, -42.872988568724899 ], [ -140.916423493128974, -43.529830884016604 ] ] } },
{ "type": "Feature", "properties": { "ConType": "Certain" }, "geometry": { "type": "LineString", "coordinates": [ [ -138.35494293397079, -36.190317483058294 ], [ -137.046434265073799, -35.772119776583857 ], [ -138.222464321158895, -37.22610236041097 ], [ -139.408409640425475, -37.404243958369022 ], [ -139.066172029645656, -36.695616540902414 ] ] } },
{ "type": "Feature", "properties": { "ConType": "Certain" }, "geometry": { "type": "LineString", "coordinates": [ [ -140.759632771342041, -33.764596183428417 ], [ -138.911788320902446, -32.194166800332447 ], [ -139.963778277612334, -31.439521832678221 ], [ -141.376100098946893, -31.654657472663587 ] ] } },
{ "type": "Feature", "properties": { "ConType": "Certain" }, "geometry": { "type": "LineString", "coordinates": [ [ -136.907278857080399, -31.544657813874448 ], [ -137.90919519465649, -31.188493381219974 ], [ -137.599094675799847, -29.872688292339561 ], [ -136.391782875226397, -29.662189966438323 ], [ -136.179290775578039, -31.199477378546824 ] ] } },
{ "type": "Feature", "properties": { "ConType": "Certain" }, "geometry": { "type": "LineString", "coordinates": [ [ -140.282771659435241, -29.276563980640681 ], [ -140.572992907315239, -27.547879433360144 ], [ -139.400935687289348, -26.789119389427917 ], [ -138.081894095890988, -27.096055828502521 ], [ -137.790736150726445, -28.413821508780934 ] ] } },
{ "type": "Feature", "properties": { "ConType": "Certain" }, "geometry": { "type": "LineString", "coordinates": [ [ -136.096559917512906, -27.338305131341752 ], [ -137.597253315949473, -27.549837554714461 ], [ -138.369256876656152, -26.589773841675186 ], [ -137.044562944813805, -25.159290465225645 ], [ -135.991863630473631, -26.424592107798869 ] ] } },
{ "type": "Feature", "properties": { "ConType": "Certain" }, "geometry": { "type": "LineString", "coordinates": [ [ -156.153970404568582, -21.496509758396307 ], [ -155.906837924312299, -20.062537545834648 ], [ -154.218694777728047, -19.714694696925712 ], [ -153.725070003729513, -21.288135122624922 ], [ -154.565612049495712, -22.256048093634405 ] ] } },
{ "type": "Feature", "properties": { "ConType": "Certain" }, "geometry": { "type": "LineString", "coordinates": [ [ -154.566942123495977, -15.98848762153559 ], [ -156.239424414885889, -15.760669583509747 ], [ -155.284976990865403, -13.557658898160199 ] ] } },
{ "type": "Feature", "properties": { "ConType": "Certain" }, "geometry": { "type": "LineString", "coordinates": [ [ -155.037088733306149, -11.995857390821367 ], [ -157.329975463415877, -12.508120095394718 ], [ -157.455483969130682, -14.586288190890308 ] ] } },
{ "type": "Feature", "properties": { "ConType": "Certain" }, "geometry": { "type": "LineString", "coordinates": [ [ -152.90145441209259, -10.72546135736326 ], [ -155.023275642267691, -11.695709086867739 ], [ -158.045998551112348, -11.507439983350302 ] ] } },
{ "type": "Feature", "properties": { "ConType": "Certain" }, "geometry": { "type": "LineString", "coordinates": [ [ -148.807909600463091, -18.581830622887189 ], [ -148.15758058258865, -18.447786355247064 ], [ -148.015914340570106, -19.571734267442711 ], [ -150.039927655112081, -19.935966578368497 ], [ -148.87490837439745, -18.714425650935201 ] ] } },
{ "type": "Feature", "properties": { "ConType": "Certain" }, "geometry": { "type": "LineString", "coordinates": [ [ -147.654343786965711, -16.749992804076697 ], [ -147.981110336881926, -17.712257553580169 ], [ -147.105983672815597, -18.472564692386268 ], [ -145.575378249905725, -17.560962138138656 ], [ -146.294780786065672, -16.236690811312599 ], [ -147.654343786965711, -16.749992804076697 ] ] } },
{ "type": "Feature", "properties": { "ConType": "Certain" }, "geometry": { "type": "LineString", "coordinates": [ [ -148.742196152835191, -17.174935695273106 ], [ -148.494093093814087, -12.623097314311245 ], [ -149.148058668944174, -11.656248562774506 ] ] } },
{ "type": "Feature", "properties": { "ConType": "Certain" }, "geometry": { "type": "LineString", "coordinates": [ [ -147.826683479872401, -11.417827092228743 ], [ -145.20018344323492, -12.319892764965736 ], [ -144.821819831050988, -13.199710721320352 ], [ -146.225831746109492, -13.145159021826007 ] ] } },
{ "type": "Feature", "properties": { "ConType": "Certain" }, "geometry": { "type": "LineString", "coordinates": [ [ -152.413522158794592, -16.508355452085258 ], [ -150.016203805671381, -16.023898286418614 ], [ -149.663416908763054, -13.234253428024882 ], [ -152.918109382369181, -11.20728838160805 ] ] } },
{ "type": "Feature", "properties": { "ConType": "Certain" }, "geometry": { "type": "LineString", "coordinates": [ [ -156.306850410740594, -9.089363610707622 ], [ -157.28713161595752, -9.632312446166395 ], [ -158.610210680072015, -8.60653482380881 ], [ -157.406610276769158, -7.285796602609311 ], [ -156.3871048208226, -8.491895169833382 ] ] } },
{ "type": "Feature", "properties": { "ConType": "Certain" }, "geometry": { "type": "LineString", "coordinates": [ [ -154.573813639904472, -2.519797599250384 ], [ -154.736013533095814, -3.8660416563546 ], [ -154.104057171679386, -4.301597655782739 ], [ -154.638047330204358, -5.185744612665454 ] ] } },
{ "type": "Feature", "properties": { "ConType": "Certain" }, "geometry": { "type": "LineString", "coordinates": [ [ -147.810792613815096, -4.100763087213763 ], [ -146.844909425106664, -3.863989383135142 ], [ -146.039789187451248, -5.144312822232453 ], [ -147.015051554120589, -6.219360148600388 ], [ -147.783059441581912, -5.927871999158941 ] ] } },
{ "type": "Feature", "properties": { "ConType": "Certain" }, "geometry": { "type": "LineString", "coordinates": [ [ -142.371940356623355, -20.511920655200679 ], [ -143.531585834716566, -19.825026436433479 ], [ -141.97036606058839, -19.488561073691962 ], [ -141.08105856577663, -20.112500837450128 ], [ -142.371940356623355, -20.511920655200679 ] ] } },
{ "type": "Feature", "properties": { "ConType": "Internal" }, "geometry": { "type": "LineString", "coordinates": [ [ -146.225831746109492, -13.145159021826007 ], [ -148.111962945333829, -13.263755481310117 ], [ -148.402498920968725, -13.95498937224939 ], [ -146.916065981681697, -15.09964776634153 ], [ -143.750929222137984, -14.28176134702789 ] ] } },
{ "type": "Feature", "properties": { "ConType": "Certain" }, "geometry": { "type": "LineString", "coordinates": [ [ -137.408916733081242, -22.287247874884383 ], [ -138.121430643905342, -21.127347461241804 ], [ -136.380223789732952, -21.373867519066501 ], [ -136.926800275120257, -22.473137548062148 ], [ -137.408916733081242, -22.287247874884383 ] ] } },
{ "type": "Feature", "properties": { "ConType": "Certain" }, "geometry": { "type": "LineString", "coordinates": [ [ -139.999999997331173, -15.855966899260794 ], [ -139.667380152923528, -17.239410176907015 ], [ -140.645041845491306, -17.369648905304732 ], [ -141.105560360255367, -16.322557998268518 ], [ -139.999999997331173, -15.855966899260794 ] ] } },
{ "type": "Feature", "properties": { "ConType": "Certain" }, "geometry": { "type": "LineString", "coordinates": [ [ -134.934039341556826, -16.482314803906391 ], [ -137.123006051090954, -14.492476947732468 ], [ -136.783390056949401, -16.082077764455288 ], [ -135.50510998704226, -16.860649102047251 ] ] } },
{ "type": "Feature", "properties": { "ConType": "Certain" }, "geometry": { "type": "LineString", "coordinates": [ [ -137.623318113834415, -12.056919455998894 ], [ -137.624575405639803, -11.762564825816213 ], [ -137.053997119995586, -11.380032192128018 ], [ -136.108237423297936, -12.419211737238715 ], [ -137.623318113834415, -12.056919455998894 ] ] } },
{ "type": "Feature", "properties": { "ConType": "Certain" }, "geometry": { "type": "LineString", "coordinates": [ [ -144.090529027435196, -10.707365388668348 ], [ -144.915702751644517, -9.662343919841373 ], [ -145.867789687823176, -10.793786234760377 ], [ -145.046042283547052, -11.697870863158393 ], [ -144.10797234727292, -10.930285442206264 ] ] } },
{ "type": "Feature", "properties": { "ConType": "Approx" }, "geometry": { "type": "LineString", "coordinates": [ [ -141.317434625801013, -7.950773991913267 ], [ -142.009324311687806, -8.312287137613355 ], [ -141.958993217707388, -9.558217958961889 ], [ -140.831140733677017, -9.132415756388747 ], [ -139.770811408247539, -10.382371083548575 ] ] } },
{ "type": "Feature", "properties": { "ConType": "Certain" }, "geometry": { "type": "LineString", "coordinates": [ [ -146.48332614203818, -9.165022539154156 ], [ -146.052951337887038, -7.717119985977396 ], [ -146.607286804281046, -7.232254178131484 ], [ -147.788580750990576, -8.44833790846466 ], [ -148.225689764823187, -8.216961668640833 ], [ -146.477265987159853, -6.794887699345611 ], [ -145.758093517925289, -7.338279464091942 ], [ -145.888573337755815, -8.840028168078616 ], [ -145.103414172723745, -9.372323533670716 ], [ -145.567161779874738, -7.91798323541402 ], [ -143.106474607899969, -8.401718927374958 ], [ -144.708421606517675, -9.596491242875642 ], [ -146.347668332381204, -9.264298584112655 ] ] } },
{ "type": "Feature", "properties": { "ConType": "Certain" }, "geometry": { "type": "LineString", "coordinates": [ [ -141.90263957683004, -7.660178415344587 ], [ -143.697201913736649, -8.128606178151678 ], [ -144.194047730220063, -7.507022555749954 ], [ -143.030373693333388, -6.00038263103981 ], [ -142.210443575050732, -6.559767681264697 ] ] } },
{ "type": "Feature", "properties": { "ConType": "Internal" }, "geometry": { "type": "LineString", "coordinates": [ [ -143.277532137079476, -4.803266887157813 ], [ -147.419366625790076, -6.963868601136704 ], [ -147.783059441581912, -5.927871999158941 ] ] } },
{ "type": "Feature", "properties": { "ConType": "Certain" }, "geometry": { "type": "LineString", "coordinates": [ [ -138.715394063120897, -5.082989077527809 ], [ -139.501192418734774, -5.783978813248819 ], [ -141.675763199260587, -4.048022902582771 ], [ -142.160023816725385, -4.367373148005782 ], [ -141.811879695039153, -3.631820536305034 ], [ -143.09746551437371, -0.574940171720459 ], [ -142.348232171678603, 1.694505890057539 ], [ -141.282497800378337, 2.459526577927345 ] ] } },
{ "type": "Feature", "properties": { "ConType": "Certain" }, "geometry": { "type": "LineString", "coordinates": [ [ -135.291084402493681, -3.398992266959924 ], [ -135.226671028882947, -0.088038005782954 ], [ -136.232692170125489, 2.429557148847491 ], [ -139.745435406280848, 3.346779685637145 ] ] } },
{ "type": "Feature", "properties": { "ConType": "Certain" }, "geometry": { "type": "LineString", "coordinates": [ [ -127.84161170108338, -84.522744045421163 ], [ -134.711414980937889, -85.052951660183808 ], [ -139.825403472674623, -84.4477203798902 ], [ -133.885701398837824, -83.775325901219318 ], [ -126.365348126186703, -84.356161615401263 ], [ -127.84161170108338, -84.522744045421163 ] ] } },
{ "type": "Feature", "properties": { "ConType": "Certain" }, "geometry": { "type": "LineString", "coordinates": [ [ -113.902164183325922, -82.128152416055173 ], [ -107.546253361990438, -82.67105227275735 ], [ -116.701911807268814, -82.800650705814064 ], [ -124.622577942127052, -81.017071132861361 ], [ -116.200205383433669, -80.811570226370577 ], [ -117.18733185466165, -81.931180656125804 ], [ -113.902164183325922, -82.128152416055173 ] ] } },
{ "type": "Feature", "properties": { "ConType": "Certain" }, "geometry": { "type": "LineString", "coordinates": [ [ -122.259842611174278, -77.664426778659802 ], [ -126.68535210214155, -79.392829955317353 ], [ -129.982888749687135, -79.769647646640152 ], [ -128.699950790792656, -80.231837167387766 ], [ -130.600167851045683, -80.615300127032882 ] ] } },
{ "type": "Feature", "properties": { "ConType": "Certain" }, "geometry": { "type": "LineString", "coordinates": [ [ -122.259842611174278, -77.664426778659802 ], [ -112.433771806587146, -77.629055914787642 ] ] } },
{ "type": "Feature", "properties": { "ConType": "Certain" }, "geometry": { "type": "LineString", "coordinates": [ [ -133.238572690251203, -76.254818605350607 ], [ -132.916829671635753, -75.421984632628138 ], [ -134.701662318522182, -75.690451767233313 ], [ -134.540208615962314, -76.216396752761653 ], [ -133.238572690251203, -76.254818605350607 ] ] } },
{ "type": "Feature", "properties": { "ConType": "Certain" }, "geometry": { "type": "LineString", "coordinates": [ [ -117.729520417931568, -75.080370673250144 ], [ -122.259842611174278, -77.664426778659802 ] ] } },
{ "type": "Feature", "properties": { "ConType": "Internal" }, "geometry": { "type": "LineString", "coordinates": [ [ -112.433771806587146, -77.629055914787642 ], [ -116.058444240951985, -76.835555224282245 ], [ -116.770448666518547, -75.108103766336413 ], [ -117.729520417931568, -75.080370673250144 ] ] } },
{ "type": "Feature", "properties": { "ConType": "Certain" }, "geometry": { "type": "LineString", "coordinates": [ [ -131.791876095502118, -79.85110097107335 ], [ -127.647192472418439, -79.117256778768066 ], [ -127.372221683129936, -77.998244617335644 ], [ -123.674470094614819, -77.835762440033903 ], [ -123.307131349252117, -76.966781623883236 ], [ -120.848834216603038, -76.452946556779594 ], [ -120.406522120070392, -75.775810583584246 ], [ -121.429126887230439, -75.36681018202826 ], [ -120.871762774637531, -74.905209784835591 ], [ -121.341155529755525, -74.587906117351096 ], [ -119.037747515040451, -75.013788518845729 ] ] } },
{ "type": "Feature", "properties": { "ConType": "Certain" }, "geometry": { "type": "LineString", "coordinates": [ [ -122.198423151452644, -73.906103446774992 ], [ -123.788358208945652, -74.690910948819592 ], [ -126.538530872372206, -74.241025371890231 ], [ -124.425932076264857, -73.364981200371375 ], [ -122.198423151452644, -73.906103446774992 ] ] } },
{ "type": "Feature", "properties": { "ConType": "Certain" }, "geometry": { "type": "LineString", "coordinates": [ [ -136.066367346863757, -77.062457667572971 ], [ -132.1806141219773, -77.190460729428196 ], [ -126.811263182104497, -75.576872998666332 ], [ -127.753988705509528, -74.380839104235037 ], [ -130.647613056798889, -73.372794825735511 ], [ -135.761646187402391, -73.048228972611255 ] ] } },
{ "type": "Feature", "properties": { "ConType": "Certain" }, "geometry": { "type": "LineString", "coordinates": [ [ -119.197061988290471, -71.910979865318154 ], [ -116.578812794534812, -73.13680970536106 ], [ -119.037747515040451, -75.013788518845729 ] ] } },
{ "type": "Feature", "properties": { "ConType": "Certain" }, "geometry": { "type": "LineString", "coordinates": [ [ -117.936345257940175, -71.085938863909689 ], [ -116.498094596652209, -71.072106817182245 ], [ -114.264136539495993, -72.946331990358942 ], [ -110.420648063790424, -73.355408359773634 ], [ -110.18999843562699, -72.683301557097593 ], [ -111.392096735786126, -71.903194943906172 ] ] } },
{ "type": "Feature", "properties": { "ConType": "Certain" }, "geometry": { "type": "LineString", "coordinates": [ [ -121.73506568918458, -71.273344774553209 ], [ -126.75613704740573, -70.791838832901988 ] ] } },
{ "type": "Feature", "properties": { "ConType": "Certain" }, "geometry": { "type": "LineString", "coordinates": [ [ -126.75613704740573, -70.791838832901988 ], [ -133.418653912267189, -70.91418289278019 ], [ -135.751134479575228, -70.249624698579083 ] ] } },
{ "type": "Feature", "properties": { "ConType": "Certain" }, "geometry": { "type": "LineString", "coordinates": [ [ -118.991858087238541, -69.233413928035105 ], [ -118.240592192099953, -70.206572698000684 ], [ -121.800233534173998, -70.493225230732591 ], [ -123.10966872337977, -70.139739832514081 ], [ -123.010590245639833, -69.475959098576112 ] ] } },
{ "type": "Feature", "properties": { "ConType": "Certain" }, "geometry": { "type": "LineString", "coordinates": [ [ -111.392096735786126, -71.903194943906172 ], [ -116.962597466651133, -69.228492476483339 ] ] } },
{ "type": "Feature", "properties": { "ConType": "Certain" }, "geometry": { "type": "LineString", "coordinates": [ [ -124.717863695831227, -68.94875255060613 ], [ -128.176772109080588, -69.022176567703752 ], [ -124.194691573420684, -69.121784838483578 ] ] } },
{ "type": "Feature", "properties": { "ConType": "Certain" }, "geometry": { "type": "LineString", "coordinates": [ [ -135.751134479575228, -70.249624698579083 ], [ -133.025825312083469, -69.343126230714915 ], [ -135.214071929685275, -68.193354704405152 ] ] } },
{ "type": "Feature", "properties": { "ConType": "Certain" }, "geometry": { "type": "LineString", "coordinates": [ [ -128.009243312659919, -67.170217331191537 ], [ -129.304523628014522, -69.171766122833773 ], [ -126.75613704740573, -70.791838832901988 ] ] } },
{ "type": "Feature", "properties": { "ConType": "Certain" }, "geometry": { "type": "LineString", "coordinates": [ [ -133.304008909278622, -68.04646071222767 ], [ -131.154653755961078, -68.551421713760192 ], [ -129.592167518877346, -67.954239511044946 ], [ -129.420086913435938, -67.10954112377172 ], [ -128.009243312659919, -67.170217331191537 ] ] } },
{ "type": "Feature", "properties": { "ConType": "Certain" }, "geometry": { "type": "LineString", "coordinates": [ [ -134.876017059210398, -64.469709740355398 ], [ -132.839029489037159, -63.935674560420168 ], [ -134.515466096105314, -63.53672129401707 ], [ -135.290917943315208, -64.197428683529168 ] ] } },
{ "type": "Feature", "properties": { "ConType": "Certain" }, "geometry": { "type": "LineString", "coordinates": [ [ -134.876017524198573, -64.783236282344276 ], [ -132.560492926228022, -63.86990637279893 ], [ -134.95111009702282, -63.403843203580507 ], [ -135.656684853793763, -64.183730461063959 ] ] } },
{ "type": "Feature", "properties": { "ConType": "Certain" }, "geometry": { "type": "LineString", "coordinates": [ [ -121.260698925657536, -62.752847254126344 ], [ -123.425255881993309, -63.759496459211888 ], [ -124.095267236801234, -63.478970234998037 ], [ -122.53449360730454, -62.753750680021483 ], [ -122.99762840618267, -62.127414996980519 ], [ -127.291903450944758, -62.476289667886782 ] ] } },
{ "type": "Feature", "properties": { "ConType": "Certain" }, "geometry": { "type": "LineString", "coordinates": [ [ -122.512676697538751, -60.744268563181514 ], [ -123.153563285866511, -61.526727921007101 ], [ -127.291903450944758, -62.476289667886782 ] ] } },
{ "type": "Feature", "properties": { "ConType": "Certain" }, "geometry": { "type": "LineString", "coordinates": [ [ -131.004076216337864, -61.640009720410895 ], [ -127.357437264728645, -60.527798591750766 ], [ -125.370459907107403, -59.314189113073503 ], [ -125.821500930236127, -58.76308126825267 ] ] } },
{ "type": "Feature", "properties": { "ConType": "Approx" }, "geometry": { "type": "LineString", "coordinates": [ [ -136.233710448104915, -51.467953490293603 ], [ -132.841805396013854, -52.4596835128458 ], [ -133.295527049708284, -53.096638919482459 ], [ -132.52769039662337, -53.585262244172853 ] ] } },
{ "type": "Feature", "properties": { "ConType": "Certain" }, "geometry": { "type": "LineString", "coordinates": [ [ -130.175398736820711, -45.962551584999936 ], [ -131.624680293287497, -47.670513168254054 ], [ -133.216151078177006, -47.682060434473065 ], [ -133.297859545920289, -46.811255014536016 ] ] } },
{ "type": "Feature", "properties": { "ConType": "Certain" }, "geometry": { "type": "LineString", "coordinates": [ [ -127.301291470276979, -56.529889046654702 ], [ -129.669832172256946, -56.104980023747437 ], [ -127.637454010280521, -55.009318431763845 ], [ -126.350277212398865, -55.314049019602876 ], [ -126.371351529420636, -55.996839384466746 ] ] } },
{ "type": "Feature", "properties": { "ConType": "Certain" }, "geometry": { "type": "LineString", "coordinates": [ [ -128.286135370514899, -52.785458585910696 ], [ -127.634492213554779, -52.977456024141112 ], [ -128.321495424235934, -53.814835523597012 ], [ -126.728008981474034, -53.35413853581052 ], [ -126.342964507935207, -54.19351127806955 ] ] } },
{ "type": "Feature", "properties": { "ConType": "Certain" }, "geometry": { "type": "LineString", "coordinates": [ [ -126.80305588981922, -49.031904060835743 ], [ -128.347670549639219, -50.097276991205327 ], [ -126.246369166093729, -49.17926461095626 ] ] } },
{ "type": "Feature", "properties": { "ConType": "Certain" }, "geometry": { "type": "LineString", "coordinates": [ [ -116.04891986135803, -63.695485092629703 ], [ -116.8553199773731, -64.739126364367166 ], [ -118.296937130113108, -63.396597460714801 ], [ -119.347044069306776, -64.496824738813658 ], [ -120.497079164776537, -64.096744136561398 ], [ -122.058995415372635, -64.738841547555069 ] ] } },
{ "type": "Feature", "properties": { "ConType": "Certain" }, "geometry": { "type": "LineString", "coordinates": [ [ -120.316697408687887, -62.636748028587078 ], [ -119.640989602215342, -61.375324799789212 ], [ -122.429062975290549, -61.628218394749375 ], [ -122.512676697538751, -60.744268563181514 ] ] } },
{ "type": "Feature", "properties": { "ConType": "Certain" }, "geometry": { "type": "LineString", "coordinates": [ [ -111.023133582193111, -60.092474763237171 ], [ -114.293551837855958, -60.142714633788778 ], [ -116.214531577403775, -61.899287738506764 ] ] } },
{ "type": "Feature", "properties": { "ConType": "Certain" }, "geometry": { "type": "LineString", "coordinates": [ [ -118.483530930628447, -57.057730817966792 ], [ -119.70341495672011, -58.032112599225009 ], [ -118.85268684656198, -59.188230287726874 ], [ -116.594985324718309, -59.275484452025722 ], [ -116.180528036054355, -57.944858434926168 ] ] } },
{ "type": "Feature", "properties": { "ConType": "Certain" }, "geometry": { "type": "LineString", "coordinates": [ [ -115.001896611753168, -51.575561421289294 ], [ -114.076328404169871, -51.77206252082658 ], [ -112.702075304920911, -50.738100664321749 ], [ -110.816793292862243, -52.038420175473064 ] ] } },
{ "type": "Feature", "properties": { "ConType": "Certain" }, "geometry": { "type": "LineString", "coordinates": [ [ -119.843983249483884, -50.081483650650895 ], [ -120.620390789240773, -51.039127535439874 ], [ -119.062903940347326, -51.313978153310991 ], [ -118.866293786238117, -52.35084217592771 ], [ -117.505128811963743, -51.487025940794958 ], [ -115.586166187910905, -51.745708569537484 ] ] } },
{ "type": "Feature", "properties": { "ConType": "Certain" }, "geometry": { "type": "LineString", "coordinates": [ [ -115.586166187910905, -51.745708569537484 ], [ -115.048509040136892, -50.263148563101097 ], [ -113.047977903192049, -49.379737639660853 ], [ -115.001896611753168, -51.575561421289294 ] ] } },
{ "type": "Feature", "properties": { "ConType": "Certain" }, "geometry": { "type": "LineString", "coordinates": [ [ -124.267862115889258, -49.13774293929437 ], [ -123.754807622161209, -50.012029673087689 ], [ -124.362096610429958, -51.038138653948188 ], [ -123.335987626271674, -50.943904156109717 ], [ -123.262694129052107, -49.451857932089304 ] ] } },
{ "type": "Feature", "properties": { "ConType": "Approx" }, "geometry": { "type": "LineString", "coordinates": [ [ -120.406728782589937, -45.338420707795557 ], [ -118.83592797945488, -45.132358544063692 ], [ -119.394840011368814, -46.089737464728067 ], [ -118.318792337098159, -48.071353534835708 ], [ -118.711077026408958, -49.125712303005926 ] ] } },
{ "type": "Feature", "properties": { "ConType": "Certain" }, "geometry": { "type": "LineString", "coordinates": [ [ -121.19580949977032, -45.325880305937552 ], [ -123.664957207814211, -45.933879228949607 ], [ -120.852213114335868, -44.549030417303882 ] ] } },
{ "type": "Feature", "properties": { "ConType": "Certain" }, "geometry": { "type": "LineString", "coordinates": [ [ -85.092228477664094, -88.000725430222516 ], [ -80.310829698440415, -88.364039940192583 ], [ -107.568998325536768, -88.260514463749843 ] ] } },
{ "type": "Feature", "properties": { "ConType": "Certain" }, "geometry": { "type": "LineString", "coordinates": [ [ -107.568998325536768, -88.260514463749843 ], [ -85.092228477664094, -88.000725430222516 ] ] } },
{ "type": "Feature", "properties": { "ConType": "Certain" }, "geometry": { "type": "LineString", "coordinates": [ [ -98.505470817668765, -86.008805825194443 ], [ -86.547293774962554, -85.074890403452443 ], [ -78.367883068998097, -86.510632146730501 ], [ -64.276841052753454, -87.074035183038589 ], [ -90.731286101844688, -86.765049349713976 ], [ -86.249412654517286, -86.266379532939482 ], [ -88.876543515246837, -86.068551742933025 ], [ -101.393706694475114, -86.795105563399204 ], [ -118.076579583650229, -86.811647069960458 ], [ -98.505470817668765, -86.008805825194443 ] ] } },
{ "type": "Feature", "properties": { "ConType": "Certain" }, "geometry": { "type": "LineString", "coordinates": [ [ -130.600167851045683, -80.615300127032882 ], [ -131.300594350852435, -81.665474819293763 ], [ -128.463878381251163, -82.747897287157329 ], [ -115.072827487461637, -83.795713292168969 ], [ -97.497336357841576, -82.734304062984066 ], [ -87.59008913423844, -84.256797796500805 ], [ -70.105969913106208, -83.37018306811683 ] ] } },
{ "type": "Feature", "properties": { "ConType": "Certain" }, "geometry": { "type": "LineString", "coordinates": [ [ -96.891668562459259, -80.567102197729 ], [ -96.425538497598637, -81.269735195137869 ], [ -98.285341016488076, -81.615910170962451 ], [ -103.014803559182099, -81.010757486865046 ], [ -99.631233169866263, -80.185122837335641 ], [ -96.891668562459259, -80.567102197729 ] ] } },
{ "type": "Feature", "properties": { "ConType": "Certain" }, "geometry": { "type": "LineString", "coordinates": [ [ -89.805457415129325, -81.06406069964963 ], [ -90.303192005433047, -81.389042252220818 ], [ -89.654152228340138, -81.980628638589053 ], [ -86.589393598436644, -82.724896804353008 ], [ -87.197661578128958, -83.870358912403503 ], [ -90.403080753135143, -83.799619110567775 ], [ -91.360007701975547, -82.377590683733416 ], [ -94.784691701184812, -81.587912918412016 ], [ -92.770653062784149, -80.637621169745259 ], [ -95.998981154195761, -80.191239572373348 ], [ -92.936218131609849, -79.544558132964099 ], [ -92.749265577861522, -78.718887244035542 ] ] } },
{ "type": "Feature", "properties": { "ConType": "Certain" }, "geometry": { "type": "LineString", "coordinates": [ [ -91.820868016041331, -78.483597841637632 ], [ -89.115700913705837, -79.386766469672523 ], [ -91.09219972606229, -80.165801446664602 ], [ -90.219029151912508, -80.533789942128251 ] ] } },
{ "type": "Feature", "properties": { "ConType": "Certain" }, "geometry": { "type": "LineString", "coordinates": [ [ -91.820868016041331, -78.483597841637632 ], [ -93.395092890017764, -77.97231135504768 ], [ -98.725622107240085, -78.699761982747191 ], [ -92.749265577861522, -78.718887244035542 ] ] } },
{ "type": "Feature", "properties": { "ConType": "Certain" }, "geometry": { "type": "LineString", "coordinates": [ [ -98.511564349465715, -77.752603641130463 ], [ -102.746552113143935, -78.969199333360422 ], [ -112.433771806587146, -77.629055914787642 ] ] } },
{ "type": "Feature", "properties": { "ConType": "Certain" }, "geometry": { "type": "LineString", "coordinates": [ [ -91.208111271153328, -76.850024647807786 ], [ -94.228360591197543, -76.752595763509845 ], [ -92.516085117882767, -77.19797547620955 ] ] } },
{ "type": "Feature", "properties": { "ConType": "Certain" }, "geometry": { "type": "LineString", "coordinates": [ [ -95.572806937981582, -77.505242502104537 ], [ -102.075994974319116, -76.228458948887209 ], [ -100.334621317998256, -77.602938273137838 ], [ -98.511564349465715, -77.752603641130463 ] ] } },
{ "type": "Feature", "properties": { "ConType": "Certain" }, "geometry": { "type": "LineString", "coordinates": [ [ -94.604363428632013, -76.046151337008098 ], [ -88.168585839075831, -75.793805376124226 ], [ -85.660050359453507, -74.990951302960497 ] ] } },
{ "type": "Feature", "properties": { "ConType": "Certain" }, "geometry": { "type": "LineString", "coordinates": [ [ -85.660050359453507, -74.990951302960497 ], [ -90.595126464395406, -74.255367922891907 ], [ -96.550181129337318, -74.559177787934487 ] ] } },
{ "type": "Feature", "properties": { "ConType": "Certain" }, "geometry": { "type": "LineString", "coordinates": [ [ -102.296457337695557, -72.840501006806278 ], [ -106.596124204196073, -74.21021443619442 ], [ -109.14178318053807, -73.722080998003776 ], [ -105.954137470286355, -73.706790309688841 ], [ -102.425488993013033, -72.105013658342358 ], [ -106.362410920509717, -72.712495366080361 ], [ -111.392096735786126, -71.903194943906172 ] ] } },
{ "type": "Feature", "properties": { "ConType": "Certain" }, "geometry": { "type": "LineString", "coordinates": [ [ -116.04891986135803, -63.695485092629703 ], [ -112.385317902930439, -65.388365961068232 ], [ -110.578750662380003, -65.41479620010152 ], [ -107.329466281801416, -64.043089992898416 ], [ -106.822043939455412, -62.500263041205727 ], [ -107.641674011738147, -61.296747529577587 ] ] } },
{ "type": "Feature", "properties": { "ConType": "Approx" }, "geometry": { "type": "LineString", "coordinates": [ [ -110.639318626483913, -60.646312979169451 ], [ -111.124998193352312, -61.379048197712606 ], [ -110.359990531747556, -61.826481163074988 ], [ -107.641674011738147, -61.296747529577587 ] ] } },
{ "type": "Feature", "properties": { "ConType": "Certain" }, "geometry": { "type": "LineString", "coordinates": [ [ -116.14117306098376, -68.567996617026807 ], [ -107.525651288299315, -66.494081712494491 ], [ -108.349422400349852, -65.784730127028865 ], [ -106.495118020606256, -65.382876452235223 ], [ -103.416793442539188, -63.209031119250419 ], [ -106.532966150313143, -62.411143172780911 ], [ -101.553360876228865, -62.748501171053199 ], [ -101.632643042162798, -61.704224171411973 ], [ -102.773166431440288, -61.138720700979384 ], [ -101.950066963509386, -60.355618307350468 ] ] } },
{ "type": "Feature", "properties": { "ConType": "Approx" }, "geometry": { "type": "LineString", "coordinates": [ [ -107.641674011738147, -61.296747529577587 ], [ -106.026304947474401, -61.549781320127622 ], [ -101.950066963509386, -60.355618307350468 ] ] } },
{ "type": "Feature", "properties": { "ConType": "Certain" }, "geometry": { "type": "LineString", "coordinates": [ [ -101.864484956122311, -59.572420043708526 ], [ -102.736059331325663, -60.096014279764823 ], [ -103.919221986446615, -59.53210747326689 ], [ -102.631233569807279, -59.089211137204231 ], [ -101.864484956122311, -59.572420043708526 ] ] } },
{ "type": "Feature", "properties": { "ConType": "Certain" }, "geometry": { "type": "LineString", "coordinates": [ [ -101.391357148695917, -58.059487852565702 ], [ -103.339453215710819, -57.575269674342692 ], [ -104.105680261040732, -58.000608742077382 ], [ -102.880071722401084, -58.773795394345449 ], [ -101.391357148695917, -58.059487852565702 ] ] } },
{ "type": "Feature", "properties": { "ConType": "Certain" }, "geometry": { "type": "LineString", "coordinates": [ [ -112.085279484591481, -56.01358662357115 ], [ -111.623904382424072, -54.873389332823734 ], [ -109.408895135078211, -54.460659277439319 ], [ -109.014875686934232, -56.362356771067041 ], [ -110.065809012383014, -57.264535597527221 ] ] } },
{ "type": "Feature", "properties": { "ConType": "Certain" }, "geometry": { "type": "LineString", "coordinates": [ [ -104.947519854718038, -54.168823880749372 ], [ -104.713266010711962, -55.98227961142635 ], [ -101.471773773702438, -56.739645765850696 ], [ -103.633919146259458, -54.398158143049805 ] ] } },
{ "type": "Feature", "properties": { "ConType": "Certain" }, "geometry": { "type": "LineString", "coordinates": [ [ -110.40093422308226, -53.086719131734974 ], [ -106.898982845195263, -54.542585887304355 ], [ -104.947519854718038, -54.168823880749372 ] ] } },
{ "type": "Feature", "properties": { "ConType": "Certain" }, "geometry": { "type": "LineString", "coordinates": [ [ -100.019830262046938, -52.649705522927206 ], [ -100.629175672153238, -53.70094388063233 ], [ -102.591304690476193, -52.944785719371261 ], [ -101.447210010477704, -51.864615073916646 ], [ -100.019830262046938, -52.649705522927206 ] ] } },
{ "type": "Feature", "properties": { "ConType": "Certain" }, "geometry": { "type": "LineString", "coordinates": [ [ -106.587627834355786, -52.08025173043837 ], [ -106.289269936120547, -51.312991827605501 ], [ -107.17336917070412, -50.833152825764458 ], [ -108.435557888792445, -51.333071996567142 ], [ -107.755904776200154, -52.430256012667932 ], [ -108.933084889897998, -51.37522489794911 ], [ -106.853827864599538, -50.487354295808842 ], [ -105.581390143823427, -51.512638136978318 ], [ -107.10276281058718, -52.516192007983435 ], [ -106.587627834355786, -52.08025173043837 ] ] } },
{ "type": "Feature", "properties": { "ConType": "Certain" }, "geometry": { "type": "LineString", "coordinates": [ [ -95.932003558659915, -57.5608820293794 ], [ -96.174474598210509, -58.618864265882216 ], [ -97.508833359166402, -58.921146746933509 ], [ -97.568297091728255, -57.990796439154437 ], [ -96.618870933427758, -57.687462144911201 ], [ -100.21707036303647, -58.311892349197599 ], [ -100.173207126243852, -57.686305669801754 ], [ -101.29821496748923, -57.550473113623553 ], [ -100.703429584353074, -58.811141686366618 ], [ -97.667781029281443, -59.496070792467599 ], [ -99.419546093398367, -61.52014000782448 ] ] } },
{ "type": "Feature", "properties": { "ConType": "Certain" }, "geometry": { "type": "LineString", "coordinates": [ [ -94.973979547669899, -58.499116733066437 ], [ -95.629078988270606, -58.333763062384755 ], [ -95.187185146971061, -56.962567962951205 ], [ -92.878519474452006, -56.568210659660714 ], [ -93.371404897432754, -55.798896495041852 ], [ -94.35604536368615, -56.160033310295567 ] ] } },
{ "type": "Feature", "properties": { "ConType": "Certain" }, "geometry": { "type": "LineString", "coordinates": [ [ -90.262781451095876, -55.030318218762737 ], [ -90.192723335146113, -56.065287599158317 ], [ -91.349350597945829, -56.19370663087912 ], [ -90.589626056370975, -55.58347509837462 ], [ -91.108438611050659, -54.912947642945177 ], [ -90.262781451095876, -55.030318218762737 ] ] } },
{ "type": "Feature", "properties": { "ConType": "Approx" }, "geometry": { "type": "LineString", "coordinates": [ [ -91.766284074067613, -54.979141957620953 ], [ -91.778769003823228, -53.676890552428233 ], [ -90.464287970478836, -51.886866404675359 ], [ -88.889694156400353, -51.854392812996792 ] ] } },
{ "type": "Feature", "properties": { "ConType": "Certain" }, "geometry": { "type": "LineString", "coordinates": [ [ -95.003505255992906, -49.978569854637286 ], [ -95.042769634214508, -51.04525202357862 ], [ -93.877926531261437, -52.177374817392987 ], [ -92.699995296738166, -50.718048905809084 ], [ -91.74456219008097, -50.744225155758294 ], [ -93.321681223138526, -49.330707681585508 ], [ -93.596531844307421, -50.384301725552241 ], [ -94.329466829694141, -50.331949225653823 ] ] } },
{ "type": "Feature", "properties": { "ConType": "Certain" }, "geometry": { "type": "LineString", "coordinates": [ [ -98.646366653393997, -49.846816066084344 ], [ -98.653346983635842, -50.317988558574541 ], [ -97.66213967047355, -51.389469705793829 ], [ -97.648179003394276, -49.728150402506017 ], [ -98.548641987136804, -49.323291076993527 ], [ -98.646366653393997, -49.846816066084344 ] ] } },
{ "type": "Feature", "properties": { "ConType": "Certain" }, "geometry": { "type": "LineString", "coordinates": [ [ -94.555125337223387, -46.861977107526599 ], [ -92.897973502181415, -47.170155157421704 ], [ -93.014039400268885, -48.480632810588695 ], [ -94.844427577157049, -48.956453117321992 ], [ -95.194790912718375, -47.654753616841845 ] ] } },
{ "type": "Feature", "properties": { "ConType": "Certain" }, "geometry": { "type": "LineString", "coordinates": [ [ -94.555125337223387, -46.861977107526599 ], [ -94.936902130950656, -45.300439667313867 ], [ -96.472348100764052, -44.524951287201617 ], [ -98.578404051268123, -46.277593295971023 ], [ -96.75559980217102, -48.506238259496534 ], [ -95.194790912718375, -47.654753616841845 ] ] } },
{ "type": "Feature", "properties": { "ConType": "Certain" }, "geometry": { "type": "LineString", "coordinates": [ [ -134.252514209573349, -40.494762442941415 ], [ -134.488232654270917, -39.848239112709848 ], [ -135.209398900550354, -40.737182726227317 ], [ -134.639554949987485, -41.46085115313452 ], [ -133.467300581562199, -41.169462946475036 ], [ -134.252514209573349, -40.494762442941415 ] ] } },
{ "type": "Feature", "properties": { "ConType": "Certain" }, "geometry": { "type": "LineString", "coordinates": [ [ -133.84150623632263, -38.727270059998268 ], [ -135.597585906120344, -39.362771458440477 ], [ -136.111269126546915, -41.372642081162383 ], [ -134.735137646472481, -42.641519637956286 ], [ -133.011024840047128, -42.446626319199083 ] ] } },
{ "type": "Feature", "properties": { "ConType": "Certain" }, "geometry": { "type": "LineString", "coordinates": [ [ -132.919064263099159, -35.747737734703307 ], [ -134.975485530134961, -35.36877034688959 ], [ -135.696918626874066, -33.600586272569778 ], [ -133.318158951869492, -31.858513643354975 ] ] } },
{ "type": "Feature", "properties": { "ConType": "Certain" }, "geometry": { "type": "LineString", "coordinates": [ [ -124.444375945170393, -40.497141902961189 ], [ -124.656974062127347, -41.006279982495592 ], [ -123.67430059487522, -41.803740858743019 ], [ -124.27792558828699, -41.020232454570149 ], [ -123.730800103538883, -40.411909873391608 ], [ -124.444375945170393, -40.497141902961189 ] ] } },
{ "type": "Feature", "properties": { "ConType": "Approx" }, "geometry": { "type": "LineString", "coordinates": [ [ -127.670925070892338, -41.924818505132514 ], [ -125.850834947999942, -40.43522832897483 ], [ -123.750503068140162, -39.848426291894221 ], [ -126.646805049007568, -41.447022737272327 ] ] } },
{ "type": "Feature", "properties": { "ConType": "Certain" }, "geometry": { "type": "LineString", "coordinates": [ [ -131.535519479519166, -28.312529251921553 ], [ -130.270188381097967, -28.479211947906716 ], [ -129.689892683100624, -27.396594953385708 ], [ -131.007391845996011, -26.788796918465327 ], [ -131.495634117806731, -27.690465362669478 ] ] } },
{ "type": "Feature", "properties": { "ConType": "Certain" }, "geometry": { "type": "LineString", "coordinates": [ [ -128.735781369696468, -22.587059959394665 ], [ -128.243473854491555, -23.408903955899518 ], [ -127.272727050848232, -23.087140411847681 ], [ -129.043309042910749, -22.383995653707121 ], [ -128.735781369696468, -22.587059959394665 ] ] } },
{ "type": "Feature", "properties": { "ConType": "Certain" }, "geometry": { "type": "LineString", "coordinates": [ [ -127.284567681747461, -27.31972640926389 ], [ -124.594256978645532, -25.734555884646699 ], [ -125.850660343283579, -23.032470354719702 ], [ -125.208446550031653, -21.80451447652144 ], [ -126.784147454834951, -20.395576374286705 ] ] } },
{ "type": "Feature", "properties": { "ConType": "Certain" }, "geometry": { "type": "LineString", "coordinates": [ [ -117.824449964295539, -45.004962634773804 ], [ -114.43171818297931, -42.706655761516927 ], [ -117.429484096986172, -45.003631845153421 ] ] } },
{ "type": "Feature", "properties": { "ConType": "Certain" }, "geometry": { "type": "LineString", "coordinates": [ [ -120.964652167155208, -42.179896726760688 ], [ -124.498964622768554, -44.235000461286347 ], [ -120.945048785876921, -43.929264842684766 ] ] } },
{ "type": "Feature", "properties": { "ConType": "Certain" }, "geometry": { "type": "LineString", "coordinates": [ [ -115.59605999567961, -26.96632254227347 ], [ -117.995393188823641, -27.585981555448868 ], [ -118.353551537030128, -28.573046925249258 ], [ -115.987713982916503, -28.588438390686669 ], [ -115.269270285393887, -27.902613123718886 ], [ -115.59605999567961, -26.96632254227347 ] ] } },
{ "type": "Feature", "properties": { "ConType": "Approx" }, "geometry": { "type": "LineString", "coordinates": [ [ -121.314443929992606, -26.40636229175718 ], [ -125.361954534304161, -31.075386763645536 ], [ -123.883400503404829, -30.24034583163051 ], [ -124.483063167511943, -31.819452626566513 ], [ -122.5204034624484, -34.944385596524029 ], [ -121.957405711170765, -34.620237672151795 ], [ -121.478078763564582, -35.367590454183158 ], [ -120.68210557582681, -34.989835808348332 ], [ -120.062258334770235, -35.600680680069644 ], [ -118.241741824297989, -34.002394240013125 ], [ -115.999953359331329, -33.882649675207119 ] ] } },
{ "type": "Feature", "properties": { "ConType": "Certain" }, "geometry": { "type": "LineString", "coordinates": [ [ -114.845714447389554, -27.273805477687315 ], [ -113.526293336583237, -26.86981764888051 ], [ -111.842807488682197, -25.099743836151237 ], [ -111.962339316442012, -24.322463635569278 ] ] } },
{ "type": "Feature", "properties": { "ConType": "Certain" }, "geometry": { "type": "LineString", "coordinates": [ [ -118.731327034782424, -25.468191314537474 ], [ -120.468732656624326, -23.957176276320929 ], [ -121.949592412287686, -24.821265515586934 ], [ -121.314443929992606, -26.40636229175718 ] ] } },
{ "type": "Feature", "properties": { "ConType": "Approx" }, "geometry": { "type": "LineString", "coordinates": [ [ -115.48184586856118, -23.901576767150026 ], [ -115.440108696306226, -24.647198150794807 ], [ -116.700834066862726, -24.58283902910469 ], [ -116.291229922654807, -24.161345410450298 ], [ -117.213197139632769, -23.624807871806713 ], [ -116.309372960686716, -23.210006732616538 ], [ -115.48184586856118, -23.901576767150026 ] ] } },
{ "type": "Feature", "properties": { "ConType": "Certain" }, "geometry": { "type": "LineString", "coordinates": [ [ -111.702502174774281, -18.818770327751661 ], [ -112.863005236202966, -21.181870519441965 ], [ -112.563174677480802, -23.491139248672905 ], [ -113.459597711867929, -22.713755306256481 ], [ -115.541320065006332, -25.545070118079689 ], [ -114.845714447389554, -27.273805477687315 ] ] } },
{ "type": "Feature", "properties": { "ConType": "Certain" }, "geometry": { "type": "LineString", "coordinates": [ [ -125.766214034937605, -22.201587277896678 ], [ -125.616762162482544, -21.589037733067784 ], [ -127.362528413887318, -21.606388005799545 ], [ -126.548326930388384, -22.217541807763361 ], [ -125.766214034937605, -22.201587277896678 ] ] } },
{ "type": "Feature", "properties": { "ConType": "Certain" }, "geometry": { "type": "LineString", "coordinates": [ [ -125.968944113046149, -19.941575213219878 ], [ -125.606540544631471, -18.346348309748297 ], [ -123.317637497007681, -18.727808459705464 ], [ -124.811412820856006, -19.030795684780795 ], [ -125.367948228848405, -20.202481652954834 ], [ -125.968944113046149, -19.941575213219878 ] ] } },
{ "type": "Feature", "properties": { "ConType": "Certain" }, "geometry": { "type": "LineString", "coordinates": [ [ -130.067089801493296, -12.256392057653851 ], [ -127.817828254006699, -12.483420364345093 ], [ -126.833112185949162, -14.085967656127838 ], [ -128.438565416513995, -16.498401660839303 ], [ -130.189623840378403, -16.076756188912245 ] ] } },
{ "type": "Feature", "properties": { "ConType": "Certain" }, "geometry": { "type": "LineString", "coordinates": [ [ -134.250432137535881, -9.702680738922744 ], [ -134.111727270126181, -8.936556584597817 ], [ -133.030233169333059, -9.57334909366771 ], [ -134.072430458153491, -10.139556358361219 ], [ -134.250432137535881, -9.702680738922744 ] ] } },
{ "type": "Feature", "properties": { "ConType": "Certain" }, "geometry": { "type": "LineString", "coordinates": [ [ -131.517259247973016, -4.570638866133382 ], [ -132.391660355671348, -4.949219614613531 ], [ -132.743937031915266, -6.778551275663176 ], [ -133.557682457630136, -5.809874777547483 ], [ -132.509876415237926, -4.425716051255377 ] ] } },
{ "type": "Feature", "properties": { "ConType": "Certain" }, "geometry": { "type": "LineString", "coordinates": [ [ -131.027636475676218, -8.186563431404299 ], [ -129.447477900526167, -5.858815550227344 ], [ -129.808431546706458, -4.722336779973952 ], [ -131.517259247973016, -4.570638866133382 ] ] } },
{ "type": "Feature", "properties": { "ConType": "Certain" }, "geometry": { "type": "LineString", "coordinates": [ [ -132.509876415237926, -4.425716051255377 ], [ -133.543541859905844, -3.300504129658917 ], [ -132.230566880455939, -3.172725017331205 ], [ -131.684605762425406, -2.180394012376173 ], [ -133.763470436620423, -1.000495574388731 ] ] } },
{ "type": "Feature", "properties": { "ConType": "Certain" }, "geometry": { "type": "LineString", "coordinates": [ [ -129.08949518264825, -10.010086723736892 ], [ -127.391406911406591, -10.075994820040403 ], [ -126.95764807486573, -11.901486196346731 ], [ -127.909662235445055, -11.736696892720822 ], [ -127.875806230563029, -10.34735286210711 ], [ -129.08949518264825, -10.010086723736892 ] ] } },
{ "type": "Feature", "properties": { "ConType": "Certain" }, "geometry": { "type": "LineString", "coordinates": [ [ -124.157586356343344, -7.22754502502001 ], [ -124.951372754063783, -6.306817486358417 ], [ -124.644567468042666, -5.44695391471184 ], [ -127.064213759554264, -3.907084792505183 ] ] } },
{ "type": "Feature", "properties": { "ConType": "Certain" }, "geometry": { "type": "LineString", "coordinates": [ [ -126.721305573138324, -3.543493235313028 ], [ -128.494974681191991, -2.443454039992615 ], [ -129.34942551652469, -2.790333898348339 ], [ -127.064213759554264, -3.907084792505183 ] ] } },
{ "type": "Feature", "properties": { "ConType": "Certain" }, "geometry": { "type": "LineString", "coordinates": [ [ -118.731327034782424, -25.468191314537474 ], [ -117.528835130360108, -24.686110305404885 ], [ -117.482615109142287, -23.76898761246354 ], [ -120.738566190371444, -23.516316905142951 ], [ -122.427597751316995, -21.13868796270981 ], [ -123.285218912443341, -17.72289424429832 ], [ -121.835432583258935, -13.982388745616067 ], [ -122.721808518768853, -13.34948549015272 ], [ -122.240846807876068, -10.694794584497041 ], [ -123.967858795914594, -10.328931325826105 ], [ -124.307492396949627, -8.441070139668746 ] ] } },
{ "type": "Feature", "properties": { "ConType": "Certain" }, "geometry": { "type": "LineString", "coordinates": [ [ -122.844123881290471, -9.005002395201483 ], [ -123.366077866539911, -7.6270508260133 ], [ -122.364025950277991, -6.198672216982507 ], [ -121.542641965605767, -6.666413871569069 ], [ -120.849678941860702, -5.980241634367036 ], [ -119.104084346949264, -7.93730533510961 ], [ -119.886149450847356, -9.742891354931361 ], [ -122.844123881290471, -9.005002395201483 ] ] } },
{ "type": "Feature", "properties": { "ConType": "Certain" }, "geometry": { "type": "LineString", "coordinates": [ [ -126.721305573138324, -3.543493235313028 ], [ -125.15104329888517, -3.1694387149073 ], [ -122.578672313854483, -4.336483002725067 ], [ -121.472077701760554, -1.198806144160424 ], [ -122.984748549750719, 1.431460939930662 ], [ -120.322638635415132, 1.491161823067849 ], [ -119.844717535098383, 3.460017476051799 ] ] } },
{ "type": "Feature", "properties": { "ConType": "Certain" }, "geometry": { "type": "LineString", "coordinates": [ [ -113.835675798243173, -45.003667560204192 ], [ -109.764976813025015, -40.791641095005879 ] ] } },
{ "type": "Feature", "properties": { "ConType": "Certain" }, "geometry": { "type": "LineString", "coordinates": [ [ -109.937797095965337, -40.738461219515749 ], [ -113.052055322021786, -42.84381930848064 ], [ -114.348968032850749, -45.004983054680956 ] ] } },
{ "type": "Feature", "properties": { "ConType": "Certain" }, "geometry": { "type": "LineString", "coordinates": [ [ -109.764976813025015, -40.791641095005879 ], [ -108.612306969122685, -40.450137070709381 ], [ -109.138019895861305, -39.230134528690222 ], [ -110.429170875299874, -39.892577818070357 ], [ -109.937797095965337, -40.738461219515749 ] ] } },
{ "type": "Feature", "properties": { "ConType": "Certain" }, "geometry": { "type": "LineString", "coordinates": [ [ -106.116399823594179, -35.40607457561687 ], [ -105.410558912196919, -34.922404836130575 ], [ -103.565929581413826, -36.518436162585083 ], [ -104.812126784936069, -38.762215561902835 ], [ -106.541055850051748, -37.65296772056891 ], [ -106.116399823594179, -35.40607457561687 ] ] } },
{ "type": "Feature", "properties": { "ConType": "Certain" }, "geometry": { "type": "LineString", "coordinates": [ [ -110.329534959158053, -28.945779662295312 ], [ -111.526346050029375, -28.932871932953898 ], [ -111.463256748443598, -29.924444420143633 ], [ -109.972689866229857, -29.495996480906246 ], [ -110.329534959158053, -28.945779662295312 ] ] } },
{ "type": "Feature", "properties": { "ConType": "Certain" }, "geometry": { "type": "LineString", "coordinates": [ [ -107.145816133578847, -32.122360104517405 ], [ -109.229911842530242, -32.859303670694153 ], [ -111.12611718909406, -32.091262036961872 ], [ -112.86062384697685, -33.196851215963044 ], [ -112.624863348878762, -31.761563462755579 ], [ -110.970510122790373, -31.274922818051358 ], [ -114.085239494013862, -30.014351009022043 ], [ -113.195837715425398, -27.811844832566994 ], [ -114.536248993581182, -27.929434651967703 ], [ -114.845714447389554, -27.273805477687315 ] ] } },
{ "type": "Feature", "properties": { "ConType": "Certain" }, "geometry": { "type": "LineString", "coordinates": [ [ -110.773542386163129, -27.261121269160878 ], [ -112.173425318168995, -27.765439178827648 ], [ -109.952388672879195, -28.074006407353565 ], [ -109.266050474464762, -29.860660716398954 ], [ -110.657631114788543, -30.813318687761967 ], [ -109.129131435442844, -31.918529254247051 ], [ -108.468917668825014, -30.629197595537487 ], [ -107.145816133578847, -32.122360104517405 ] ] } },
{ "type": "Feature", "properties": { "ConType": "Certain" }, "geometry": { "type": "LineString", "coordinates": [ [ -105.521843112418821, -28.274007060815997 ], [ -104.948478696653154, -27.594450566834738 ], [ -106.080509894388541, -26.702186528674485 ], [ -109.039887075497532, -28.866819647438472 ], [ -108.302397184466585, -29.488134015292616 ], [ -107.943715971874113, -28.674131724822022 ], [ -107.532921794259764, -29.060102075600909 ], [ -107.316451216035929, -27.637675773867141 ], [ -105.521843112418821, -28.274007060815997 ] ] } },
{ "type": "Feature", "properties": { "ConType": "Certain" }, "geometry": { "type": "LineString", "coordinates": [ [ -110.545114128628498, -26.740019310473109 ], [ -106.699227870389592, -25.656483472895179 ], [ -109.959766719726616, -27.068384928411888 ] ] } },
{ "type": "Feature", "properties": { "ConType": "Certain" }, "geometry": { "type": "LineString", "coordinates": [ [ -111.02425882724431, -24.284884311910755 ], [ -110.798631483817516, -26.013818768910834 ], [ -112.933611477599513, -26.820022676396288 ], [ -110.620323311258403, -26.835174458556683 ] ] } },
{ "type": "Feature", "properties": { "ConType": "Certain" }, "geometry": { "type": "LineString", "coordinates": [ [ -108.360119077843038, -24.794469508924266 ], [ -108.705973323937428, -23.51038933126058 ], [ -108.080344601034454, -23.262774226235109 ], [ -107.91500933201327, -24.275967269558315 ], [ -106.849543618360812, -24.668049197633497 ], [ -108.360119077843038, -24.794469508924266 ] ] } },
{ "type": "Feature", "properties": { "ConType": "Certain" }, "geometry": { "type": "LineString", "coordinates": [ [ -110.187545128226603, -22.848070408084951 ], [ -109.864016670362417, -25.176711010535154 ], [ -109.660799686955059, -24.593176567523606 ], [ -108.844917877921944, -24.953726254384495 ], [ -110.187545128226603, -22.848070408084951 ] ] } },
{ "type": "Feature", "properties": { "ConType": "Certain" }, "geometry": { "type": "LineString", "coordinates": [ [ -106.559288113052588, -32.033555448622408 ], [ -102.895948750937379, -30.090817569199817 ], [ -102.149949021897385, -30.473715987006358 ], [ -102.804551670428978, -29.348723691536524 ], [ -100.901976892476554, -29.141899039501855 ], [ -100.945485020092605, -27.894884614279064 ], [ -102.304555067549472, -29.011111661308931 ], [ -101.755219889642035, -28.410543994963703 ], [ -104.021993311396187, -28.936173118297852 ], [ -104.987967298118718, -30.420169941556615 ], [ -105.881457744293911, -30.241252769670517 ], [ -106.644948710040296, -32.033555448622408 ] ] } },
{ "type": "Feature", "properties": { "ConType": "Certain" }, "geometry": { "type": "LineString", "coordinates": [ [ -97.971584335022456, -26.62983850085719 ], [ -97.388340146876459, -25.827197764937171 ], [ -98.991175708255994, -25.944934922937911 ], [ -98.638289244513587, -24.972306575889835 ], [ -100.146849379200049, -24.559073502211387 ], [ -100.857966636969408, -22.770198818469336 ], [ -101.64864998378404, -22.558889460816793 ], [ -102.558688588160138, -23.685753050164319 ], [ -102.451117265915926, -25.712840939207304 ], [ -103.234051089781673, -26.021570649778617 ], [ -103.59525257137247, -24.875905114339208 ], [ -102.869256700465442, -23.271889409621306 ], [ -103.395643441268589, -21.122785267484684 ], [ -104.167413248122187, -20.967239170697052 ], [ -102.926120420202253, -20.676108379524017 ], [ -102.592311103012179, -19.341520692677559 ], [ -104.572262802286971, -19.91187613025566 ], [ -104.079620202078047, -20.608512141927271 ], [ -104.957592069553399, -21.446939833603203 ], [ -104.0865414029699, -22.678221241421024 ], [ -104.813928782381439, -23.364432501355822 ], [ -105.246124707854207, -22.854794945352364 ], [ -104.763496944256403, -20.445199963994053 ], [ -105.356111257933577, -20.179312062847774 ], [ -103.377782660964812, -19.260988147103198 ], [ -104.11222658581103, -18.493985432209353 ] ] } },
{ "type": "Feature", "properties": { "ConType": "Certain" }, "geometry": { "type": "LineString", "coordinates": [ [ -94.431574603297349, -34.081361110972516 ], [ -96.511626309911136, -35.566539706677219 ], [ -97.20331558918339, -35.124012304121031 ], [ -98.573455478702726, -37.225336782080234 ], [ -98.666157748098428, -34.697406146850966 ], [ -100.043710687193609, -35.855923899955926 ], [ -101.852217508930735, -33.782297502461176 ], [ -103.991689697608564, -33.925562298047232 ], [ -104.139852161094865, -33.299428703493 ] ] } },
{ "type": "Feature", "properties": { "ConType": "Certain" }, "geometry": { "type": "LineString", "coordinates": [ [ -98.790118918200733, -27.905229602402486 ], [ -100.118684345057915, -28.511515264865377 ], [ -98.010418985004364, -28.939775665459429 ], [ -98.099586166802538, -31.35455776492309 ], [ -98.848517468335544, -30.552406064673352 ], [ -99.172412208284143, -31.120505623562494 ], [ -101.24245423932598, -30.705176274271 ], [ -103.101819969410258, -33.06133759881579 ], [ -103.759315573330127, -32.841194448186776 ], [ -102.775016543621675, -31.062239433471806 ], [ -103.388313436605799, -31.0210657081896 ], [ -104.139852161094865, -33.299428703493 ] ] } },
{ "type": "Feature", "properties": { "ConType": "Certain" }, "geometry": { "type": "LineString", "coordinates": [ [ -97.971584335022456, -26.62983850085719 ], [ -101.702709237694663, -26.840162482567365 ], [ -101.435272061836244, -27.524493063118044 ], [ -99.115644408027165, -27.104716738208289 ], [ -98.790118918200733, -27.905229602402486 ] ] } },
{ "type": "Feature", "properties": { "ConType": "Certain" }, "geometry": { "type": "LineString", "coordinates": [ [ -87.380056337370206, -32.480664439230594 ], [ -88.356296402729996, -34.499604382992338 ], [ -90.07857361054171, -33.707864982029577 ], [ -93.664037138787336, -34.220280113690798 ] ] } },
{ "type": "Feature", "properties": { "ConType": "Certain" }, "geometry": { "type": "LineString", "coordinates": [ [ -97.38918667602448, -28.828662732591805 ], [ -97.330114427247736, -31.750594753976777 ], [ -95.505548618189323, -32.16039892555353 ], [ -93.827036129032948, -30.879740549852642 ], [ -94.447411461470438, -30.492384042880193 ], [ -93.871570495490175, -29.999425639837263 ], [ -93.030717342940989, -30.065473628334104 ], [ -93.622318061498547, -30.554631663067205 ], [ -93.208960051098188, -31.279855294110497 ], [ -92.460017998774262, -30.360950875230422 ], [ -91.321486655202634, -31.191415759478328 ], [ -89.820144842269485, -30.79846057367833 ], [ -90.773898424755117, -30.161494914216856 ], [ -89.751268132711147, -28.782781090868863 ], [ -88.631288136274051, -29.835010829789443 ], [ -86.163598215690371, -29.492952275740627 ], [ -87.3112451482762, -29.380231677515514 ], [ -87.332632682665647, -28.293284003891991 ] ] } },
{ "type": "Feature", "properties": { "ConType": "Certain" }, "geometry": { "type": "LineString", "coordinates": [ [ -85.610854700691064, -24.82688521122137 ], [ -88.597127056264384, -27.868950623179799 ], [ -95.860639201828278, -29.9064932012847 ], [ -95.666149924835224, -31.188190377103624 ], [ -96.625441556304608, -30.310261219288716 ], [ -96.475473649183826, -29.199858647375539 ] ] } },
{ "type": "Feature", "properties": { "ConType": "Certain" }, "geometry": { "type": "LineString", "coordinates": [ [ -109.445681742903432, -20.355546209973685 ], [ -109.064473573677063, -18.005048431758635 ], [ -111.702502174774281, -18.818770327751661 ] ] } },
{ "type": "Feature", "properties": { "ConType": "Certain" }, "geometry": { "type": "LineString", "coordinates": [ [ -109.477139081444776, -17.019786543408507 ], [ -107.545435925933617, -16.992753013520357 ], [ -107.479896377295304, -18.799120731263624 ], [ -108.679248602273603, -19.409534037876959 ], [ -107.123658060984553, -20.799441152706667 ], [ -108.523403442227035, -21.841963811245868 ] ] } },
{ "type": "Feature", "properties": { "ConType": "Certain" }, "geometry": { "type": "LineString", "coordinates": [ [ -106.660629322286283, -16.600378871693202 ], [ -106.951192026497978, -17.44121107998685 ], [ -105.800293259974922, -16.662919751031183 ], [ -105.872188260675898, -14.617478474509054 ], [ -106.288661688689388, -15.562805254005381 ] ] } },
{ "type": "Feature", "properties": { "ConType": "Certain" }, "geometry": { "type": "LineString", "coordinates": [ [ -108.81859543700314, -14.614262731570497 ], [ -108.456305114649751, -13.367973476874457 ], [ -109.428802974797634, -12.530743077037728 ], [ -111.074239356400895, -13.420108332617211 ], [ -112.203603922683342, -11.945896938601901 ] ] } },
{ "type": "Feature", "properties": { "ConType": "Certain" }, "geometry": { "type": "LineString", "coordinates": [ [ -104.749026646816887, -11.729499485542949 ], [ -106.81336573944391, -12.421528740439788 ], [ -106.558722014657803, -14.023722334499508 ], [ -108.003766971335892, -13.598103373551128 ], [ -108.81859543700314, -14.614262731570497 ] ] } },
{ "type": "Feature", "properties": { "ConType": "Certain" }, "geometry": { "type": "LineString", "coordinates": [ [ -103.245929335257898, -11.011279694676592 ], [ -101.654177064322823, -12.559511092042591 ], [ -102.606289973884657, -14.722785482320988 ], [ -105.382898182486386, -13.77313117970586 ], [ -104.749026646816887, -11.729499485542949 ] ] } },
{ "type": "Feature", "properties": { "ConType": "Certain" }, "geometry": { "type": "LineString", "coordinates": [ [ -109.207207197747621, -3.307341761289322 ], [ -107.748821614313499, -2.93594073394669 ], [ -107.748535725720117, -4.721441954711561 ], [ -108.904447790505827, -4.774885049796115 ], [ -109.207207197747621, -3.307341761289322 ] ] } },
{ "type": "Feature", "properties": { "ConType": "Certain" }, "geometry": { "type": "LineString", "coordinates": [ [ -99.187489067984842, -2.814515602867903 ], [ -101.319344166309222, -2.723806309154458 ], [ -102.388766352393716, -4.943783648676566 ], [ -101.702879456352179, -6.149800308724648 ], [ -102.962926597105138, -5.532552635291641 ], [ -102.495960697824998, -6.656086483743532 ], [ -104.575552771851832, -8.824326941355967 ], [ -107.313622725819627, -6.329990558930258 ], [ -109.530505496348283, -7.099169876972395 ], [ -107.655425991455672, -9.074399060496228 ], [ -107.792245189927073, -9.920815031719492 ], [ -108.703979985498407, -9.647061067072206 ], [ -107.318816822045704, -12.077283023723524 ], [ -107.339457054448971, -13.247512263027492 ], [ -107.698056485181397, -11.976017300871391 ], [ -108.197784704129518, -13.17537760213402 ], [ -109.099080893954053, -12.346228641075397 ], [ -108.38756734092604, -11.586456024338029 ], [ -108.776225188266494, -10.547177350999164 ], [ -110.293705142043407, -11.068202095264137 ], [ -112.422826482427453, -9.595419788054668 ], [ -113.15873230707632, -10.759535900101692 ] ] } },
{ "type": "Feature", "properties": { "ConType": "Certain" }, "geometry": { "type": "LineString", "coordinates": [ [ -99.613287804582143, -20.316449032932997 ], [ -100.102647231968575, -21.068591463798292 ], [ -100.320412736361561, -20.272408530108599 ], [ -101.051163543579506, -20.681391720505754 ], [ -100.445648320387775, -21.756959777590428 ], [ -99.790259007464996, -21.319597454018229 ], [ -99.23371417439273, -22.714047341927877 ], [ -99.181504244492004, -19.696473082484328 ] ] } },
{ "type": "Feature", "properties": { "ConType": "Certain" }, "geometry": { "type": "LineString", "coordinates": [ [ -95.46588727196017, -15.569424324694888 ], [ -96.485773863231103, -15.798017718994734 ], [ -96.587615779008999, -14.537165858457879 ], [ -97.306506359867754, -15.563984322264657 ], [ -99.262243043660121, -16.155899323375678 ] ] } },
{ "type": "Feature", "properties": { "ConType": "Certain" }, "geometry": { "type": "LineString", "coordinates": [ [ -104.036354544370411, -16.381024057434196 ], [ -101.910887157076985, -15.308036671644265 ], [ -101.707163926840508, -16.657941432412407 ], [ -99.96656856842111, -13.379844816781326 ], [ -97.767563825630702, -13.018663313193976 ], [ -96.880169701181643, -11.833046232722293 ], [ -95.158936800794976, -12.621272140007422 ] ] } },
{ "type": "Feature", "properties": { "ConType": "Certain" }, "geometry": { "type": "LineString", "coordinates": [ [ -96.813005632188194, -10.490502653910555 ], [ -96.67305033896902, -11.260105154081989 ], [ -100.728644476154443, -12.693056400966478 ], [ -100.396296188150828, -10.497205099291996 ], [ -99.648878103309158, -10.859206647486943 ], [ -99.049210664004093, -9.534239180567363 ], [ -98.381411699946582, -9.704758085229098 ], [ -98.554337861688396, -10.456011956630389 ] ] } },
{ "type": "Feature", "properties": { "ConType": "Certain" }, "geometry": { "type": "LineString", "coordinates": [ [ -96.28251828910129, -19.645441027043393 ], [ -96.735588975810742, -20.007067046154635 ], [ -95.675006370321739, -19.662387861506343 ], [ -95.492961334968271, -20.402980199947777 ], [ -94.486121689185424, -20.441996330535304 ], [ -94.86051485290912, -19.343553515539735 ], [ -96.28251828910129, -19.645441027043393 ] ] } },
{ "type": "Feature", "properties": { "ConType": "Certain" }, "geometry": { "type": "LineString", "coordinates": [ [ -95.46588727196017, -15.569424324694888 ], [ -94.795987751759981, -16.304877686149279 ], [ -92.409998572200863, -15.638216666926919 ], [ -92.260753299607387, -13.30655690931348 ] ] } },
{ "type": "Feature", "properties": { "ConType": "Certain" }, "geometry": { "type": "LineString", "coordinates": [ [ -90.445921408334158, -16.329453522578177 ], [ -91.169101930712571, -14.96343187521393 ], [ -90.415277040643844, -14.088268002198578 ], [ -91.734266263158872, -14.396058947771898 ], [ -92.260753299607387, -13.30655690931348 ] ] } },
{ "type": "Feature", "properties": { "ConType": "Certain" }, "geometry": { "type": "LineString", "coordinates": [ [ -94.471182779280554, -10.156199868822318 ], [ -96.135885570822936, -10.771608711808815 ], [ -93.881692602569601, -11.366782211687866 ], [ -94.584791092735799, -12.455880442525137 ] ] } },
{ "type": "Feature", "properties": { "ConType": "Certain" }, "geometry": { "type": "LineString", "coordinates": [ [ -103.245929335257898, -11.011279694676592 ], [ -103.554022480287131, -9.800963724091382 ], [ -102.664137611941271, -9.88132069869731 ], [ -102.60875037812616, -10.890868115846164 ], [ -102.229066717219396, -9.964962547784669 ], [ -99.704005088837405, -9.408601051973044 ], [ -98.429718555208638, -8.267510888254094 ], [ -96.454984102636047, -8.55600055636916 ], [ -96.127322879155699, -7.208401490684905 ], [ -95.834613931237755, -9.535160546432584 ] ] } },
{ "type": "Feature", "properties": { "ConType": "Certain" }, "geometry": { "type": "LineString", "coordinates": [ [ -97.903680578636752, -3.458132202848136 ], [ -97.211408504265904, -2.985024901071396 ], [ -96.657339634401865, -4.151144597786667 ], [ -97.83549481185706, -4.502599686057932 ], [ -97.903680578636752, -3.458132202848136 ] ] } },
{ "type": "Feature", "properties": { "ConType": "Certain" }, "geometry": { "type": "LineString", "coordinates": [ [ -95.563355380155969, -9.242486841981638 ], [ -95.388587179219314, -8.154789036869285 ], [ -94.392335908253528, -7.652489505750536 ], [ -94.019061819418496, -8.233314027237892 ], [ -95.089439496884879, -9.517210013513692 ] ] } },
{ "type": "Feature", "properties": { "ConType": "Certain" }, "geometry": { "type": "LineString", "coordinates": [ [ -98.844846683331809, -3.035805477045403 ], [ -98.423420675939738, -4.612481145507293 ], [ -95.107051498610588, -5.211908373889163 ], [ -91.966277835151814, -2.289174851361993 ], [ -90.954041754024232, -2.899479387013223 ], [ -90.037778665962804, -1.829318370961502 ], [ -89.164405475680084, -3.531050883306317 ], [ -87.945798607272451, -3.250784076336609 ], [ -86.289490062950094, -4.157478762623766 ], [ -87.901970129171914, -6.40157896092528 ], [ -86.36868814186974, -6.704589484877232 ] ] } },
{ "type": "Feature", "properties": { "ConType": "Certain" }, "geometry": { "type": "LineString", "coordinates": [ [ -176.474208299826898, 4.657048872394213 ], [ -178.694988957572747, 4.089899934053173 ], [ -177.402695310865681, 2.299714359547258 ], [ -176.447649522886536, 2.669066167422699 ] ] } },
{ "type": "Feature", "properties": { "ConType": "Certain" }, "geometry": { "type": "LineString", "coordinates": [ [ -177.882019626836552, 7.806717014735679 ], [ -177.664860539602046, 8.21043130846525 ], [ -175.790895802686123, 8.630592089572513 ], [ -176.586691167065851, 7.566145224416945 ], [ -177.444105279831376, 7.898000041224582 ], [ -177.63700337051668, 5.868585212743398 ], [ -177.882019626836552, 7.806717014735679 ] ] } },
{ "type": "Feature", "properties": { "ConType": "Certain" }, "geometry": { "type": "LineString", "coordinates": [ [ -175.172289430447648, 8.5405427888915 ], [ -174.874272810463509, 9.022081335778823 ], [ -174.54848923899732, 8.290589644071343 ], [ -175.309350604159164, 7.147127298552099 ], [ -175.172289430447648, 8.5405427888915 ] ] } },
{ "type": "Feature", "properties": { "ConType": "Certain" }, "geometry": { "type": "LineString", "coordinates": [ [ -171.620333050514688, 1.019883108806162 ], [ -170.373060035792719, 1.501160869867056 ], [ -169.649009197316957, 0.203500171111884 ], [ -170.817206246934148, -0.738517897486849 ], [ -171.837839378402123, 0.48839937186511 ] ] } },
{ "type": "Feature", "properties": { "ConType": "Certain" }, "geometry": { "type": "LineString", "coordinates": [ [ -172.059380026319786, 1.794502755759585 ], [ -172.465432584093662, 2.976558715890368 ], [ -171.338749301339021, 3.492663878449731 ], [ -170.683523994039973, 2.236769576952255 ], [ -172.059380026319786, 1.794502755759585 ] ] } },
{ "type": "Feature", "properties": { "ConType": "Certain" }, "geometry": { "type": "LineString", "coordinates": [ [ -179.999983509510002, 12.613538650906774 ], [ -178.8799602427884, 12.825632028124028 ], [ -179.504185852268733, 10.641069897837667 ], [ -179.302038727552628, 12.399581281115848 ], [ -179.999983509510002, 12.463633441343271 ] ] } },
{ "type": "Feature", "properties": { "ConType": "Certain" }, "geometry": { "type": "LineString", "coordinates": [ [ -179.999983509510002, 16.937986110233922 ], [ -178.866472059778346, 14.308043670348122 ], [ -178.013478860207584, 16.249607593083788 ], [ -179.280221333011923, 15.881434230185588 ], [ -179.51777058133851, 17.232373909574559 ], [ -178.162451343024088, 17.28895002586788 ], [ -179.999983509510002, 18.62841921155696 ] ] } },
{ "type": "Feature", "properties": { "ConType": "Internal" }, "geometry": { "type": "LineString", "coordinates": [ [ -176.061862552239518, 19.639957398167496 ], [ -176.633106974696375, 13.324674208105188 ] ] } },
{ "type": "Feature", "properties": { "ConType": "Internal" }, "geometry": { "type": "LineString", "coordinates": [ [ -176.557331439741944, 19.827673878054448 ], [ -177.197063558015799, 19.281763915321022 ], [ -176.64065454766569, 16.176705088278805 ], [ -177.170842975894118, 13.57400539658688 ], [ -178.109152595445266, 12.72641907975523 ], [ -176.441537256352404, 12.000413295695596 ] ] } },
{ "type": "Feature", "properties": { "ConType": "Internal" }, "geometry": { "type": "LineString", "coordinates": [ [ -175.377509118013705, 19.883534140073877 ], [ -174.863396927838835, 18.9582345439694 ], [ -175.469080209636502, 16.219514355125717 ], [ -174.872842780490117, 15.494490642624251 ], [ -173.357290060979267, 18.00751757184219 ] ] } },
{ "type": "Feature", "properties": { "ConType": "Internal" }, "geometry": { "type": "LineString", "coordinates": [ [ -165.551416646955317, -0.608902991975961 ], [ -164.548101400637051, 0.144751227638229 ], [ -164.437454164989646, 1.401692415431445 ], [ -165.603491664323542, 2.658934747388204 ], [ -167.424329748759874, 0.72743715293521 ] ] } },
{ "type": "Feature", "properties": { "ConType": "Certain" }, "geometry": { "type": "LineString", "coordinates": [ [ -164.385378959647483, 4.589425866647241 ], [ -163.717003832344318, 4.837486822800994 ], [ -163.901386993234979, 3.958397862407929 ], [ -165.376369875218217, 3.408917374040447 ], [ -163.275358083682761, 3.815917215000351 ] ] } },
{ "type": "Feature", "properties": { "ConType": "Internal" }, "geometry": { "type": "LineString", "coordinates": [ [ -164.385378959647483, 4.589425866647241 ], [ -166.349438318753442, 3.965768677204906 ], [ -166.958439472705521, 2.454684579996828 ], [ -168.029127719415328, 5.405185664096924 ] ] } },
{ "type": "Feature", "properties": { "ConType": "Certain" }, "geometry": { "type": "LineString", "coordinates": [ [ -167.823820445881296, 8.405114624043019 ], [ -168.143160359332541, 7.384995502398579 ], [ -167.657484116635032, 6.836161740059913 ], [ -167.157361073241987, 7.806571506408327 ], [ -166.958995667841094, 6.887412119000958 ], [ -166.521688757011106, 7.231621761207499 ], [ -166.955253719856671, 8.393824176410719 ] ] } },
{ "type": "Feature", "properties": { "ConType": "Certain" }, "geometry": { "type": "LineString", "coordinates": [ [ -166.191422643276354, 9.991086323321328 ], [ -166.509961632698435, 11.063411714321129 ], [ -167.924816924079181, 11.191391582828981 ], [ -168.539310261370815, 10.380670090773091 ], [ -168.005856385933726, 8.988442219858847 ] ] } },
{ "type": "Feature", "properties": { "ConType": "Certain" }, "geometry": { "type": "LineString", "coordinates": [ [ -161.747000700618287, 1.128391289926519 ], [ -160.495680896927325, 1.3134714318468 ], [ -159.906884179207708, 1.837059906666387 ], [ -160.01999239950743, 1.231975829763473 ], [ -161.747000700618287, 1.128391289926519 ] ] } },
{ "type": "Feature", "properties": { "ConType": "Certain" }, "geometry": { "type": "LineString", "coordinates": [ [ -158.21812237407363, 10.516740222941399 ], [ -160.667666984448999, 7.830937125301526 ], [ -160.316847033777378, 5.855421495858006 ] ] } },
{ "type": "Feature", "properties": { "ConType": "Certain" }, "geometry": { "type": "LineString", "coordinates": [ [ -166.40159923362188, 11.758661131193284 ], [ -165.515269787038193, 12.420236587710892 ], [ -164.701248392478107, 11.858052203018904 ], [ -165.58754191954813, 10.851881629080555 ], [ -166.40159923362188, 11.758661131193284 ] ] } },
{ "type": "Feature", "properties": { "ConType": "Certain" }, "geometry": { "type": "LineString", "coordinates": [ [ -166.937059928857877, 18.354228863732512 ], [ -168.324608771959731, 17.663787200553827 ], [ -167.561321108286279, 15.040287561257898 ], [ -166.028000569835115, 14.509153861494516 ], [ -163.920793654826412, 15.625456401501507 ], [ -163.603002247702591, 17.176860749700918 ], [ -164.262852278128776, 18.165602936188414 ], [ -165.19182131373924, 18.908088169023021 ], [ -166.937059928857877, 18.354228863732512 ] ] } },
{ "type": "Feature", "properties": { "ConType": "Certain" }, "geometry": { "type": "LineString", "coordinates": [ [ -165.091273272135908, 23.82238952146599 ], [ -165.360795194538326, 21.204975525656646 ], [ -163.690535734697676, 19.867094802301917 ], [ -161.394156438676873, 21.161524172769521 ], [ -161.641928023772437, 23.368704374291635 ] ] } },
{ "type": "Feature", "properties": { "ConType": "Internal" }, "geometry": { "type": "LineString", "coordinates": [ [ -161.540137939338337, 11.799657705866311 ], [ -160.119603888928964, 12.918748717424679 ], [ -159.687735539395561, 11.273831315412398 ], [ -161.401286537988994, 10.189116742651839 ], [ -161.991201621572685, 11.071963450734586 ] ] } },
{ "type": "Feature", "properties": { "ConType": "Certain" }, "geometry": { "type": "LineString", "coordinates": [ [ -161.991201621572685, 11.071963450734586 ], [ -163.319823318597116, 12.849340641781291 ], [ -161.540137939338337, 11.799657705866311 ] ] } },
{ "type": "Feature", "properties": { "ConType": "Certain" }, "geometry": { "type": "LineString", "coordinates": [ [ -158.432099002950139, 14.085773515311677 ], [ -160.280004462479212, 13.542022093738268 ], [ -160.965167708274578, 15.041586642640697 ], [ -159.676444145297893, 15.9894922037989 ], [ -158.283149215514896, 15.252933931457969 ] ] } },
{ "type": "Feature", "properties": { "ConType": "Certain" }, "geometry": { "type": "LineString", "coordinates": [ [ -158.90331172846146, 18.225414743743674 ], [ -159.706267413088256, 17.602562326849849 ], [ -158.394613603609343, 15.773607095180207 ], [ -157.138718616171815, 17.466319453215746 ], [ -158.060311055961847, 18.632432452122323 ], [ -158.90331172846146, 18.225414743743674 ] ] } },
{ "type": "Feature", "properties": { "ConType": "Internal" }, "geometry": { "type": "LineString", "coordinates": [ [ -162.790121347168281, 17.397506061198932 ], [ -163.066325862264648, 19.234626525157783 ], [ -160.05907898075327, 18.404391064766497 ], [ -158.238389191275672, 20.592537307576038 ] ] } },
{ "type": "Feature", "properties": { "ConType": "Internal" }, "geometry": { "type": "LineString", "coordinates": [ [ -157.915198601749182, 20.678700447976226 ], [ -156.544453683440366, 20.382449711354266 ], [ -160.697057110788421, 17.264403167107606 ], [ -161.329278179101919, 14.848871648477452 ], [ -162.21600961622525, 15.276753641018315 ], [ -162.807338570618072, 13.730051095159542 ], [ -163.351325734611095, 14.149019557492846 ] ] } },
{ "type": "Feature", "properties": { "ConType": "Certain" }, "geometry": { "type": "LineString", "coordinates": [ [ -172.689204753233525, 21.881688356296163 ], [ -173.885470188701703, 24.196453295466597 ], [ -176.405540772298622, 23.634621206937485 ] ] } },
{ "type": "Feature", "properties": { "ConType": "Certain" }, "geometry": { "type": "LineString", "coordinates": [ [ -172.525577003311525, 26.416542776290783 ], [ -171.916862733885011, 26.885904598151512 ], [ -172.302403926941622, 27.570080222210429 ], [ -171.210046069492591, 27.396781852258048 ], [ -171.267089159250332, 25.993813149758768 ], [ -172.368345245167689, 25.542129117208987 ], [ -172.525577003311525, 26.416542776290783 ] ] } },
{ "type": "Feature", "properties": { "ConType": "Certain" }, "geometry": { "type": "LineString", "coordinates": [ [ -172.710273414547771, 28.437019984218527 ], [ -170.23330300892323, 27.995918014518377 ], [ -170.500116991772472, 25.405366489003583 ], [ -173.096539072404369, 25.089001870126904 ], [ -174.203487134887183, 27.25411972424482 ] ] } },
{ "type": "Feature", "properties": { "ConType": "Certain" }, "geometry": { "type": "LineString", "coordinates": [ [ -174.203487134887183, 27.25411972424482 ], [ -175.173561219331788, 27.856585145923642 ], [ -174.858809822586437, 29.270655115113165 ], [ -173.520861210955161, 29.568264125125889 ], [ -172.710273414547771, 28.437019984218527 ] ] } },
{ "type": "Feature", "properties": { "ConType": "Certain" }, "geometry": { "type": "LineString", "coordinates": [ [ -176.781447390154483, 45.639079426983109 ], [ -178.136413626579269, 45.577863144018487 ], [ -178.273287235265173, 44.270198428696652 ], [ -177.073439402123881, 43.846463771402078 ], [ -176.06896637477189, 44.30460773985142 ], [ -176.321164136332897, 44.847163765814088 ] ] } },
{ "type": "Feature", "properties": { "ConType": "Certain" }, "geometry": { "type": "LineString", "coordinates": [ [ -173.925413911379366, 34.62568324784479 ], [ -173.729077978287421, 33.501531538907898 ], [ -172.292663654317749, 33.725228294217544 ], [ -172.58283843965387, 34.697948194473348 ], [ -173.925413911379366, 34.62568324784479 ] ] } },
{ "type": "Feature", "properties": { "ConType": "Certain" }, "geometry": { "type": "LineString", "coordinates": [ [ -171.215513225914322, 39.796104543874705 ], [ -172.014361369710059, 39.041432296913001 ], [ -168.277233904740029, 39.916097963107902 ], [ -169.343454112855682, 40.607141944293815 ], [ -169.959111088053646, 40.189872941264277 ] ] } },
{ "type": "Feature", "properties": { "ConType": "Certain" }, "geometry": { "type": "LineString", "coordinates": [ [ -165.091273272135908, 23.82238952146599 ], [ -165.703964506452962, 27.12458527158514 ], [ -167.460001941471745, 28.913583797183311 ] ] } },
{ "type": "Feature", "properties": { "ConType": "Certain" }, "geometry": { "type": "LineString", "coordinates": [ [ -164.59605578165565, 29.698887893429724 ], [ -165.055601086019607, 28.361623441025888 ], [ -164.187891504724604, 27.396655975666366 ], [ -163.009433145072478, 27.573435026299592 ], [ -162.391916438043694, 29.352993829835516 ] ] } },
{ "type": "Feature", "properties": { "ConType": "Certain" }, "geometry": { "type": "LineString", "coordinates": [ [ -163.087939153369774, 24.321434214362082 ], [ -162.397171170709186, 25.701815013795912 ], [ -160.995178382796695, 25.650529998180968 ], [ -160.363212223650322, 24.561019491001367 ], [ -160.789175935421213, 23.653153941353015 ] ] } },
{ "type": "Feature", "properties": { "ConType": "Certain" }, "geometry": { "type": "LineString", "coordinates": [ [ -158.107487172056892, 27.687311090510821 ], [ -159.791667052764552, 27.395679820340984 ], [ -160.554040477093963, 25.848147435442385 ], [ -159.833124569246564, 24.935045666913883 ], [ -158.141178030280344, 24.968708418084919 ] ] } },
{ "type": "Feature", "properties": { "ConType": "Certain" }, "geometry": { "type": "LineString", "coordinates": [ [ -162.576813480144153, 26.355148429229537 ], [ -162.520271585003371, 28.09838747638646 ], [ -160.443473024846668, 28.300910677619171 ], [ -160.48862096136591, 26.546348505042477 ], [ -162.576813480144153, 26.355148429229537 ] ] } },
{ "type": "Feature", "properties": { "ConType": "Certain" }, "geometry": { "type": "LineString", "coordinates": [ [ -162.391916438043694, 29.352993829835516 ], [ -160.757140088906482, 30.608128340621274 ], [ -161.131737415425988, 32.190101550342725 ], [ -163.134919169762185, 32.895458814656301 ] ] } },
{ "type": "Feature", "properties": { "ConType": "Internal" }, "geometry": { "type": "LineString", "coordinates": [ [ -170.176727730268226, 43.187228165165109 ], [ -169.726273225441417, 42.652184267539646 ], [ -165.988480685546676, 42.972496906616108 ] ] } },
{ "type": "Feature", "properties": { "ConType": "Certain" }, "geometry": { "type": "LineString", "coordinates": [ [ -153.814697474374555, 11.504360204938822 ], [ -155.197541586699487, 10.810993215278744 ], [ -154.611677325280283, 10.862968454754432 ], [ -154.75543440156062, 9.931210571644701 ], [ -153.704986405067672, 10.558317993285538 ] ] } },
{ "type": "Feature", "properties": { "ConType": "Certain" }, "geometry": { "type": "LineString", "coordinates": [ [ -151.474418655992935, 12.051358187285459 ], [ -150.644443094322952, 10.14915675198289 ], [ -151.862301618643187, 8.766346982828695 ], [ -153.704986405067672, 10.558317993285538 ] ] } },
{ "type": "Feature", "properties": { "ConType": "Certain" }, "geometry": { "type": "LineString", "coordinates": [ [ -147.32491941398996, 3.620633200629551 ], [ -148.153004040153235, 2.868731129087948 ], [ -147.22021212552778, 1.726984712028867 ], [ -146.272757220375894, 3.011358158736884 ], [ -147.32491941398996, 3.620633200629551 ] ] } },
{ "type": "Feature", "properties": { "ConType": "Certain" }, "geometry": { "type": "LineString", "coordinates": [ [ -147.991185922057298, 4.572584505357771 ], [ -147.696472218756128, 5.782982831618243 ], [ -148.413407590207896, 6.962227463224702 ], [ -151.308355245137477, 6.72863434765793 ] ] } },
{ "type": "Feature", "properties": { "ConType": "Certain" }, "geometry": { "type": "LineString", "coordinates": [ [ -151.957274346251324, 7.266109177187988 ], [ -148.921383647752407, 8.187323891567079 ], [ -147.327268409038453, 7.487717931036254 ], [ -146.289309847080403, 5.363923099687033 ], [ -147.108040018804019, 4.429725674146629 ] ] } },
{ "type": "Feature", "properties": { "ConType": "Certain" }, "geometry": { "type": "LineString", "coordinates": [ [ -148.360460845288799, 9.661608799886343 ], [ -147.327821365745564, 10.131326538881851 ], [ -146.569480332240062, 8.634108449028474 ], [ -148.648308117371499, 8.380018752730789 ], [ -148.360460845288799, 9.661608799886343 ] ] } },
{ "type": "Feature", "properties": { "ConType": "Internal" }, "geometry": { "type": "LineString", "coordinates": [ [ -153.996164057817083, 14.304657553755995 ], [ -154.765598766503444, 14.446049271360707 ], [ -155.039609365061267, 12.927377872723804 ], [ -156.35900149819895, 11.976640695045706 ], [ -157.941193357901568, 12.433493790308127 ] ] } },
{ "type": "Feature", "properties": { "ConType": "Certain" }, "geometry": { "type": "LineString", "coordinates": [ [ -155.608947965793533, 18.051238195765862 ], [ -154.914969450700426, 18.695944955624125 ], [ -154.011885407645877, 17.651924138096408 ], [ -155.137977594767989, 16.805011744156328 ], [ -155.608947965793533, 18.051238195765862 ] ] } },
{ "type": "Feature", "properties": { "ConType": "Certain" }, "geometry": { "type": "LineString", "coordinates": [ [ -155.860233631573095, 19.200243503973883 ], [ -153.882021472925032, 19.504736073919148 ], [ -152.934160544038008, 18.710512917073657 ], [ -153.020890148887531, 17.176629772585866 ], [ -154.444031332047558, 16.243345006748722 ] ] } },
{ "type": "Feature", "properties": { "ConType": "Certain" }, "geometry": { "type": "LineString", "coordinates": [ [ -145.068949138834626, 11.978422143970194 ], [ -148.26675461691184, 13.936608128349759 ], [ -145.626823168695381, 11.902201262449157 ] ] } },
{ "type": "Feature", "properties": { "ConType": "Internal" }, "geometry": { "type": "LineString", "coordinates": [ [ -151.250391290778396, 13.261221899139102 ], [ -150.187894394843653, 12.735379158249197 ], [ -147.928535714430922, 14.322185508040912 ], [ -146.564832181622478, 13.806098420660991 ], [ -146.136630244225159, 14.746141582161329 ] ] } },
{ "type": "Feature", "properties": { "ConType": "Internal" }, "geometry": { "type": "LineString", "coordinates": [ [ -148.431280793281388, 14.854535696071066 ], [ -149.742651025916729, 13.849677209993843 ], [ -152.919378051545266, 15.051412760000163 ] ] } },
{ "type": "Feature", "properties": { "ConType": "Certain" }, "geometry": { "type": "LineString", "coordinates": [ [ -150.690695921941995, 19.202582381406891 ], [ -151.584057213523607, 18.096127905542652 ], [ -150.702169558434463, 15.972343181915553 ], [ -147.977803604657538, 16.310715006152645 ], [ -146.999342693017269, 17.885233050239751 ] ] } },
{ "type": "Feature", "properties": { "ConType": "Certain" }, "geometry": { "type": "LineString", "coordinates": [ [ -149.390335567678591, 21.44831789372569 ], [ -148.667039813970149, 20.801739309045765 ], [ -146.736894312852058, 20.916084635386714 ], [ -147.187900488248459, 22.142384255312127 ], [ -149.355860370004962, 21.995587392902934 ], [ -149.390335567678591, 21.44831789372569 ] ] } },
{ "type": "Feature", "properties": { "ConType": "Certain" }, "geometry": { "type": "LineString", "coordinates": [ [ -146.435668532315447, 20.799863015720526 ], [ -147.263331941831439, 22.357547398854614 ], [ -150.614288801106312, 21.959534196778218 ], [ -152.489477756305519, 20.109120792086848 ], [ -152.444325555745621, 16.630914039708884 ] ] } },
{ "type": "Feature", "properties": { "ConType": "Approx" }, "geometry": { "type": "LineString", "coordinates": [ [ -144.377085960572771, 7.343672515905574 ], [ -145.075219105620647, 6.256982956899673 ], [ -143.515414821515805, 5.106788443030156 ], [ -142.987259173278289, 2.810662720572059 ], [ -145.297290615061655, -2.474480898398443 ], [ -144.308777486376215, -3.000182408192835 ], [ -144.505089184019596, -3.908463657288096 ], [ -143.160609668077626, -4.080689385215601 ], [ -143.277532137079476, -4.803266887157813 ] ] } },
{ "type": "Feature", "properties": { "ConType": "Certain" }, "geometry": { "type": "LineString", "coordinates": [ [ -144.169749518126338, 9.33177299150435 ], [ -145.252172144283776, 9.013912063698569 ], [ -146.535991575694482, 9.839022724296075 ], [ -146.770441324833598, 11.034161790167186 ], [ -145.626823168695381, 11.902201262449157 ] ] } },
{ "type": "Feature", "properties": { "ConType": "Approx" }, "geometry": { "type": "LineString", "coordinates": [ [ -139.999999997331173, 13.984613555838438 ], [ -141.212993139101798, 14.10871432463089 ], [ -142.874004936791778, 10.644958881025561 ] ] } },
{ "type": "Feature", "properties": { "ConType": "Certain" }, "geometry": { "type": "LineString", "coordinates": [ [ -141.785450930117378, 19.577726105331951 ], [ -143.069062172132419, 18.106670131105748 ], [ -142.592073204960741, 17.156196736943912 ], [ -140.896107261862198, 17.121844467638915 ] ] } },
{ "type": "Feature", "properties": { "ConType": "Certain" }, "geometry": { "type": "LineString", "coordinates": [ [ -145.004291685994616, 22.642118838992289 ], [ -146.011324720697814, 22.854819220374413 ], [ -146.310892765552296, 21.802188862794278 ], [ -144.380714514095388, 21.23978807391515 ], [ -144.551891904700199, 22.075991456632586 ] ] } },
{ "type": "Feature", "properties": { "ConType": "Certain" }, "geometry": { "type": "LineString", "coordinates": [ [ -154.74092190232011, 25.023853699744436 ], [ -155.644641099463144, 25.595570167664597 ], [ -156.97824623657209, 24.788415115282664 ], [ -157.098952439837973, 23.669654980750082 ], [ -155.976767063749065, 22.81999697991515 ] ] } },
{ "type": "Feature", "properties": { "ConType": "Certain" }, "geometry": { "type": "LineString", "coordinates": [ [ -157.359738243167328, 25.530764700177894 ], [ -154.966831533155101, 25.930849991885573 ], [ -153.622357442075412, 24.13446122421767 ] ] } },
{ "type": "Feature", "properties": { "ConType": "Approx" }, "geometry": { "type": "LineString", "coordinates": [ [ -152.578669895768002, 29.202625749256644 ], [ -151.908234709166408, 28.110858627981209 ], [ -151.433676667303729, 28.172086977554386 ], [ -152.020992701016695, 28.5412900518652 ], [ -151.563336089663238, 29.111435248823103 ], [ -152.578669895768002, 29.202625749256644 ] ] } },
{ "type": "Feature", "properties": { "ConType": "Internal" }, "geometry": { "type": "LineString", "coordinates": [ [ -154.17053173243221, 28.946137531720957 ], [ -153.852010491708512, 30.388546889137039 ], [ -151.895425455091015, 30.900863017886049 ], [ -152.164221547408999, 32.466797726149146 ] ] } },
{ "type": "Feature", "properties": { "ConType": "Certain" }, "geometry": { "type": "LineString", "coordinates": [ [ -152.866761214102098, 32.978657421166183 ], [ -153.984193368730189, 33.431788645381339 ], [ -155.710304146987568, 32.144166751564995 ], [ -157.546692155604575, 32.83886229824256 ], [ -158.125162854080941, 32.28421191282191 ] ] } },
{ "type": "Feature", "properties": { "ConType": "Certain" }, "geometry": { "type": "LineString", "coordinates": [ [ -156.981978033963117, 34.024332881050313 ], [ -155.384384142708313, 34.016673216245756 ], [ -155.666673654924693, 32.729749398324849 ], [ -157.109317237777645, 33.0980614629147 ], [ -156.981978033963117, 34.024332881050313 ] ] } },
{ "type": "Feature", "properties": { "ConType": "Certain" }, "geometry": { "type": "LineString", "coordinates": [ [ -149.223843381644343, 30.881252955288005 ], [ -150.489149796117687, 30.848056705997614 ], [ -151.08431951013543, 29.731903176569507 ], [ -150.019877146461283, 28.702784769022173 ], [ -148.669510385293989, 29.131611723105859 ] ] } },
{ "type": "Feature", "properties": { "ConType": "Certain" }, "geometry": { "type": "LineString", "coordinates": [ [ -154.284327505383914, 39.069548543570257 ], [ -156.77154047641281, 40.761356746899388 ], [ -156.574948737155268, 39.981858407521457 ] ] } },
{ "type": "Feature", "properties": { "ConType": "Certain" }, "geometry": { "type": "LineString", "coordinates": [ [ -155.710630008076834, 41.366517738126319 ], [ -156.234341823488649, 40.843812575989077 ], [ -154.475736542275087, 40.175100444368844 ] ] } },
{ "type": "Feature", "properties": { "ConType": "Certain" }, "geometry": { "type": "LineString", "coordinates": [ [ -148.475226778186112, 35.444489819437429 ], [ -149.801576035027097, 36.430484723753437 ], [ -150.503794507001828, 35.689967132988897 ], [ -149.332422804892303, 34.930693999316176 ] ] } },
{ "type": "Feature", "properties": { "ConType": "Certain" }, "geometry": { "type": "LineString", "coordinates": [ [ -147.389974985765718, 35.767396179158226 ], [ -147.669924169522091, 36.743759670852782 ], [ -146.498134380366707, 36.672874624512765 ], [ -146.686880990485434, 35.753281564710498 ], [ -147.389974985765718, 35.767396179158226 ] ] } },
{ "type": "Feature", "properties": { "ConType": "Certain" }, "geometry": { "type": "LineString", "coordinates": [ [ -142.23196507880516, 23.982443863486687 ], [ -141.538140590227357, 24.595504981073315 ], [ -140.631231973094543, 23.265790710189567 ], [ -141.884285988185809, 22.639655631630465 ], [ -142.23196507880516, 23.982443863486687 ] ] } },
{ "type": "Feature", "properties": { "ConType": "Certain" }, "geometry": { "type": "LineString", "coordinates": [ [ -144.247164416782454, 23.904149807361893 ], [ -144.8973442558908, 24.8789950334507 ], [ -144.857030775259489, 23.803826576008895 ], [ -145.663765907025095, 25.223632078955976 ], [ -146.995275876577949, 25.293316232271604 ], [ -146.944438314816551, 25.937637388301905 ], [ -147.662042332698149, 25.236967709562215 ] ] } },
{ "type": "Feature", "properties": { "ConType": "Certain" }, "geometry": { "type": "LineString", "coordinates": [ [ -142.507412444718511, 29.167255007402673 ], [ -141.198799367833772, 28.594399275531899 ], [ -140.839789547094142, 29.104297257902818 ], [ -142.258359701721304, 29.612300044024099 ], [ -142.126261142559116, 31.116485286156006 ] ] } },
{ "type": "Feature", "properties": { "ConType": "Certain" }, "geometry": { "type": "LineString", "coordinates": [ [ -146.093973295639074, 30.522358893524537 ], [ -144.910114965412816, 30.027996028263399 ], [ -144.393561498170413, 30.629003669077601 ], [ -144.907709670516937, 31.961652200152098 ], [ -145.69155423147518, 31.534902951833732 ] ] } },
{ "type": "Feature", "properties": { "ConType": "Certain" }, "geometry": { "type": "LineString", "coordinates": [ [ -139.999999997331173, 25.506298538305199 ], [ -138.549542175725406, 24.469676441461758 ], [ -138.288288353532636, 24.519929918689215 ], [ -140.117483789529899, 26.441327989319269 ], [ -140.581922675833965, 25.99327586084538 ], [ -139.999999997331173, 25.506298538305199 ] ] } },
{ "type": "Feature", "properties": { "ConType": "Certain" }, "geometry": { "type": "LineString", "coordinates": [ [ -139.999999997331173, 29.449541314168524 ], [ -139.999999997331173, 30.170518000260206 ], [ -138.614460170355471, 27.977333778537943 ], [ -139.262411558482825, 28.312765924317571 ], [ -139.999999997331173, 29.449541314168524 ] ] } },
{ "type": "Feature", "properties": { "ConType": "Certain" }, "geometry": { "type": "LineString", "coordinates": [ [ -140.378469748841894, 32.014169929153823 ], [ -139.400199122902933, 31.174125529583996 ], [ -138.17957252715172, 31.724306168155966 ], [ -138.019022052619647, 32.813596986550955 ], [ -139.163692605658412, 33.400791958443634 ] ] } },
{ "type": "Feature", "properties": { "ConType": "Certain" }, "geometry": { "type": "LineString", "coordinates": [ [ -141.884127931772753, 35.374563133555419 ], [ -139.78492419572035, 36.886485749582953 ], [ -142.514565120691515, 38.209450815740382 ] ] } },
{ "type": "Feature", "properties": { "ConType": "Certain" }, "geometry": { "type": "LineString", "coordinates": [ [ -142.277527197788544, 40.829136391010323 ], [ -140.459753890123238, 41.276083892207502 ], [ -139.615160313167991, 42.558115549535181 ], [ -142.634658944397103, 43.705082946393183 ] ] } },
{ "type": "Feature", "properties": { "ConType": "Certain" }, "geometry": { "type": "LineString", "coordinates": [ [ -135.616405175495856, 38.396584424679624 ], [ -135.234382152381158, 36.900625146912169 ], [ -136.397882069326442, 36.566871631603384 ], [ -137.059557280652058, 37.585296722104125 ], [ -136.126799557499055, 38.500090978411237 ] ] } },
{ "type": "Feature", "properties": { "ConType": "Certain" }, "geometry": { "type": "LineString", "coordinates": [ [ -139.999999997331173, 41.05671630231538 ], [ -138.96773440457298, 40.859276955532913 ], [ -139.081164818821009, 39.892937075865021 ], [ -140.614752098904802, 40.062179043794558 ], [ -139.999999997331173, 41.05671630231538 ] ] } },
{ "type": "Feature", "properties": { "ConType": "Certain" }, "geometry": { "type": "LineString", "coordinates": [ [ -138.187252598672274, 43.516450192426639 ], [ -139.176574793626941, 42.239738804717703 ], [ -137.82523328858781, 41.463999591505093 ], [ -136.771441209116546, 42.642615671195855 ], [ -138.187252598672274, 43.516450192426639 ] ] } },
{ "type": "Feature", "properties": { "ConType": "Certain" }, "geometry": { "type": "LineString", "coordinates": [ [ -173.942675750611471, 47.188592641808484 ], [ -175.799221940677768, 45.81996267778748 ], [ -177.480813713577334, 46.29158680902497 ], [ -177.292959419103852, 47.552365692797437 ] ] } },
{ "type": "Feature", "properties": { "ConType": "Certain" }, "geometry": { "type": "LineString", "coordinates": [ [ -173.597893605704655, 49.467016619819063 ], [ -175.187252028368164, 50.895729347601865 ], [ -176.600769502540942, 50.932376096211648 ], [ -178.019522229341788, 49.435094622860937 ], [ -174.285908525170299, 49.304124032723337 ] ] } },
{ "type": "Feature", "properties": { "ConType": "Certain" }, "geometry": { "type": "LineString", "coordinates": [ [ -174.845895243738084, 53.57305716146189 ], [ -174.220250935486035, 54.577119000741789 ], [ -174.920914008755176, 55.45538721739603 ], [ -177.608107269401756, 55.813012689130325 ] ] } },
{ "type": "Feature", "properties": { "ConType": "Certain" }, "geometry": { "type": "LineString", "coordinates": [ [ -169.54109838092532, 45.827196720099138 ], [ -168.447563008475441, 45.483954055472253 ], [ -168.820746998427552, 44.643208298707314 ], [ -170.320473636938488, 44.854071449070396 ], [ -169.54109838092532, 45.827196720099138 ] ] } },
{ "type": "Feature", "properties": { "ConType": "Certain" }, "geometry": { "type": "LineString", "coordinates": [ [ -173.061981898301156, 44.053531770556923 ], [ -174.949816886825715, 45.005326394049931 ], [ -174.286398121464629, 46.006476243105624 ], [ -172.670441523180045, 46.102383999317283 ] ] } },
{ "type": "Feature", "properties": { "ConType": "Approx" }, "geometry": { "type": "LineString", "coordinates": [ [ -177.658472845060032, 56.539119510837736 ], [ -178.699509117716104, 58.137115062853319 ], [ -176.949262098253087, 56.631426688667638 ] ] } },
{ "type": "Feature", "properties": { "ConType": "Certain" }, "geometry": { "type": "LineString", "coordinates": [ [ -171.879458592055869, 59.393899358352819 ], [ -172.199506705613629, 60.182550459418316 ], [ -174.228902713615156, 60.490009156085812 ], [ -172.620222366038774, 60.002573216677554 ], [ -171.879458592055869, 59.393899358352819 ] ] } },
{ "type": "Feature", "properties": { "ConType": "Certain" }, "geometry": { "type": "LineString", "coordinates": [ [ -174.995818482311989, 61.100142975113457 ], [ -174.394289355587432, 60.471374678295682 ], [ -174.733136925406654, 59.221087458391175 ], [ -172.68659130851546, 58.717624708185291 ], [ -167.807099318667184, 59.872040404681705 ] ] } },
{ "type": "Feature", "properties": { "ConType": "Approx" }, "geometry": { "type": "LineString", "coordinates": [ [ -169.47760016674161, 60.134992165897714 ], [ -171.45071049799148, 59.864363449571407 ], [ -172.267908705095437, 61.068884882365047 ], [ -170.301903152736628, 62.00429429798853 ], [ -169.396819604378379, 61.226909451978038 ], [ -170.567224088169667, 60.580676696497491 ], [ -169.47760016674161, 60.134992165897714 ] ] } },
{ "type": "Feature", "properties": { "ConType": "Certain" }, "geometry": { "type": "LineString", "coordinates": [ [ -179.999983509510002, 63.944048631769419 ], [ -177.821056145752095, 64.620473888645535 ], [ -173.314747614911937, 63.950113291427002 ] ] } },
{ "type": "Feature", "properties": { "ConType": "Certain" }, "geometry": { "type": "LineString", "coordinates": [ [ -172.847383764883233, 64.554329126541575 ], [ -169.454940427946582, 64.363338160207363 ], [ -169.338196732065938, 63.620966364705758 ], [ -170.278388933825227, 63.128774390823025 ] ] } },
{ "type": "Feature", "properties": { "ConType": "Approx" }, "geometry": { "type": "LineString", "coordinates": [ [ -178.767476010264971, 65.266620258553118 ], [ -173.766197880417479, 64.815998397549336 ] ] } },
{ "type": "Feature", "properties": { "ConType": "Approx" }, "geometry": { "type": "LineString", "coordinates": [ [ -173.766197880417479, 64.815998397549336 ], [ -177.6015975665741, 65.879271945789 ], [ -178.767476010264971, 65.266620258553118 ] ] } },
{ "type": "Feature", "properties": { "ConType": "Internal" }, "geometry": { "type": "LineString", "coordinates": [ [ -164.632558090421583, 46.892549375664281 ], [ -164.744476837938919, 46.006409512352874 ], [ -165.924153150075966, 45.762097848358763 ], [ -164.028992684752438, 45.020088427062078 ], [ -165.00325531031217, 44.342363676579581 ] ] } },
{ "type": "Feature", "properties": { "ConType": "Approx" }, "geometry": { "type": "LineString", "coordinates": [ [ -169.866773959707501, 47.719769832808204 ], [ -164.708861756330407, 46.962729338308023 ] ] } },
{ "type": "Feature", "properties": { "ConType": "Certain" }, "geometry": { "type": "LineString", "coordinates": [ [ -168.928854369616602, 51.353434067095733 ], [ -168.16634593382102, 52.367916268755778 ], [ -166.723755353026803, 51.82968785165442 ], [ -167.37169353021298, 51.018900565417731 ], [ -168.928854369616602, 51.353434067095733 ] ] } },
{ "type": "Feature", "properties": { "ConType": "Approx" }, "geometry": { "type": "LineString", "coordinates": [ [ -165.442660198414131, 52.227206929572674 ], [ -171.266149579698521, 53.258068142557399 ], [ -168.897124442463394, 55.137919597052445 ], [ -169.45178083645493, 56.552707758647976 ] ] } },
{ "type": "Feature", "properties": { "ConType": "Certain" }, "geometry": { "type": "LineString", "coordinates": [ [ -163.037616689702162, 52.560398290641828 ], [ -163.741059030394581, 53.098434357626275 ], [ -161.739989084255797, 53.277869720931854 ], [ -160.43006232008247, 52.612300391761472 ], [ -160.796165891908032, 51.865465626366806 ] ] } },
{ "type": "Feature", "properties": { "ConType": "Certain" }, "geometry": { "type": "LineString", "coordinates": [ [ -161.407366291625124, 53.387630758331902 ], [ -156.711561085133155, 54.602009762792903 ] ] } },
{ "type": "Feature", "properties": { "ConType": "Approx" }, "geometry": { "type": "LineString", "coordinates": [ [ -160.936627570463457, 57.570743245103181 ], [ -160.262705104305979, 58.030937834579873 ], [ -159.630274999065136, 57.491434370379189 ], [ -161.050048341977572, 57.10649991436658 ], [ -161.440441558242128, 55.433470786965223 ], [ -165.620749305470724, 57.053048053759881 ], [ -164.553595084470487, 57.30979701754849 ], [ -162.961663064268777, 56.404082140536531 ], [ -160.936627570463457, 57.570743245103181 ] ] } },
{ "type": "Feature", "properties": { "ConType": "Certain" }, "geometry": { "type": "LineString", "coordinates": [ [ -157.018033188974272, 59.854700170418496 ], [ -164.020155415906771, 61.239315402993945 ], [ -167.807099318667184, 59.872040404681705 ] ] } },
{ "type": "Feature", "properties": { "ConType": "Certain" }, "geometry": { "type": "LineString", "coordinates": [ [ -155.776780907365435, 62.993978685769754 ], [ -160.786858071497278, 61.620116113947162 ] ] } },
{ "type": "Feature", "properties": { "ConType": "Certain" }, "geometry": { "type": "LineString", "coordinates": [ [ -168.225130829786195, 65.233439963964088 ], [ -168.227402386162311, 63.622908867733152 ], [ -166.598403333977728, 63.306565667993581 ], [ -165.715598329729914, 61.973947849224523 ] ] } },
{ "type": "Feature", "properties": { "ConType": "Approx" }, "geometry": { "type": "LineString", "coordinates": [ [ -161.283094499514732, 63.631670211591384 ], [ -159.609218846263104, 63.565312293622107 ], [ -158.340020394849574, 64.544507527152547 ], [ -159.986166480350988, 65.763145107865597 ] ] } },
{ "type": "Feature", "properties": { "ConType": "Certain" }, "geometry": { "type": "LineString", "coordinates": [ [ -161.283094499514732, 63.631670211591384 ], [ -162.470791940471543, 64.097650002820103 ], [ -160.478888448438681, 64.463947580252508 ], [ -162.224959362747455, 64.631373366947784 ], [ -160.067970864276333, 64.994961926450088 ], [ -160.42988748452089, 65.862402444469225 ] ] } },
{ "type": "Feature", "properties": { "ConType": "Certain" }, "geometry": { "type": "LineString", "coordinates": [ [ -163.384254338674793, 66.195160848763635 ], [ -165.71542027552664, 64.532348768478329 ], [ -161.283094499514732, 63.631670211591384 ] ] } },
{ "type": "Feature", "properties": { "ConType": "Certain" }, "geometry": { "type": "LineString", "coordinates": [ [ -170.26653331447676, 67.121098543881899 ], [ -169.19760277591115, 67.890736752508516 ], [ -165.239529264205288, 67.958789163311934 ] ] } },
{ "type": "Feature", "properties": { "ConType": "Certain" }, "geometry": { "type": "LineString", "coordinates": [ [ -173.059012061566733, 68.505899583761632 ], [ -171.77389731155003, 68.134288813764854 ], [ -171.938103213284251, 67.178973899851869 ], [ -174.316792896023117, 66.724427274653664 ], [ -176.196963114766334, 67.364966005642003 ] ] } },
{ "type": "Feature", "properties": { "ConType": "Certain" }, "geometry": { "type": "LineString", "coordinates": [ [ -178.366912324850887, 68.903806108971679 ], [ -173.570144686530796, 69.089732667915172 ] ] } },
{ "type": "Feature", "properties": { "ConType": "Certain" }, "geometry": { "type": "LineString", "coordinates": [ [ -165.239529264205288, 67.958789163311934 ], [ -162.0791547455743, 69.179198200649964 ], [ -162.258895810587319, 70.384858574210938 ], [ -156.667011159709233, 70.468169981580601 ] ] } },
{ "type": "Feature", "properties": { "ConType": "Certain" }, "geometry": { "type": "LineString", "coordinates": [ [ -163.98367928168912, 69.845278208877374 ], [ -166.999774064116679, 69.598071406358955 ], [ -169.34588062572351, 69.80004940398554 ], [ -168.967523200191039, 70.677814150548713 ], [ -167.347474966309989, 70.534312586930795 ], [ -166.32405865953919, 71.364907397454814 ], [ -165.224682507705666, 71.113126581904837 ], [ -166.144938056966339, 70.597470485817681 ], [ -163.207153519507926, 70.188066161217932 ], [ -163.98367928168912, 69.845278208877374 ] ] } },
{ "type": "Feature", "properties": { "ConType": "Certain" }, "geometry": { "type": "LineString", "coordinates": [ [ -174.590120641277821, 69.762047373079284 ], [ -172.287574434365411, 69.868360275674377 ], [ -171.258374594523701, 70.565957622409314 ], [ -173.512069741797859, 71.447825335770688 ], [ -176.951587237098664, 70.799803078165823 ], [ -174.590120641277821, 69.762047373079284 ] ] } },
{ "type": "Feature", "properties": { "ConType": "Certain" }, "geometry": { "type": "LineString", "coordinates": [ [ -170.080352479541574, 71.689617367239634 ], [ -169.745237214972832, 70.270223058960212 ], [ -173.570144686530796, 69.089732667915172 ] ] } },
{ "type": "Feature", "properties": { "ConType": "Certain" }, "geometry": { "type": "LineString", "coordinates": [ [ -175.253807154097046, 72.230861150345149 ], [ -170.080352479541574, 71.689617367239634 ] ] } },
{ "type": "Feature", "properties": { "ConType": "Certain" }, "geometry": { "type": "LineString", "coordinates": [ [ -172.59245475170124, 74.027025216589706 ], [ -172.449587316559558, 73.12829778314962 ], [ -173.955746542409088, 72.848349611814328 ], [ -177.411901434070899, 73.741027562020065 ] ] } },
{ "type": "Feature", "properties": { "ConType": "Certain" }, "geometry": { "type": "LineString", "coordinates": [ [ -172.173694742586719, 74.655512630857203 ], [ -167.105828875178673, 74.707529729163824 ], [ -170.929162731046688, 75.300027561649117 ] ] } },
{ "type": "Feature", "properties": { "ConType": "Certain" }, "geometry": { "type": "LineString", "coordinates": [ [ -172.59245475170124, 74.027025216589706 ], [ -167.014592614630203, 73.851057418659636 ], [ -164.82817565302696, 75.196199691180922 ], [ -167.941361998847725, 76.094880009114974 ], [ -171.168094056202307, 75.985644022534728 ] ] } },
{ "type": "Feature", "properties": { "ConType": "Certain" }, "geometry": { "type": "LineString", "coordinates": [ [ -173.374450199708036, 74.934834845636416 ], [ -174.700976577478116, 75.873202664561148 ], [ -171.168094056202307, 75.985644022534728 ] ] } },
{ "type": "Feature", "properties": { "ConType": "Certain" }, "geometry": { "type": "LineString", "coordinates": [ [ -172.758527989966836, 77.197634277105379 ], [ -179.999983509510002, 76.741829660970595 ] ] } },
{ "type": "Feature", "properties": { "ConType": "Approx" }, "geometry": { "type": "LineString", "coordinates": [ [ -172.758527989966836, 77.197634277105379 ], [ -163.262101065761669, 75.642951376285311 ], [ -163.467257722693802, 74.651099642248454 ], [ -170.080352479541574, 71.689617367239634 ] ] } },
{ "type": "Feature", "properties": { "ConType": "Certain" }, "geometry": { "type": "LineString", "coordinates": [ [ -175.615404980413359, 77.858116853069333 ], [ -177.494200100448239, 77.169393301486892 ], [ -179.999983509510002, 77.825005759276749 ] ] } },
{ "type": "Feature", "properties": { "ConType": "Certain" }, "geometry": { "type": "LineString", "coordinates": [ [ -163.601743804968976, 77.601517598990753 ], [ -161.737245162530911, 77.199288418197924 ], [ -159.409291430090406, 77.650950507262223 ], [ -165.731832736321337, 78.173323562298549 ], [ -163.601743804968976, 77.601517598990753 ] ] } },
{ "type": "Feature", "properties": { "ConType": "Certain" }, "geometry": { "type": "LineString", "coordinates": [ [ -155.530367955119573, 81.601249307509661 ], [ -166.39185781006978, 80.378692565545023 ], [ -173.221383838798829, 78.069452174211719 ] ] } },
{ "type": "Feature", "properties": { "ConType": "Certain" }, "geometry": { "type": "LineString", "coordinates": [ [ -179.999983509510002, 85.408690196628939 ], [ -158.70593837372715, 85.653150010479067 ], [ -154.878476296595665, 85.21371735499693 ], [ -156.998208077580188, 84.492999390315987 ], [ -152.029120338515611, 83.824698806226806 ] ] } },
{ "type": "Feature", "properties": { "ConType": "Certain" }, "geometry": { "type": "LineString", "coordinates": [ [ -179.999983509510002, 86.448008674276494 ], [ -144.883898122983453, 87.150676126980883 ], [ -135.147774295291981, 85.764343795230332 ], [ -136.730875820305812, 85.339142680589291 ], [ -135.432926495792657, 84.923322498332695 ], [ -137.6214196164984, 84.157837508207265 ], [ -141.962839781440238, 83.670672742659633 ] ] } },
{ "type": "Feature", "properties": { "ConType": "Approx" }, "geometry": { "type": "LineString", "coordinates": [ [ -156.55612089682711, 51.108509657486785 ], [ -151.556754551106025, 52.143950268791876 ] ] } },
{ "type": "Feature", "properties": { "ConType": "Certain" }, "geometry": { "type": "LineString", "coordinates": [ [ -157.306687377168089, 52.932119173800693 ], [ -155.994149163438806, 53.772026510679815 ], [ -154.309448763072936, 52.841054042099373 ], [ -155.405600907709555, 51.824474344644521 ], [ -157.097017290879194, 52.196490541476649 ] ] } },
{ "type": "Feature", "properties": { "ConType": "Certain" }, "geometry": { "type": "LineString", "coordinates": [ [ -149.851962888017567, 47.122438299628577 ], [ -149.048471708474437, 47.206838725841436 ], [ -149.432511448051685, 46.155291777566042 ], [ -150.510387099746481, 46.490347840233454 ], [ -149.851962888017567, 47.122438299628577 ] ] } },
{ "type": "Feature", "properties": { "ConType": "Certain" }, "geometry": { "type": "LineString", "coordinates": [ [ -156.711561085133155, 54.602009762792903 ], [ -155.472639670628752, 55.73055679078707 ], [ -157.018033188974272, 59.854700170418496 ] ] } },
{ "type": "Feature", "properties": { "ConType": "Certain" }, "geometry": { "type": "LineString", "coordinates": [ [ -153.005539609006917, 60.866454527073181 ], [ -153.616159815580573, 61.520356230633254 ], [ -153.221143571252213, 62.373932489125686 ], [ -150.114348273824532, 62.984732270183159 ] ] } },
{ "type": "Feature", "properties": { "ConType": "Certain" }, "geometry": { "type": "LineString", "coordinates": [ [ -154.842576249774567, 65.955010782951632 ], [ -159.986166480350988, 65.763145107865597 ] ] } },
{ "type": "Feature", "properties": { "ConType": "Internal" }, "geometry": { "type": "LineString", "coordinates": [ [ -150.489620693950542, 64.953326115026215 ], [ -152.953315063307031, 64.403577028371075 ], [ -151.605043901706097, 66.391570612747259 ], [ -149.288398210600207, 65.954959327555756 ] ] } },
{ "type": "Feature", "properties": { "ConType": "Certain" }, "geometry": { "type": "LineString", "coordinates": [ [ -143.253056672145078, 67.845552243513481 ], [ -149.288398210600207, 65.954959327555756 ] ] } },
{ "type": "Feature", "properties": { "ConType": "Certain" }, "geometry": { "type": "LineString", "coordinates": [ [ -144.618100459227207, 46.49426059388172 ], [ -145.467185268124041, 46.564114916388014 ], [ -145.795661579635691, 46.002913642057628 ], [ -144.729015033407052, 45.747415931823404 ], [ -144.618100459227207, 46.49426059388172 ] ] } },
{ "type": "Feature", "properties": { "ConType": "Certain" }, "geometry": { "type": "LineString", "coordinates": [ [ -140.741958477687064, 47.72920085530405 ], [ -141.781842783310708, 48.111749733899011 ], [ -143.026253505483027, 47.296642552328613 ], [ -141.572472126335299, 46.610079566748368 ], [ -140.519026901675716, 47.163086067199089 ], [ -140.741958477687064, 47.72920085530405 ] ] } },
{ "type": "Feature", "properties": { "ConType": "Certain" }, "geometry": { "type": "LineString", "coordinates": [ [ -141.042539276725051, 48.901411046552965 ], [ -142.36746250710803, 49.190500064665507 ], [ -143.911245962603743, 48.235005780731591 ], [ -143.707513495261338, 46.684295105879812 ] ] } },
{ "type": "Feature", "properties": { "ConType": "Certain" }, "geometry": { "type": "LineString", "coordinates": [ [ -146.321231814358413, 50.205121858420121 ], [ -143.965240114869175, 49.737130280922841 ], [ -140.207398078744774, 51.723730543010802 ] ] } },
{ "type": "Feature", "properties": { "ConType": "Certain" }, "geometry": { "type": "LineString", "coordinates": [ [ -143.607330400138039, 50.577014480517015 ], [ -142.119908925627101, 52.359198116035117 ], [ -144.021487223982888, 53.40258636823836 ], [ -145.999165661924849, 52.488549313878892 ] ] } },
{ "type": "Feature", "properties": { "ConType": "Approx" }, "geometry": { "type": "LineString", "coordinates": [ [ -133.921386832171009, 56.069894580182698 ], [ -135.661357810377353, 55.165571904210829 ], [ -139.268323530527255, 54.883295546873249 ] ] } },
{ "type": "Feature", "properties": { "ConType": "Certain" }, "geometry": { "type": "LineString", "coordinates": [ [ -144.689350313540132, 57.958989693313079 ], [ -145.677684791122516, 57.772256996536569 ], [ -145.894592850687161, 57.3414459477154 ], [ -143.649847024520454, 57.253336567893307 ], [ -144.689350313540132, 57.958989693313079 ] ] } },
{ "type": "Feature", "properties": { "ConType": "Certain" }, "geometry": { "type": "LineString", "coordinates": [ [ -139.05516775091877, 59.570654569272115 ], [ -139.018058711704441, 57.280152796595807 ], [ -143.253430641374763, 54.911958425079057 ] ] } },
{ "type": "Feature", "properties": { "ConType": "Certain" }, "geometry": { "type": "LineString", "coordinates": [ [ -144.172744622517143, 55.880575450874758 ], [ -141.350929140285501, 57.321051265355095 ], [ -140.246907548616718, 59.957935339231092 ], [ -139.05516775091877, 59.570654569272115 ] ] } },
{ "type": "Feature", "properties": { "ConType": "Certain" }, "geometry": { "type": "LineString", "coordinates": [ [ -145.565188020406765, 63.548218687778757 ], [ -144.247266925243991, 62.677655896043966 ], [ -141.205722398998319, 63.242376177954597 ], [ -140.386459858661908, 63.95492123968998 ], [ -140.531592027054984, 65.2083841344013 ], [ -142.177439807788801, 65.595855730898847 ] ] } },
{ "type": "Feature", "properties": { "ConType": "Certain" }, "geometry": { "type": "LineString", "coordinates": [ [ -136.644479222853533, 68.54481508562715 ], [ -138.144576773544145, 69.257600167014004 ], [ -136.815894895175148, 69.852994434054565 ], [ -134.793166834388273, 69.272726998105696 ] ] } },
{ "type": "Feature", "properties": { "ConType": "Certain" }, "geometry": { "type": "LineString", "coordinates": [ [ -138.433541682679703, 70.656130388998548 ], [ -134.915435961913431, 69.794872855292738 ], [ -132.295775007933344, 70.550566226225456 ] ] } },
{ "type": "Feature", "properties": { "ConType": "Certain" }, "geometry": { "type": "LineString", "coordinates": [ [ -143.353626667127287, 70.78975096994769 ], [ -143.34229146850339, 69.590852035908853 ], [ -146.963076552085681, 68.868935644949417 ] ] } },
{ "type": "Feature", "properties": { "ConType": "Certain" }, "geometry": { "type": "LineString", "coordinates": [ [ -146.940912348902344, 69.885150534431375 ], [ -148.029460534979876, 70.366354177693012 ], [ -146.370728112722759, 70.824263670073577 ], [ -145.051670250035357, 70.260816436802386 ], [ -146.940912348902344, 69.885150534431375 ] ] } },
{ "type": "Feature", "properties": { "ConType": "Approx" }, "geometry": { "type": "LineString", "coordinates": [ [ -141.364063585999077, 68.573972895949325 ], [ -138.752722998880557, 69.512903581436021 ], [ -140.456851446997092, 70.609606667830974 ], [ -139.4802487139292, 71.059820002078069 ] ] } },
{ "type": "Feature", "properties": { "ConType": "Certain" }, "geometry": { "type": "LineString", "coordinates": [ [ -136.32000310915322, 71.421497829448555 ], [ -133.527109368343076, 70.776916125032628 ], [ -136.687221079603233, 70.762570622510125 ] ] } },
{ "type": "Feature", "properties": { "ConType": "Certain" }, "geometry": { "type": "LineString", "coordinates": [ [ -150.022598788326235, 70.039613284572269 ], [ -154.033559038389399, 70.789763636753804 ], [ -151.08392258170133, 71.675975985459132 ], [ -148.342405211846483, 71.398720946606161 ] ] } },
{ "type": "Feature", "properties": { "ConType": "Internal" }, "geometry": { "type": "LineString", "coordinates": [ [ -136.229530830805828, 73.37088149164849 ], [ -137.602699442373165, 72.572255773801899 ], [ -144.427251208763437, 72.886814131192494 ], [ -152.398821517415428, 71.819500755615593 ], [ -156.014261231909813, 71.052480691055806 ], [ -155.762510752717361, 70.4077407323595 ] ] } },
{ "type": "Feature", "properties": { "ConType": "Internal" }, "geometry": { "type": "LineString", "coordinates": [ [ -156.667011159709233, 70.468169981580601 ], [ -157.500039339203653, 70.775034687157131 ], [ -157.064538538161429, 71.350671233114085 ], [ -154.728102715305397, 72.108489685843466 ], [ -159.17960003706898, 73.337953777987778 ], [ -157.371676594139018, 74.039321931655323 ] ] } },
{ "type": "Feature", "properties": { "ConType": "Internal" }, "geometry": { "type": "LineString", "coordinates": [ [ -154.401773551094038, 74.108671174749688 ], [ -148.098406844367076, 74.294255973964937 ] ] } },
{ "type": "Feature", "properties": { "ConType": "Internal" }, "geometry": { "type": "LineString", "coordinates": [ [ -141.180606186925871, 74.583829054682539 ], [ -140.328655942686879, 73.996182922221905 ], [ -144.152347569046839, 73.208673419941377 ], [ -146.223106991132056, 73.856954910114183 ] ] } },
{ "type": "Feature", "properties": { "ConType": "Certain" }, "geometry": { "type": "LineString", "coordinates": [ [ -144.701857015296213, 74.350470059023394 ], [ -145.969214166219558, 74.474101064422271 ], [ -146.447432552287154, 74.823187957919686 ], [ -143.238599875852174, 74.715319917144242 ], [ -144.701857015296213, 74.350470059023394 ] ] } },
{ "type": "Feature", "properties": { "ConType": "Certain" }, "geometry": { "type": "LineString", "coordinates": [ [ -148.098406844367076, 74.294255973964937 ], [ -148.383526436333852, 75.191040564705403 ], [ -146.162535056490668, 75.748705135521845 ], [ -141.090843526734091, 74.979475127170801 ] ] } },
{ "type": "Feature", "properties": { "ConType": "Internal" }, "geometry": { "type": "LineString", "coordinates": [ [ -147.747591461132629, 76.346846391230685 ], [ -146.764631693063535, 76.012329510407326 ], [ -150.028210021835065, 74.809387705172327 ], [ -153.540084834823745, 74.96162552966824 ] ] } },
{ "type": "Feature", "properties": { "ConType": "Internal" }, "geometry": { "type": "LineString", "coordinates": [ [ -140.4117450626145, 76.360832190757037 ], [ -141.016425252749343, 76.144581924599848 ], [ -136.101094182298169, 75.516693748205043 ] ] } },
{ "type": "Feature", "properties": { "ConType": "Internal" }, "geometry": { "type": "LineString", "coordinates": [ [ -152.666337427977169, 76.396545160625223 ], [ -154.767689732676814, 75.832535618118357 ], [ -152.794635681487534, 75.394033516140539 ], [ -150.441726444809717, 76.059847732498397 ] ] } },
{ "type": "Feature", "properties": { "ConType": "Certain" }, "geometry": { "type": "LineString", "coordinates": [ [ -147.390384950358225, 76.582657728038129 ], [ -145.349473964786085, 75.984078697485344 ], [ -142.06328907076329, 76.584091405365754 ] ] } },
{ "type": "Feature", "properties": { "ConType": "Internal" }, "geometry": { "type": "LineString", "coordinates": [ [ -152.816567014625122, 76.862243337194585 ], [ -157.265504681900836, 76.805067633463011 ], [ -157.358134729725748, 75.5356843805707 ], [ -156.699383990754257, 75.271964003760644 ] ] } },
{ "type": "Feature", "properties": { "ConType": "Certain" }, "geometry": { "type": "LineString", "coordinates": [ [ -149.86802855336083, 78.999001313925248 ], [ -145.888738296440437, 78.248960435134762 ], [ -142.819614265018032, 78.942339105562155 ], [ -145.938368478427236, 79.485338947917541 ], [ -149.86802855336083, 78.999001313925248 ] ] } },
{ "type": "Feature", "properties": { "ConType": "Certain" }, "geometry": { "type": "LineString", "coordinates": [ [ -155.683098413173155, 79.627565349013537 ], [ -156.377757934807846, 78.277427711604062 ], [ -150.635836383773182, 77.274999811163624 ] ] } },
{ "type": "Feature", "properties": { "ConType": "Certain" }, "geometry": { "type": "LineString", "coordinates": [ [ -156.79430177390617, 79.715304410257929 ], [ -159.193115024504976, 78.709183949515491 ], [ -157.210838931684805, 77.536334824912288 ], [ -151.521048905626373, 77.219606816111821 ] ] } },
{ "type": "Feature", "properties": { "ConType": "Certain" }, "geometry": { "type": "LineString", "coordinates": [ [ -147.566661803846785, 80.156924307554505 ], [ -153.035533474700486, 78.798592710819165 ], [ -144.44991348685565, 77.400451344282175 ], [ -139.897619668093995, 78.123691846840046 ], [ -138.774010933458072, 79.138066778031771 ] ] } },
{ "type": "Feature", "properties": { "ConType": "Certain" }, "geometry": { "type": "LineString", "coordinates": [ [ -151.575510845910031, 80.503737959505827 ], [ -150.817646834230828, 80.183353682567144 ], [ -155.683098413173155, 79.627565349013537 ] ] } },
{ "type": "Feature", "properties": { "ConType": "Certain" }, "geometry": { "type": "LineString", "coordinates": [ [ -147.212227704393115, 80.777886151698311 ], [ -153.165772463623483, 81.237212717040777 ] ] } },
{ "type": "Feature", "properties": { "ConType": "Certain" }, "geometry": { "type": "LineString", "coordinates": [ [ -136.286048675174186, 82.882151416171979 ], [ -135.66202891036184, 82.483873187313009 ], [ -142.566579943524033, 81.153704055742466 ] ] } },
{ "type": "Feature", "properties": { "ConType": "Certain" }, "geometry": { "type": "LineString", "coordinates": [ [ -141.602148771145721, 81.056202827855557 ], [ -134.584641394041029, 81.196840311522408 ], [ -129.605917991505464, 83.014270718424598 ] ] } },
{ "type": "Feature", "properties": { "ConType": "Certain" }, "geometry": { "type": "LineString", "coordinates": [ [ -141.962839781440238, 83.670672742659633 ], [ -137.003331927049885, 83.287015942297117 ] ] } },
{ "type": "Feature", "properties": { "ConType": "Certain" }, "geometry": { "type": "LineString", "coordinates": [ [ -152.029120338515611, 83.824698806226806 ], [ -141.962839781440238, 83.670672742659633 ] ] } },
{ "type": "Feature", "properties": { "ConType": "Certain" }, "geometry": { "type": "LineString", "coordinates": [ [ -155.530367955119573, 81.601249307509661 ], [ -158.743085485911109, 81.972586466580026 ], [ -159.315664774055108, 82.711481014398771 ], [ -152.029120338515611, 83.824698806226806 ] ] } },
{ "type": "Feature", "properties": { "ConType": "Certain" }, "geometry": { "type": "LineString", "coordinates": [ [ -122.311045590999456, 87.107255796391328 ], [ -140.063825170767785, 88.177578506316934 ], [ -179.999983509510002, 88.156925844548368 ] ] } },
{ "type": "Feature", "properties": { "ConType": "Approx" }, "geometry": { "type": "LineString", "coordinates": [ [ -179.999983509510002, 88.484648205731958 ], [ -100.484900780401304, 88.101189734377158 ] ] } },
{ "type": "Feature", "properties": { "ConType": "Certain" }, "geometry": { "type": "LineString", "coordinates": [ [ -134.041709928034976, 8.706657486955624 ], [ -133.73337901574385, 8.181639424066335 ], [ -134.615275212105558, 7.053199847918807 ], [ -135.491930506727272, 8.461445388160689 ], [ -134.041709928034976, 8.706657486955624 ] ] } },
{ "type": "Feature", "properties": { "ConType": "Certain" }, "geometry": { "type": "LineString", "coordinates": [ [ -128.843958030722291, 0.899479487539673 ], [ -127.389806774900507, 1.33678775705857 ], [ -128.524974166317349, 2.066247813107787 ], [ -127.538345153311795, 2.171612093614721 ], [ -126.273968659167338, 0.814996949687926 ], [ -126.465696391053115, -0.16315135137771 ], [ -125.684541964887359, -0.471109273882312 ], [ -125.362527683371027, 0.648291370347528 ], [ -125.491308805686927, 1.626139846365055 ], [ -129.922862928841454, 5.104629417095209 ] ] } },
{ "type": "Feature", "properties": { "ConType": "Approx" }, "geometry": { "type": "LineString", "coordinates": [ [ -125.868261376564348, 10.052956521493959 ], [ -129.592496453505618, 11.319104030359698 ], [ -126.689670955374055, 6.590373982580951 ], [ -127.645114901862456, 5.132753779610266 ], [ -130.552708580224049, 6.714750601498251 ], [ -129.922862928841454, 5.104629417095209 ] ] } },
{ "type": "Feature", "properties": { "ConType": "Approx" }, "geometry": { "type": "LineString", "coordinates": [ [ -129.261520682041834, 12.470553214292657 ], [ -124.986636993834225, 12.059542075164902 ], [ -125.759785230162649, 10.710778471278035 ], [ -124.465196220343444, 10.154304273540266 ], [ -125.436193632837529, 9.658634201145162 ] ] } },
{ "type": "Feature", "properties": { "ConType": "Approx" }, "geometry": { "type": "LineString", "coordinates": [ [ -136.751335637289174, 14.672143261770819 ], [ -134.810467030199845, 12.543182309336387 ], [ -133.504794307819253, 12.922008545201525 ], [ -133.158476240946385, 14.286335762389642 ], [ -130.840858985036874, 12.665604708183309 ] ] } },
{ "type": "Feature", "properties": { "ConType": "Certain" }, "geometry": { "type": "LineString", "coordinates": [ [ -133.434468005805428, 17.274624151783268 ], [ -133.589471378924003, 18.023507345175872 ], [ -132.430314006524725, 18.744774124541447 ], [ -133.545940595500127, 18.996398552359402 ], [ -134.964913077041359, 17.877079426166507 ] ] } },
{ "type": "Feature", "properties": { "ConType": "Certain" }, "geometry": { "type": "LineString", "coordinates": [ [ -135.572592784008208, 19.069413650263517 ], [ -132.771298137742804, 20.247400396462641 ], [ -131.157732122918986, 19.254823811784526 ], [ -130.552394455964446, 17.715478991799678 ] ] } },
{ "type": "Feature", "properties": { "ConType": "Certain" }, "geometry": { "type": "LineString", "coordinates": [ [ -130.338675249169995, 20.264258724874569 ], [ -130.640422251793836, 21.456733645825327 ], [ -128.896596102626404, 20.126404169176425 ], [ -129.802662692092639, 19.520914451081904 ], [ -130.338675249169995, 20.264258724874569 ] ] } },
{ "type": "Feature", "properties": { "ConType": "Certain" }, "geometry": { "type": "LineString", "coordinates": [ [ -128.252851713337094, 19.717201398821679 ], [ -130.249768417890124, 21.294164294779151 ], [ -131.423302687759588, 24.517694608307878 ], [ -128.539278683922817, 22.326671506616311 ] ] } },
{ "type": "Feature", "properties": { "ConType": "Certain" }, "geometry": { "type": "LineString", "coordinates": [ [ -129.505847924789379, 21.695493265020779 ], [ -129.53530795105641, 22.671971364763291 ], [ -128.330338609314396, 21.34639067404952 ], [ -128.843543152424701, 21.144601158233783 ], [ -129.505847924789379, 21.695493265020779 ] ] } },
{ "type": "Feature", "properties": { "ConType": "Certain" }, "geometry": { "type": "LineString", "coordinates": [ [ -122.540213779962698, 8.455220442784938 ], [ -122.213436357237384, 8.872655994033225 ], [ -121.66058829574321, 8.08806606359294 ], [ -121.985348487550937, 6.789511321151273 ], [ -122.540213779962698, 8.455220442784938 ] ] } },
{ "type": "Feature", "properties": { "ConType": "Certain" }, "geometry": { "type": "LineString", "coordinates": [ [ -118.083916391650931, 4.637850673914929 ], [ -117.386664415722791, 6.118463995727938 ], [ -118.03431622613617, 7.701371224929543 ], [ -117.04704331660443, 8.994187881125267 ], [ -115.374130053708527, 10.107809803757755 ], [ -113.810802405644722, 9.818388361956568 ], [ -111.856073786580467, 11.262071826602211 ] ] } },
{ "type": "Feature", "properties": { "ConType": "Certain" }, "geometry": { "type": "LineString", "coordinates": [ [ -119.731193569182693, 21.300404123074948 ], [ -119.502702769086895, 19.932734643287791 ], [ -118.563189166483426, 19.875967017813625 ], [ -119.525055985025048, 19.122450022481775 ], [ -118.478243629002563, 19.139307780376264 ] ] } },
{ "type": "Feature", "properties": { "ConType": "Certain" }, "geometry": { "type": "LineString", "coordinates": [ [ -123.487032841788221, 21.410098802372364 ], [ -122.544153328143523, 20.269575779149399 ], [ -122.149956165468524, 21.312105155284016 ], [ -123.503047895969502, 21.992384422299704 ] ] } },
{ "type": "Feature", "properties": { "ConType": "Certain" }, "geometry": { "type": "LineString", "coordinates": [ [ -113.985613181032491, 12.964917467922799 ], [ -113.543479557522247, 11.597458802571083 ], [ -112.729846296194012, 11.563100257574343 ], [ -113.523090336299916, 13.608176531554026 ], [ -113.985613181032491, 12.964917467922799 ] ] } },
{ "type": "Feature", "properties": { "ConType": "Certain" }, "geometry": { "type": "LineString", "coordinates": [ [ -117.986676863077861, 14.749513221461397 ], [ -118.475518310103283, 15.026352422360336 ], [ -117.737696592283427, 15.318653611906374 ], [ -116.362687725624852, 14.508921977487583 ], [ -117.986676863077861, 14.749513221461397 ] ] } },
{ "type": "Feature", "properties": { "ConType": "Certain" }, "geometry": { "type": "LineString", "coordinates": [ [ -114.159391887088788, 16.982687559151675 ], [ -115.352908203517231, 16.527750320784591 ], [ -113.816882268107847, 16.47438703218468 ], [ -113.476757906659131, 14.606251011341637 ], [ -112.238958752707205, 15.939490601772997 ], [ -112.004558437419504, 14.729329900969464 ], [ -111.530620732681086, 15.523462276289781 ], [ -112.888195203317935, 17.200757775915505 ] ] } },
{ "type": "Feature", "properties": { "ConType": "Certain" }, "geometry": { "type": "LineString", "coordinates": [ [ -133.582537893769512, 32.789755462118862 ], [ -134.401182306500061, 27.493624369952315 ] ] } },
{ "type": "Feature", "properties": { "ConType": "Certain" }, "geometry": { "type": "LineString", "coordinates": [ [ -124.234111495140411, 31.881277249300389 ], [ -123.534597711099337, 33.632919559831443 ], [ -127.346080422718018, 34.613447591335529 ] ] } },
{ "type": "Feature", "properties": { "ConType": "Certain" }, "geometry": { "type": "LineString", "coordinates": [ [ -133.618687464468906, 39.875874855075985 ], [ -134.540472574261372, 41.086977193251407 ], [ -135.680013060937966, 39.915687484060371 ], [ -134.596626316383606, 39.049788210638098 ], [ -133.618687464468906, 39.875874855075985 ] ] } },
{ "type": "Feature", "properties": { "ConType": "Internal" }, "geometry": { "type": "LineString", "coordinates": [ [ -134.265495548854602, 44.39846654041898 ], [ -134.949241002770151, 44.441177454018032 ], [ -133.00958091319248, 43.525008718986854 ], [ -130.895974329371285, 45.215145250179134 ] ] } },
{ "type": "Feature", "properties": { "ConType": "Certain" }, "geometry": { "type": "LineString", "coordinates": [ [ -126.371706998056155, 38.891881385270061 ], [ -127.765542498052213, 39.808784419106878 ], [ -128.482868265018823, 39.448073345066433 ], [ -127.696473952831965, 38.032730122774609 ], [ -126.629689074263993, 38.041868196111629 ] ] } },
{ "type": "Feature", "properties": { "ConType": "Certain" }, "geometry": { "type": "LineString", "coordinates": [ [ -121.371430264808183, 26.120646373865078 ], [ -123.869306510029332, 25.528203386902369 ], [ -124.078970600938518, 26.239204015079306 ], [ -123.113195721501825, 26.663163482624224 ] ] } },
{ "type": "Feature", "properties": { "ConType": "Certain" }, "geometry": { "type": "LineString", "coordinates": [ [ -119.077267630174063, 27.366680683118336 ], [ -117.746988425014905, 29.743450413108409 ], [ -118.548631718383987, 30.327686144061513 ], [ -119.773889540501514, 27.323510100656677 ] ] } },
{ "type": "Feature", "properties": { "ConType": "Certain" }, "geometry": { "type": "LineString", "coordinates": [ [ -116.115438849919201, 23.700734531222494 ], [ -116.398798359333966, 22.912967362823593 ], [ -115.432756464548149, 22.192693564100949 ], [ -114.864151928478549, 23.637820883049883 ], [ -116.115438849919201, 23.700734531222494 ] ] } },
{ "type": "Feature", "properties": { "ConType": "Certain" }, "geometry": { "type": "LineString", "coordinates": [ [ -115.520811546280612, 25.952180533892076 ], [ -115.234485184630088, 25.198056188127541 ], [ -114.565346002574515, 25.695862947237458 ], [ -114.11765824016986, 24.467967174534628 ], [ -114.12197887750601, 25.192357197165702 ], [ -113.342931616251335, 25.056059359288653 ], [ -113.68989535056285, 25.751720561132625 ], [ -114.129467561863891, 25.333617402257971 ], [ -113.724795880523985, 25.986876475642688 ], [ -114.422117631063799, 25.427019152407073 ], [ -114.22440852517208, 26.680980092347184 ], [ -115.268823517480371, 26.898398708950634 ], [ -115.520811546280612, 25.952180533892076 ] ] } },
{ "type": "Feature", "properties": { "ConType": "Certain" }, "geometry": { "type": "LineString", "coordinates": [ [ -115.530805280342321, 27.869550210618055 ], [ -115.104204887606784, 29.781672930864129 ], [ -116.942901028373498, 30.258993428023739 ], [ -117.716828139716384, 28.618184572667992 ], [ -116.400785069217889, 27.286004723312399 ], [ -115.530805280342321, 27.869550210618055 ] ] } },
{ "type": "Feature", "properties": { "ConType": "Certain" }, "geometry": { "type": "LineString", "coordinates": [ [ -119.72398511441294, 33.817311720387259 ], [ -120.671210404436479, 34.786100165235503 ], [ -119.852491864013302, 35.608283784501538 ], [ -118.381216669288463, 34.863234692498594 ], [ -118.869102212708427, 33.796635024335195 ] ] } },
{ "type": "Feature", "properties": { "ConType": "Certain" }, "geometry": { "type": "LineString", "coordinates": [ [ -122.118912620252274, 36.387129606933861 ], [ -123.627277661061669, 36.246679249686785 ], [ -123.533888119326051, 34.791514497679088 ], [ -122.58471430781087, 34.484912447775137 ], [ -121.619225811635857, 35.601907473925863 ] ] } },
{ "type": "Feature", "properties": { "ConType": "Certain" }, "geometry": { "type": "LineString", "coordinates": [ [ -118.875284075773621, 37.85567225400677 ], [ -118.080199124316565, 37.789800235510782 ], [ -118.028572566627432, 36.9642464411628 ], [ -119.409002374498002, 36.845536699341757 ], [ -119.010146818273967, 37.600654718284815 ] ] } },
{ "type": "Feature", "properties": { "ConType": "Approx" }, "geometry": { "type": "LineString", "coordinates": [ [ -122.847027689701093, 39.171098984300841 ], [ -124.124347779936002, 39.09209151096794 ], [ -122.373749602047212, 38.181385180245101 ], [ -121.854792449229834, 36.822570968633933 ] ] } },
{ "type": "Feature", "properties": { "ConType": "Certain" }, "geometry": { "type": "LineString", "coordinates": [ [ -120.152288096053695, 38.464399064923406 ], [ -122.496604136519508, 39.302240080003543 ], [ -123.596567182602854, 41.502679133296951 ] ] } },
{ "type": "Feature", "properties": { "ConType": "Certain" }, "geometry": { "type": "LineString", "coordinates": [ [ -119.036277604909245, 44.061170863756061 ], [ -119.351268704718365, 42.569329666552058 ], [ -122.369919009504628, 42.180202804416041 ] ] } },
{ "type": "Feature", "properties": { "ConType": "Certain" }, "geometry": { "type": "LineString", "coordinates": [ [ -122.309109301005833, 43.593068836722274 ], [ -121.272448392488101, 44.259021154574249 ], [ -120.167413228784227, 43.486135412326739 ], [ -121.522087010718479, 42.73671996244618 ], [ -122.309109301005833, 43.593068836722274 ] ] } },
{ "type": "Feature", "properties": { "ConType": "Certain" }, "geometry": { "type": "LineString", "coordinates": [ [ -116.059571890091064, 38.201986083221257 ], [ -116.751579719255247, 36.637622111678674 ], [ -115.916359753593724, 35.783589999865093 ], [ -114.163193337073267, 35.952581048951764 ], [ -114.104996380756916, 37.648986570784615 ] ] } },
{ "type": "Feature", "properties": { "ConType": "Certain" }, "geometry": { "type": "LineString", "coordinates": [ [ -119.036277604909245, 44.061170863756061 ], [ -118.248981255196298, 40.331619952721731 ], [ -115.913390246638187, 41.893321421642717 ], [ -116.117939246443285, 43.738525797721124 ] ] } },
{ "type": "Feature", "properties": { "ConType": "Certain" }, "geometry": { "type": "LineString", "coordinates": [ [ -110.185165664909036, 3.121485982783019 ], [ -110.652507248268947, 1.185536769425379 ], [ -109.599496355561982, -0.212445422748193 ], [ -108.435406160835754, -0.278402570359662 ], [ -107.755045276849472, 2.726625183019137 ], [ -108.750446720878614, 3.436612318307922 ], [ -110.185165664909036, 3.121485982783019 ] ] } },
{ "type": "Feature", "properties": { "ConType": "Certain" }, "geometry": { "type": "LineString", "coordinates": [ [ -109.655560011992463, 14.692053469302481 ], [ -108.934326606247708, 15.691283072106165 ], [ -108.082528274641547, 14.144413311875317 ], [ -109.510953781524336, 13.297311710610876 ], [ -109.712300796765021, 13.994599302656137 ], [ -108.523376228875321, 14.420132626629591 ], [ -108.968562170111184, 15.055206262314096 ], [ -109.655560011992463, 14.692053469302481 ] ] } },
{ "type": "Feature", "properties": { "ConType": "Certain" }, "geometry": { "type": "LineString", "coordinates": [ [ -112.080844084211279, 18.402861474554616 ], [ -111.054182410466723, 18.324468662851764 ], [ -109.924925787401449, 16.756802961830097 ], [ -110.049786310629941, 14.95353875008745 ], [ -112.080844084211279, 18.402861474554616 ] ] } },
{ "type": "Feature", "properties": { "ConType": "Certain" }, "geometry": { "type": "LineString", "coordinates": [ [ -105.968941230217936, 18.47353459180664 ], [ -105.110223663201907, 17.37751940762924 ], [ -105.566694426042687, 16.566459483313842 ], [ -104.544163690939399, 16.43892948264083 ], [ -104.059420178286729, 17.374964548126048 ], [ -105.207513707301061, 18.25462418094672 ] ] } },
{ "type": "Feature", "properties": { "ConType": "Certain" }, "geometry": { "type": "LineString", "coordinates": [ [ -100.68546791480199, 10.006418857276085 ], [ -99.507596291105855, 9.220705294403251 ], [ -99.594771463473833, 10.22365678144536 ], [ -98.088664464702745, 11.245744151952978 ] ] } },
{ "type": "Feature", "properties": { "ConType": "Certain" }, "geometry": { "type": "LineString", "coordinates": [ [ -100.264303316518379, 12.669035720869726 ], [ -100.434161360829293, 11.731983736093973 ], [ -101.90902464521038, 11.901620848353957 ], [ -101.929250282925906, 12.761107321169426 ], [ -100.799682045218205, 13.361458873532909 ] ] } },
{ "type": "Feature", "properties": { "ConType": "Certain" }, "geometry": { "type": "LineString", "coordinates": [ [ -95.691173254691137, 22.308035228233638 ], [ -96.792725973397239, 22.91654694418521 ], [ -97.381810080204048, 21.858743431336752 ], [ -96.319174179181147, 21.076317763719725 ], [ -95.679767898912104, 21.843521881160271 ] ] } },
{ "type": "Feature", "properties": { "ConType": "Certain" }, "geometry": { "type": "LineString", "coordinates": [ [ -92.595678726974128, 12.098067085879727 ], [ -93.027897997492545, 14.689589213243872 ], [ -92.107329352882317, 12.388221358970643 ] ] } },
{ "type": "Feature", "properties": { "ConType": "Certain" }, "geometry": { "type": "LineString", "coordinates": [ [ -109.456727178032324, 24.903678038116425 ], [ -110.096364676154977, 25.797956141317183 ], [ -109.106904429172999, 26.981823266745717 ], [ -107.894078749108616, 26.302279746264894 ], [ -108.253671688130154, 25.143527708362893 ] ] } },
{ "type": "Feature", "properties": { "ConType": "Certain" }, "geometry": { "type": "LineString", "coordinates": [ [ -111.127252551760719, 31.727865524179958 ], [ -112.204469816446135, 31.077950701960816 ], [ -112.035145139977999, 30.253255556134039 ], [ -110.464696105359621, 30.138198230634114 ], [ -110.396507898216328, 30.999621989375388 ] ] } },
{ "type": "Feature", "properties": { "ConType": "Certain" }, "geometry": { "type": "LineString", "coordinates": [ [ -101.69539241759081, 29.775030647040527 ], [ -102.831413936260645, 28.797523060135038 ], [ -101.384321303480419, 27.555697527227874 ], [ -100.133298759157995, 28.381508915142884 ], [ -101.370293447255762, 29.87639964014334 ] ] } },
{ "type": "Feature", "properties": { "ConType": "Certain" }, "geometry": { "type": "LineString", "coordinates": [ [ -110.184682664191925, 38.658842598290491 ], [ -111.257716802731139, 39.437173461136162 ], [ -111.736415831597, 38.986403743779533 ], [ -109.750433314571481, 37.015592601076584 ], [ -109.177007612702056, 38.785466267716622 ], [ -110.184682664191925, 38.658842598290491 ] ] } },
{ "type": "Feature", "properties": { "ConType": "Certain" }, "geometry": { "type": "LineString", "coordinates": [ [ -109.361996000249519, 43.084113072134045 ], [ -110.172970528328563, 42.201453526746732 ], [ -108.683735514112072, 39.815100007500689 ], [ -105.97298745526507, 40.656752926555257 ] ] } },
{ "type": "Feature", "properties": { "ConType": "Certain" }, "geometry": { "type": "LineString", "coordinates": [ [ -107.601044052226186, 35.466224531821823 ], [ -106.503344387300942, 36.658277645821144 ], [ -104.691495827313162, 36.410042549939213 ], [ -104.124191678550631, 34.715961649199144 ], [ -105.405129851829315, 33.93316507270027 ], [ -106.742741947216302, 34.185591506222075 ] ] } },
{ "type": "Feature", "properties": { "ConType": "Certain" }, "geometry": { "type": "LineString", "coordinates": [ [ -101.063379581544254, 31.121917551974128 ], [ -102.926196572737084, 33.863627496195498 ], [ -103.059370191203215, 35.297467619131709 ], [ -101.822645991025979, 36.887334771859173 ] ] } },
{ "type": "Feature", "properties": { "ConType": "Certain" }, "geometry": { "type": "LineString", "coordinates": [ [ -102.028516958866945, 37.547302078244364 ], [ -103.932448668010167, 34.995621488279667 ], [ -103.211864906837178, 32.159418535867552 ] ] } },
{ "type": "Feature", "properties": { "ConType": "Certain" }, "geometry": { "type": "LineString", "coordinates": [ [ -102.400683590922611, 38.048560965781242 ], [ -103.795602371609647, 38.506500128366028 ], [ -103.240927140649504, 39.760140576016745 ], [ -101.857520669622104, 39.42959512969238 ], [ -101.904784985073817, 38.365836661422648 ] ] } },
{ "type": "Feature", "properties": { "ConType": "Certain" }, "geometry": { "type": "LineString", "coordinates": [ [ -102.981967148097155, 40.324871549358058 ], [ -100.381666591031944, 40.598623152788697 ], [ -100.278193889100521, 42.403651124117658 ], [ -101.579361937753134, 42.270864402212652 ] ] } },
{ "type": "Feature", "properties": { "ConType": "Certain" }, "geometry": { "type": "LineString", "coordinates": [ [ -102.981967148097155, 40.324871549358058 ], [ -103.48999444668128, 39.927313316795491 ], [ -104.779285588759819, 41.034840497342607 ], [ -105.286310623426033, 42.856993485951534 ], [ -104.777357526748801, 43.41443336194024 ] ] } },
{ "type": "Feature", "properties": { "ConType": "Certain" }, "geometry": { "type": "LineString", "coordinates": [ [ -99.389527131533413, 28.76305593544793 ], [ -99.716878666279868, 26.670952064581567 ], [ -96.933584873889927, 26.38976078522975 ], [ -94.74884560618554, 27.958475021441476 ], [ -95.350356522521281, 29.192701093973167 ] ] } },
{ "type": "Feature", "properties": { "ConType": "Certain" }, "geometry": { "type": "LineString", "coordinates": [ [ -96.114128684107868, 28.920328253094002 ], [ -96.107089006861983, 27.9079930767161 ], [ -97.876869814369996, 28.291071715373022 ], [ -97.341250719750917, 29.332974983253301 ], [ -96.282060592316284, 29.139192237685698 ] ] } },
{ "type": "Feature", "properties": { "ConType": "Certain" }, "geometry": { "type": "LineString", "coordinates": [ [ -99.392074165384216, 32.177810372264226 ], [ -98.279850637038862, 32.240092972095141 ], [ -97.983911966856397, 31.22443477571483 ], [ -98.745304160563748, 30.723145785963411 ], [ -99.684990554099812, 31.32027414568384 ], [ -99.392074165384216, 32.177810372264226 ] ] } },
{ "type": "Feature", "properties": { "ConType": "Certain" }, "geometry": { "type": "LineString", "coordinates": [ [ -94.79495550105014, 31.506802366374632 ], [ -94.836094012545445, 32.04946345328721 ], [ -96.312164538194011, 31.619979068552855 ], [ -96.642669052366003, 32.52061185213374 ], [ -94.84158009827388, 32.775991567491062 ] ] } },
{ "type": "Feature", "properties": { "ConType": "Certain" }, "geometry": { "type": "LineString", "coordinates": [ [ -99.79896199695358, 34.076620252921238 ], [ -98.946252440182192, 33.768094131330486 ], [ -99.411631565595755, 32.54744991219691 ], [ -100.415575433083291, 32.960150940445857 ], [ -99.79896199695358, 34.076620252921238 ] ] } },
{ "type": "Feature", "properties": { "ConType": "Certain" }, "geometry": { "type": "LineString", "coordinates": [ [ -93.913192917892246, 22.739588612571342 ], [ -93.991770540967252, 24.171170205396525 ], [ -92.1583038058494, 23.219318038789858 ], [ -93.216577761435886, 21.253655136562202 ] ] } },
{ "type": "Feature", "properties": { "ConType": "Certain" }, "geometry": { "type": "LineString", "coordinates": [ [ -92.150019137549677, 29.563847934364418 ], [ -91.073625020690969, 29.652228435282471 ], [ -91.385316158635689, 28.333955014276711 ], [ -92.243154660521157, 28.814385438231376 ], [ -92.150019137549677, 29.563847934364418 ] ] } },
{ "type": "Feature", "properties": { "ConType": "Certain" }, "geometry": { "type": "LineString", "coordinates": [ [ -93.331421522144694, 32.800390794148107 ], [ -91.379444897791842, 31.483962123119444 ], [ -90.111070161424649, 32.458117366086086 ], [ -90.10130320969084, 33.52422283094441 ] ] } },
{ "type": "Feature", "properties": { "ConType": "Certain" }, "geometry": { "type": "LineString", "coordinates": [ [ -101.063379581544254, 31.121917551974128 ], [ -99.950791809147859, 31.852972098715295 ], [ -101.950320266653407, 34.38832745439435 ], [ -101.192997441873757, 36.249195884522074 ], [ -101.822645991025979, 36.887334771859173 ] ] } },
{ "type": "Feature", "properties": { "ConType": "Certain" }, "geometry": { "type": "LineString", "coordinates": [ [ -98.624071366410746, 39.030038513074224 ], [ -97.266764722379037, 38.159561536394953 ], [ -95.216129699196429, 39.235686830716382 ], [ -96.214141854076871, 41.451662277363788 ], [ -97.902682057708944, 40.981499129143671 ] ] } },
{ "type": "Feature", "properties": { "ConType": "Certain" }, "geometry": { "type": "LineString", "coordinates": [ [ -94.861414948037719, 35.310722153817949 ], [ -93.894571608172129, 35.489253791129656 ], [ -94.566466643351816, 34.568914336233064 ], [ -93.655454564752489, 34.541386814098331 ], [ -93.212127164845739, 36.135435783749934 ], [ -94.910977281321436, 36.927315733165976 ], [ -96.457891871690805, 35.183496140002298 ], [ -96.059674879468758, 34.554682993259291 ], [ -94.861414948037719, 35.310722153817949 ] ] } },
{ "type": "Feature", "properties": { "ConType": "Certain" }, "geometry": { "type": "LineString", "coordinates": [ [ -92.096481264020142, 37.019175157043541 ], [ -92.917320130828799, 37.198405965116507 ], [ -92.974153055815435, 38.145015920761111 ], [ -96.61624963997275, 37.961941582920822 ], [ -97.942662293502224, 35.149439431704728 ], [ -96.738809681921168, 33.621304840643951 ] ] } },
{ "type": "Feature", "properties": { "ConType": "Certain" }, "geometry": { "type": "LineString", "coordinates": [ [ -91.734803192613313, 37.702080466329818 ], [ -90.377139421158404, 37.89426821334601 ], [ -90.695453808090804, 38.717916871909459 ], [ -90.022732657074641, 38.025467162154506 ], [ -89.465079087681048, 38.541305408298399 ], [ -90.635492208380768, 39.715104477403024 ] ] } },
{ "type": "Feature", "properties": { "ConType": "Certain" }, "geometry": { "type": "LineString", "coordinates": [ [ -94.583746580847873, 41.192968568051484 ], [ -93.039581571208657, 40.282475403087361 ], [ -92.918147493229341, 39.421574333949238 ], [ -94.695373695024003, 40.649875704972452 ], [ -94.583746580847873, 41.192968568051484 ] ] } },
{ "type": "Feature", "properties": { "ConType": "Certain" }, "geometry": { "type": "LineString", "coordinates": [ [ -94.888828614020312, 43.052397572806044 ], [ -94.498994666430335, 43.566364478903189 ], [ -93.621648758808846, 42.389081731427858 ], [ -94.54515890885142, 41.987960703247779 ], [ -94.048365632736321, 42.824974026148489 ], [ -94.847866755168099, 42.949010791459365 ] ] } },
{ "type": "Feature", "properties": { "ConType": "Certain" }, "geometry": { "type": "LineString", "coordinates": [ [ -94.847866755168099, 42.949010791459365 ], [ -95.245281240422429, 41.428700045609681 ], [ -95.881575008430133, 42.548279027652612 ], [ -95.275662071930626, 43.691107396393846 ], [ -94.888828614020312, 43.052397572806044 ] ] } },
{ "type": "Feature", "properties": { "ConType": "Certain" }, "geometry": { "type": "LineString", "coordinates": [ [ -125.947364126308315, 46.004953818988419 ], [ -124.946074325699087, 46.148852762837478 ], [ -125.590697466829056, 45.470950390162038 ], [ -126.950375817779516, 45.706831244353658 ], [ -125.947364126308315, 46.004953818988419 ] ] } },
{ "type": "Feature", "properties": { "ConType": "Approx" }, "geometry": { "type": "LineString", "coordinates": [ [ -131.75576306430068, 51.181694410126553 ], [ -131.833236185414904, 49.572317714696013 ], [ -129.519639088831298, 47.647917096566204 ], [ -129.496942220234246, 49.080533466207314 ] ] } },
{ "type": "Feature", "properties": { "ConType": "Approx" }, "geometry": { "type": "LineString", "coordinates": [ [ -130.182578395300226, 47.355286510701482 ], [ -132.446823979631148, 50.03398938039858 ], [ -132.787115222375292, 50.998147904804782 ], [ -131.946944520799036, 51.255164556691412 ] ] } },
{ "type": "Feature", "properties": { "ConType": "Certain" }, "geometry": { "type": "LineString", "coordinates": [ [ -127.031202925131325, 51.892720846797232 ], [ -130.304422559890241, 52.991774557348272 ], [ -128.779620486463102, 54.595102132301207 ] ] } },
{ "type": "Feature", "properties": { "ConType": "Certain" }, "geometry": { "type": "LineString", "coordinates": [ [ -133.884519517564883, 53.281319474951033 ], [ -134.451993149578016, 54.133535926580976 ], [ -133.088759680261973, 54.81473350570959 ], [ -131.565688497362004, 54.193628906891909 ], [ -132.347215088867074, 53.171813640221252 ] ] } },
{ "type": "Feature", "properties": { "ConType": "Approx" }, "geometry": { "type": "LineString", "coordinates": [ [ -127.734370309399623, 56.68379085284441 ], [ -130.318163217577791, 55.880551521355493 ], [ -128.860470610413415, 56.918967868807492 ], [ -129.022696119495066, 57.94474896153509 ], [ -130.568955367667371, 58.646003493823301 ], [ -129.418743997846775, 58.855900764140529 ] ] } },
{ "type": "Feature", "properties": { "ConType": "Certain" }, "geometry": { "type": "LineString", "coordinates": [ [ -125.910531013067953, 62.940733992244262 ], [ -128.485242639848536, 64.038180485937048 ], [ -132.736280918829067, 64.452545634386922 ], [ -135.647995187371237, 63.825473040691683 ] ] } },
{ "type": "Feature", "properties": { "ConType": "Approx" }, "geometry": { "type": "LineString", "coordinates": [ [ -135.774052088951464, 65.97684320221731 ], [ -133.531011572365543, 65.603220715205538 ], [ -131.436208286729567, 66.318706652495692 ] ] } },
{ "type": "Feature", "properties": { "ConType": "Certain" }, "geometry": { "type": "LineString", "coordinates": [ [ -119.20389606490474, 49.374483817185045 ], [ -119.686565199260826, 48.070543617736952 ], [ -121.399863250871391, 47.7085274339561 ], [ -122.900178686456243, 48.364881013676289 ], [ -123.010831416219503, 49.409856699303838 ] ] } },
{ "type": "Feature", "properties": { "ConType": "Certain" }, "geometry": { "type": "LineString", "coordinates": [ [ -122.173270093187952, 48.88572420808206 ], [ -121.486946553443957, 49.887458527512955 ], [ -120.041012740500861, 49.300357087501183 ], [ -120.87192287567953, 48.558156892430503 ], [ -122.173270093187952, 48.88572420808206 ] ] } },
{ "type": "Feature", "properties": { "ConType": "Approx" }, "geometry": { "type": "LineString", "coordinates": [ [ -124.957958741337833, 52.19112410611497 ], [ -123.334110406267797, 53.218635613391761 ], [ -120.170059021510895, 52.362035177204028 ] ] } },
{ "type": "Feature", "properties": { "ConType": "Approx" }, "geometry": { "type": "LineString", "coordinates": [ [ -118.509767859888271, 52.067859824704215 ], [ -117.963576414407044, 51.598992931662039 ], [ -118.270090607924345, 54.183945352934536 ], [ -118.425775891178546, 53.162705049114493 ], [ -119.134226052506719, 53.352516337098564 ], [ -118.509767859888271, 52.067859824704215 ] ] } },
{ "type": "Feature", "properties": { "ConType": "Approx" }, "geometry": { "type": "LineString", "coordinates": [ [ -123.156535605835757, 54.060117647635543 ], [ -123.686527357248579, 54.196482635084521 ], [ -122.006161500993471, 55.000774151650475 ], [ -121.501631339055407, 53.674086762648706 ], [ -120.835257494564033, 54.300987525067804 ], [ -119.600983106131252, 53.365497564255001 ], [ -121.463169203978453, 53.384003078723246 ], [ -123.156535605835757, 54.060117647635543 ] ] } },
{ "type": "Feature", "properties": { "ConType": "Certain" }, "geometry": { "type": "LineString", "coordinates": [ [ -114.497966762766865, 45.9462980479367 ], [ -112.657459568827221, 45.787111561863071 ], [ -112.519388928827453, 44.610022186819144 ], [ -114.557042774320436, 44.274275458387322 ], [ -115.049490689578107, 45.014858836737069 ] ] } },
{ "type": "Feature", "properties": { "ConType": "Certain" }, "geometry": { "type": "LineString", "coordinates": [ [ -114.825901359732796, 53.642288211812058 ], [ -116.246071334278341, 53.889879381487724 ], [ -116.338092864253397, 54.731308453246221 ], [ -113.98739244682092, 55.006281933530239 ], [ -113.52651277473592, 54.130530740850304 ], [ -114.825901359732796, 53.642288211812058 ] ] } },
{ "type": "Feature", "properties": { "ConType": "Certain" }, "geometry": { "type": "LineString", "coordinates": [ [ -117.336784772515699, 55.522261799908712 ], [ -112.958113057722016, 56.20470954432151 ], [ -111.980690438340375, 53.622234230589882 ] ] } },
{ "type": "Feature", "properties": { "ConType": "Certain" }, "geometry": { "type": "LineString", "coordinates": [ [ -115.496205175626841, 56.547903404974598 ], [ -117.534546643025365, 56.336768523424638 ], [ -117.061805966303055, 57.488867163955405 ], [ -116.578682637413493, 56.639740074110684 ], [ -115.706866662917932, 56.769961469331406 ] ] } },
{ "type": "Feature", "properties": { "ConType": "Certain" }, "geometry": { "type": "LineString", "coordinates": [ [ -116.432396269385137, 60.816323905663047 ], [ -117.891969276757635, 60.612720311312721 ], [ -118.21276823638101, 60.241150108667668 ], [ -116.409892237331732, 59.337585248198366 ], [ -115.672826266288993, 60.4444199516143 ], [ -116.432396269385137, 60.816323905663047 ] ] } },
{ "type": "Feature", "properties": { "ConType": "Certain" }, "geometry": { "type": "LineString", "coordinates": [ [ -121.30780392164317, 61.522623869236469 ], [ -122.28540167008957, 61.062485909385934 ], [ -121.611305064203933, 60.839403396887171 ], [ -122.480648910819426, 60.617084421387979 ], [ -120.060012085624081, 60.870680085865594 ], [ -121.30780392164317, 61.522623869236469 ] ] } },
{ "type": "Feature", "properties": { "ConType": "Certain" }, "geometry": { "type": "LineString", "coordinates": [ [ -116.589741501137624, 61.284856399641221 ], [ -119.07356512374156, 61.453603887251447 ], [ -117.066789257987054, 62.289044540927513 ] ] } },
{ "type": "Feature", "properties": { "ConType": "Certain" }, "geometry": { "type": "LineString", "coordinates": [ [ -120.207632541061415, 64.112946178655307 ], [ -126.413860875583538, 62.564664292145508 ] ] } },
{ "type": "Feature", "properties": { "ConType": "Certain" }, "geometry": { "type": "LineString", "coordinates": [ [ -123.911850700626829, 65.554448103363072 ], [ -120.726807387501296, 65.109879145400441 ], [ -119.374795686071707, 65.769836363850246 ], [ -119.555252714185642, 66.460005415332532 ] ] } },
{ "type": "Feature", "properties": { "ConType": "Certain" }, "geometry": { "type": "LineString", "coordinates": [ [ -114.131580827683919, 66.335021851610549 ], [ -115.077874980494528, 66.485414029130879 ], [ -113.104301596850917, 66.369110419844006 ], [ -113.705527287448774, 65.850999535649365 ], [ -114.131580827683919, 66.335021851610549 ] ] } },
{ "type": "Feature", "properties": { "ConType": "Certain" }, "geometry": { "type": "LineString", "coordinates": [ [ -119.688988496784759, 67.80301083295177 ], [ -118.534687095046365, 67.569080327226715 ], [ -118.025198717808991, 67.267446814700463 ], [ -120.691286846896972, 67.106794695727487 ], [ -120.530434601621479, 67.841672411689018 ], [ -119.688988496784759, 67.80301083295177 ] ] } },
{ "type": "Feature", "properties": { "ConType": "Certain" }, "geometry": { "type": "LineString", "coordinates": [ [ -126.227416230749796, 67.682565781566822 ], [ -127.794082226937533, 67.247530117120817 ], [ -130.228273332720363, 68.228679076053325 ], [ -129.600125422493676, 68.57821093687167 ] ] } },
{ "type": "Feature", "properties": { "ConType": "Certain" }, "geometry": { "type": "LineString", "coordinates": [ [ -127.015347338816667, 68.061059036417049 ], [ -128.25737761163262, 68.294291548691419 ], [ -128.473476654394773, 68.804841134520501 ], [ -125.658781671612573, 68.601520102584345 ], [ -127.015347338816667, 68.061059036417049 ] ] } },
{ "type": "Feature", "properties": { "ConType": "Approx" }, "geometry": { "type": "LineString", "coordinates": [ [ -134.793166834388273, 69.272726998105696 ], [ -132.251050876825474, 69.226229629567015 ], [ -134.424979307487973, 68.292412877660567 ] ] } },
{ "type": "Feature", "properties": { "ConType": "Certain" }, "geometry": { "type": "LineString", "coordinates": [ [ -125.305699579751334, 71.268146978208307 ], [ -120.580888620672809, 69.864072692073591 ], [ -115.684015200585861, 71.197991752277019 ] ] } },
{ "type": "Feature", "properties": { "ConType": "Certain" }, "geometry": { "type": "LineString", "coordinates": [ [ -124.461300324990603, 71.977292841024109 ], [ -121.213563636185654, 71.139559518529197 ], [ -116.418648309671966, 71.3112134758655 ] ] } },
{ "type": "Feature", "properties": { "ConType": "Certain" }, "geometry": { "type": "LineString", "coordinates": [ [ -114.76180855096284, 71.805736458657577 ], [ -115.697741724672994, 72.14521199668394 ], [ -113.102649605916554, 72.219062520081806 ], [ -113.681934145860097, 71.800947759586776 ], [ -114.76180855096284, 71.805736458657577 ] ] } },
{ "type": "Feature", "properties": { "ConType": "Certain" }, "geometry": { "type": "LineString", "coordinates": [ [ -119.89103526319748, 71.561566586383066 ], [ -121.441183790405248, 71.745298071264187 ], [ -122.029069724863291, 72.201176046706891 ], [ -120.100591720881653, 72.614857217307659 ], [ -118.641290212933541, 71.721727793244042 ], [ -119.89103526319748, 71.561566586383066 ] ] } },
{ "type": "Feature", "properties": { "ConType": "Certain" }, "geometry": { "type": "LineString", "coordinates": [ [ -132.474592982337725, 71.887272250890845 ], [ -133.23634613220085, 72.385059431029703 ], [ -128.273233867398375, 72.83291597755381 ], [ -126.424961245275284, 72.19127708449453 ], [ -127.538934332929159, 71.125764618092788 ] ] } },
{ "type": "Feature", "properties": { "ConType": "Certain" }, "geometry": { "type": "LineString", "coordinates": [ [ -135.687644842939704, 72.042249235104876 ], [ -134.583916639035664, 72.90406846135987 ], [ -127.67970548916, 73.171695210597235 ] ] } },
{ "type": "Feature", "properties": { "ConType": "Certain" }, "geometry": { "type": "LineString", "coordinates": [ [ -124.898889984919236, 72.440992396097101 ], [ -121.313120161364196, 73.325970481454974 ], [ -116.547288530671182, 73.014788307717183 ] ] } },
{ "type": "Feature", "properties": { "ConType": "Certain" }, "geometry": { "type": "LineString", "coordinates": [ [ -131.279884667020781, 74.160002788117865 ], [ -130.985796494860978, 73.511730815362995 ], [ -136.229530830805828, 73.37088149164849 ] ] } },
{ "type": "Feature", "properties": { "ConType": "Certain" }, "geometry": { "type": "LineString", "coordinates": [ [ -122.202466342534308, 74.852919134962775 ], [ -116.499088748010095, 73.536791462994955 ], [ -113.486659197110228, 74.607106686940412 ] ] } },
{ "type": "Feature", "properties": { "ConType": "Approx" }, "geometry": { "type": "LineString", "coordinates": [ [ -127.67970548916, 73.171695210597235 ], [ -122.202466342534308, 74.852919134962775 ] ] } },
{ "type": "Feature", "properties": { "ConType": "Certain" }, "geometry": { "type": "LineString", "coordinates": [ [ -133.890048088704106, 74.022696413928941 ], [ -136.152812672440717, 74.676205331077426 ], [ -132.296574879967949, 74.624741400536365 ], [ -133.286569902948401, 74.184838496885732 ] ] } },
{ "type": "Feature", "properties": { "ConType": "Certain" }, "geometry": { "type": "LineString", "coordinates": [ [ -119.152378990500068, 75.080002036544641 ], [ -118.0780369489935, 74.350072850277257 ], [ -115.817742112133558, 75.005229547084042 ], [ -117.449131919263934, 75.356679312724452 ], [ -119.152378990500068, 75.080002036544641 ] ] } },
{ "type": "Feature", "properties": { "ConType": "Certain" }, "geometry": { "type": "LineString", "coordinates": [ [ -131.279884667020781, 74.160002788117865 ], [ -130.412472773806911, 74.844835114016178 ], [ -131.281249380992733, 75.341828476860329 ], [ -136.101094182298169, 75.516693748205043 ] ] } },
{ "type": "Feature", "properties": { "ConType": "Internal" }, "geometry": { "type": "LineString", "coordinates": [ [ -124.573858691802272, 75.595213096057307 ], [ -125.719743352104445, 75.156478295518767 ], [ -124.625992835222675, 74.684438916631365 ], [ -129.805261669412033, 74.495384207312895 ], [ -128.546715200562517, 75.268400218806534 ], [ -129.990809398185434, 75.983606619044167 ], [ -127.769818888958426, 76.027108474266242 ] ] } },
{ "type": "Feature", "properties": { "ConType": "Certain" }, "geometry": { "type": "LineString", "coordinates": [ [ -114.673026864165578, 75.859500530918666 ], [ -119.765550412520511, 75.820583802275763 ] ] } },
{ "type": "Feature", "properties": { "ConType": "Certain" }, "geometry": { "type": "LineString", "coordinates": [ [ -127.769818888958426, 76.027108474266242 ], [ -128.423479293325045, 76.29115774613112 ], [ -125.536075831131413, 76.239431239064444 ], [ -125.904407438416612, 76.793846970335707 ], [ -124.520719853993754, 77.041978037475587 ] ] } },
{ "type": "Feature", "properties": { "ConType": "Certain" }, "geometry": { "type": "LineString", "coordinates": [ [ -118.858113845811658, 77.143803187296129 ], [ -114.783817721805249, 76.784145492897224 ], [ -114.058715155880051, 76.191598899309369 ], [ -114.673026864165578, 75.859500530918666 ] ] } },
{ "type": "Feature", "properties": { "ConType": "Certain" }, "geometry": { "type": "LineString", "coordinates": [ [ -130.163196704564228, 76.967796139085877 ], [ -131.638734663732691, 75.968157880911733 ], [ -135.559116446654855, 76.289203077561496 ], [ -132.882995283758135, 77.371289382044139 ], [ -130.163196704564228, 76.967796139085877 ] ] } },
{ "type": "Feature", "properties": { "ConType": "Approx" }, "geometry": { "type": "LineString", "coordinates": [ [ -117.390368425946889, 77.994590819241111 ], [ -121.08454594370518, 78.389788933314151 ], [ -124.520719853993754, 77.041978037475587 ] ] } },
{ "type": "Feature", "properties": { "ConType": "Certain" }, "geometry": { "type": "LineString", "coordinates": [ [ -115.369380166312013, 77.794954548336847 ], [ -113.795017329348582, 78.366392273971556 ], [ -116.036027344715507, 78.681017085100663 ], [ -117.390368425946889, 77.994590819241111 ] ] } },
{ "type": "Feature", "properties": { "ConType": "Certain" }, "geometry": { "type": "LineString", "coordinates": [ [ -134.322148704787907, 79.722525472473606 ], [ -131.709479033005692, 79.140556958006755 ], [ -128.11635794064685, 79.734011023876334 ], [ -134.755512888368827, 80.004729858872281 ] ] } },
{ "type": "Feature", "properties": { "ConType": "Certain" }, "geometry": { "type": "LineString", "coordinates": [ [ -136.286048675174186, 82.882151416171979 ], [ -129.605917991505464, 83.014270718424598 ] ] } },
{ "type": "Feature", "properties": { "ConType": "Certain" }, "geometry": { "type": "LineString", "coordinates": [ [ -126.438740362495381, 83.262913645229773 ], [ -125.800605673243155, 82.738675390629126 ], [ -128.285894565989707, 81.640657390168229 ], [ -138.495367904841032, 80.54155796896913 ] ] } },
{ "type": "Feature", "properties": { "ConType": "Certain" }, "geometry": { "type": "LineString", "coordinates": [ [ -129.123090134583009, 83.135776899254296 ], [ -128.608791451163796, 83.375677695117773 ], [ -130.801818711338825, 83.803235805242522 ], [ -137.003331927049885, 83.287015942297117 ] ] } },
{ "type": "Feature", "properties": { "ConType": "Certain" }, "geometry": { "type": "LineString", "coordinates": [ [ -138.87530345084275, 77.272136394068042 ], [ -126.608569353288516, 79.019417267022121 ], [ -126.949090751998341, 79.538854844983703 ], [ -125.12990393298287, 80.230240223141109 ], [ -125.968359573417374, 81.347320249793526 ], [ -120.311061230705903, 83.726018496889452 ], [ -114.707293334904008, 84.481090274240444 ] ] } },
{ "type": "Feature", "properties": { "ConType": "Certain" }, "geometry": { "type": "LineString", "coordinates": [ [ -126.438740362495381, 83.262913645229773 ], [ -117.925353946118165, 84.715376776247254 ] ] } },
{ "type": "Feature", "properties": { "ConType": "Certain" }, "geometry": { "type": "LineString", "coordinates": [ [ -109.707242173695533, 45.679825349934156 ], [ -110.334927674597239, 45.775980829431496 ], [ -110.169612086778542, 47.013292543842823 ], [ -108.397590098825447, 47.507147988262112 ], [ -107.122990430273674, 46.821413941425391 ], [ -107.553112808492571, 45.510148275071664 ] ] } },
{ "type": "Feature", "properties": { "ConType": "Certain" }, "geometry": { "type": "LineString", "coordinates": [ [ -111.861110357337438, 46.17936385699624 ], [ -109.890318147238958, 48.427105826357177 ], [ -107.913313088053414, 48.555125166097035 ], [ -105.854875447525075, 47.390428722399555 ] ] } },
{ "type": "Feature", "properties": { "ConType": "Approx" }, "geometry": { "type": "LineString", "coordinates": [ [ -106.959789981418965, 50.327668145292172 ], [ -107.412720416476091, 49.575587930507027 ], [ -108.791336226248461, 50.186367083896677 ], [ -108.878590390547316, 48.751908609104959 ], [ -109.471918711736748, 49.613979763326157 ], [ -108.550514730673072, 50.832047908282348 ], [ -106.9650997904522, 50.671393975525604 ] ] } },
{ "type": "Feature", "properties": { "ConType": "Approx" }, "geometry": { "type": "LineString", "coordinates": [ [ -113.528699808789639, 51.227515761677907 ], [ -112.957548103659875, 51.921532498141168 ], [ -111.669676620009483, 51.089127762287916 ], [ -112.245554112296517, 50.340487025612561 ], [ -111.345091128553989, 49.696551285436271 ], [ -112.716726608084485, 48.632050471756621 ] ] } },
{ "type": "Feature", "properties": { "ConType": "Certain" }, "geometry": { "type": "LineString", "coordinates": [ [ -106.9650997904522, 50.671393975525604 ], [ -107.213086519979655, 51.648423046706519 ], [ -106.246039614218006, 52.037109452896431 ], [ -106.015813748594653, 50.232720606193503 ], [ -106.846366413380096, 50.096212557376319 ] ] } },
{ "type": "Feature", "properties": { "ConType": "Certain" }, "geometry": { "type": "LineString", "coordinates": [ [ -110.337431441461305, 51.925940925908222 ], [ -109.107189450448004, 51.226376857186267 ], [ -106.906949919961761, 52.280735803437068 ], [ -107.678578136260896, 52.967663577203467 ], [ -109.012493657937128, 52.288350539169421 ] ] } },
{ "type": "Feature", "properties": { "ConType": "Certain" }, "geometry": { "type": "LineString", "coordinates": [ [ -107.011590151190077, 54.151629926496064 ], [ -108.859792553500057, 54.323558771002887 ], [ -109.582042291528921, 55.413553159409162 ], [ -107.561751768117261, 55.793860376081895 ], [ -106.61722927969231, 54.602595581963648 ] ] } },
{ "type": "Feature", "properties": { "ConType": "Internal" }, "geometry": { "type": "LineString", "coordinates": [ [ -107.793433445825457, 60.535585392902277 ], [ -112.024519674932293, 62.049698508959352 ], [ -109.028532274818076, 62.028913681716169 ] ] } },
{ "type": "Feature", "properties": { "ConType": "Certain" }, "geometry": { "type": "LineString", "coordinates": [ [ -101.841661304041679, 61.978285569105729 ], [ -103.021876046126991, 61.987648713218405 ], [ -103.518519042014631, 62.682257659966737 ], [ -101.512326825485957, 63.005401335152357 ], [ -101.841661304041679, 61.978285569105729 ] ] } },
{ "type": "Feature", "properties": { "ConType": "Certain" }, "geometry": { "type": "LineString", "coordinates": [ [ -102.589101622574219, 64.436647226286979 ], [ -101.78155362878465, 65.338522168121273 ], [ -99.821091068794701, 64.76062026563082 ], [ -100.806768706058577, 64.177947458936998 ], [ -102.589101622574219, 64.436647226286979 ] ] } },
{ "type": "Feature", "properties": { "ConType": "Certain" }, "geometry": { "type": "LineString", "coordinates": [ [ -105.328778974778615, 65.789612278833658 ], [ -107.083690083071573, 66.115645601725532 ], [ -108.061761403857417, 67.198352200461144 ], [ -105.350469566049028, 67.838178727827625 ], [ -103.020332305104148, 67.217550102139469 ] ] } },
{ "type": "Feature", "properties": { "ConType": "Certain" }, "geometry": { "type": "LineString", "coordinates": [ [ -111.645424863864037, 67.413472710192337 ], [ -109.931082798331587, 67.406810346133796 ], [ -109.692589831728526, 66.682999128277089 ], [ -108.807318543282079, 67.108728278236654 ], [ -110.14846112914924, 67.800238431524363 ], [ -113.536974600212432, 68.022677017816861 ] ] } },
{ "type": "Feature", "properties": { "ConType": "Certain" }, "geometry": { "type": "LineString", "coordinates": [ [ -97.635757279055397, 47.423710816425555 ], [ -97.132873768931944, 46.294368839995165 ], [ -96.16612835360165, 46.888260809322475 ], [ -96.505126945650815, 47.73498496878581 ], [ -97.635757279055397, 47.423710816425555 ] ] } },
{ "type": "Feature", "properties": { "ConType": "Approx" }, "geometry": { "type": "LineString", "coordinates": [ [ -94.180419180381591, 50.492230204899762 ], [ -94.415788521175671, 49.335336385143556 ], [ -95.889334236770964, 49.278077811281698 ], [ -95.64571517104541, 50.403400904630367 ], [ -94.922277882844909, 50.038258575530044 ], [ -94.481339800048104, 50.644390462109513 ] ] } },
{ "type": "Feature", "properties": { "ConType": "Approx" }, "geometry": { "type": "LineString", "coordinates": [ [ -96.049506207613987, 51.895734095621087 ], [ -96.245163571230222, 52.517717637551158 ], [ -95.224296227516561, 52.240125643847975 ], [ -94.659997297462567, 52.95627102673766 ], [ -94.238317508747116, 51.44936380636635 ], [ -95.655700525426255, 51.386006012022172 ] ] } },
{ "type": "Feature", "properties": { "ConType": "Certain" }, "geometry": { "type": "LineString", "coordinates": [ [ -103.371119449374589, 54.00154505670622 ], [ -98.523296961298627, 53.403095233511621 ] ] } },
{ "type": "Feature", "properties": { "ConType": "Approx" }, "geometry": { "type": "LineString", "coordinates": [ [ -91.947225049364022, 55.009173797350464 ], [ -90.606653515170166, 54.561754066013812 ], [ -89.644897914549787, 55.220933692288938 ], [ -90.207180448026733, 53.195462095618481 ], [ -92.089752208782329, 54.715081127006961 ] ] } },
{ "type": "Feature", "properties": { "ConType": "Certain" }, "geometry": { "type": "LineString", "coordinates": [ [ -94.037602544375844, 55.696626160246311 ], [ -97.6561033487136, 55.041751536491496 ], [ -95.276414360173206, 55.219565654146059 ] ] } },
{ "type": "Feature", "properties": { "ConType": "Certain" }, "geometry": { "type": "LineString", "coordinates": [ [ -100.712763038474762, 55.318276962696459 ], [ -99.708450422156943, 56.159121847689576 ], [ -98.467965621702874, 55.542362471222219 ], [ -99.674191058152999, 54.848268404913568 ], [ -100.712763038474762, 55.318276962696459 ] ] } },
{ "type": "Feature", "properties": { "ConType": "Certain" }, "geometry": { "type": "LineString", "coordinates": [ [ -98.898927986257164, 58.749851816546673 ], [ -96.318196269432207, 57.736783340593092 ], [ -96.279744855466035, 58.566454621902551 ], [ -94.762443592365571, 58.609171923318179 ] ] } },
{ "type": "Feature", "properties": { "ConType": "Certain" }, "geometry": { "type": "LineString", "coordinates": [ [ -97.644591540317847, 59.414505587257622 ], [ -98.730157269023877, 60.422062241540388 ], [ -97.384178209022139, 61.044106241829297 ], [ -95.558861721041978, 60.487567974654162 ], [ -95.967488737076863, 59.655597884043445 ] ] } },
{ "type": "Feature", "properties": { "ConType": "Certain" }, "geometry": { "type": "LineString", "coordinates": [ [ -94.10878336607955, 62.279974688943696 ], [ -95.207967603104208, 62.11479695528498 ], [ -95.651229472653284, 62.734814662333179 ], [ -93.912883756804547, 63.0645361858505 ], [ -95.013337184055928, 62.500521472411073 ], [ -94.10878336607955, 62.279974688943696 ] ] } },
{ "type": "Feature", "properties": { "ConType": "Certain" }, "geometry": { "type": "LineString", "coordinates": [ [ -95.135174871789076, 64.007671973946771 ], [ -94.456401005705715, 64.951994857119843 ], [ -92.42283632576553, 64.631530272432641 ], [ -93.907401259070156, 63.851380761606819 ] ] } },
{ "type": "Feature", "properties": { "ConType": "Approx" }, "geometry": { "type": "LineString", "coordinates": [ [ -96.82743370803999, 65.928622841355221 ], [ -95.007033253344915, 66.169213234499566 ], [ -100.295639649301819, 67.574691221063304 ], [ -99.520663465229347, 66.427462810831457 ], [ -97.912199577902555, 66.730999833332447 ], [ -96.82743370803999, 65.928622841355221 ] ] } },
{ "type": "Feature", "properties": { "ConType": "Certain" }, "geometry": { "type": "LineString", "coordinates": [ [ -106.921265689622061, 68.669293955778471 ], [ -108.042369222855825, 68.703687477121306 ], [ -108.671651137060238, 68.194544414628311 ], [ -105.700156370168003, 68.356822996353927 ], [ -106.921265689622061, 68.669293955778471 ] ] } },
{ "type": "Feature", "properties": { "ConType": "Certain" }, "geometry": { "type": "LineString", "coordinates": [ [ -95.443502397251223, 67.698653050723337 ], [ -92.839323310988036, 68.655671100974402 ], [ -87.360160376285393, 68.850639338893529 ] ] } },
{ "type": "Feature", "properties": { "ConType": "Certain" }, "geometry": { "type": "LineString", "coordinates": [ [ -113.538010043181643, 68.329702345485984 ], [ -111.059556671480763, 68.871211943545504 ], [ -113.68471190949181, 69.471476401311506 ] ] } },
{ "type": "Feature", "properties": { "ConType": "Certain" }, "geometry": { "type": "LineString", "coordinates": [ [ -90.522601220013144, 69.024605036160239 ], [ -91.647625362227714, 68.971382606005733 ], [ -92.098257238615531, 69.224668568558329 ], [ -89.581369245288158, 69.436506043974106 ], [ -90.522601220013144, 69.024605036160239 ] ] } },
{ "type": "Feature", "properties": { "ConType": "Certain" }, "geometry": { "type": "LineString", "coordinates": [ [ -96.661149849908526, 70.730664962796837 ], [ -93.072513667630446, 70.940331428113822 ], [ -91.673576861286762, 69.91682541489692 ] ] } },
{ "type": "Feature", "properties": { "ConType": "Certain" }, "geometry": { "type": "LineString", "coordinates": [ [ -96.239309818346143, 69.526459458153155 ], [ -100.193854191665125, 68.906577992646277 ], [ -102.634801806776025, 70.046778182149922 ], [ -102.150140273850724, 70.883023314871281 ], [ -100.052933474124742, 71.293367080515679 ] ] } },
{ "type": "Feature", "properties": { "ConType": "Certain" }, "geometry": { "type": "LineString", "coordinates": [ [ -103.872133918009993, 70.548977895802665 ], [ -107.320123903863703, 70.718431578463935 ], [ -108.293765691035318, 71.564779456947733 ], [ -106.253918990891705, 71.89015275382927 ], [ -106.289155361050476, 72.461728096183165 ] ] } },
{ "type": "Feature", "properties": { "ConType": "Approx" }, "geometry": { "type": "LineString", "coordinates": [ [ -96.533060079297073, 72.182548309596712 ], [ -91.382536957168142, 72.064320918828415 ] ] } },
{ "type": "Feature", "properties": { "ConType": "Certain" }, "geometry": { "type": "LineString", "coordinates": [ [ -113.225143345824719, 71.218371063644511 ], [ -111.123048273598286, 72.254602323069463 ], [ -113.788215544680511, 73.116181981470035 ] ] } },
{ "type": "Feature", "properties": { "ConType": "Certain" }, "geometry": { "type": "LineString", "coordinates": [ [ -97.669959136221365, 74.869597443689415 ], [ -94.164277972594391, 72.839228040611573 ], [ -91.527590862441642, 72.383076009041091 ] ] } },
{ "type": "Feature", "properties": { "ConType": "Certain" }, "geometry": { "type": "LineString", "coordinates": [ [ -97.669959136221365, 74.869597443689415 ], [ -100.337670905154894, 74.526767899638713 ], [ -101.821317997930336, 75.414521598470145 ], [ -97.50475899079116, 75.665715536259214 ] ] } },
{ "type": "Feature", "properties": { "ConType": "Certain" }, "geometry": { "type": "LineString", "coordinates": [ [ -105.095904925531855, 75.307326379124888 ], [ -106.296897711309143, 75.782667527064831 ], [ -102.619650047700176, 76.083327647812524 ], [ -103.55282745402873, 75.369528578869222 ], [ -105.095904925531855, 75.307326379124888 ] ] } },
{ "type": "Feature", "properties": { "ConType": "Approx" }, "geometry": { "type": "LineString", "coordinates": [ [ -112.940190991314509, 75.151991881646367 ], [ -107.471861691266483, 76.409319451545656 ], [ -108.40650198343647, 77.036828270124147 ] ] } },
{ "type": "Feature", "properties": { "ConType": "Certain" }, "geometry": { "type": "LineString", "coordinates": [ [ -96.197913644030265, 76.22369683988606 ], [ -98.093180969084656, 76.73993772867658 ], [ -95.073363539143344, 77.322257758585536 ] ] } },
{ "type": "Feature", "properties": { "ConType": "Certain" }, "geometry": { "type": "LineString", "coordinates": [ [ -103.556136237477673, 76.826238971425994 ], [ -104.856268589231348, 77.472410087939423 ], [ -100.382242345351813, 77.363413204225409 ], [ -101.807077721247197, 76.821288931344654 ], [ -103.556136237477673, 76.826238971425994 ] ] } },
{ "type": "Feature", "properties": { "ConType": "Certain" }, "geometry": { "type": "LineString", "coordinates": [ [ -113.756051173449819, 77.462571270795962 ], [ -109.502016714999385, 77.951665061308915 ], [ -108.148922910189356, 77.616627017758532 ], [ -108.40650198343647, 77.036828270124147 ] ] } },
{ "type": "Feature", "properties": { "ConType": "Approx" }, "geometry": { "type": "LineString", "coordinates": [ [ -98.662408459236545, 78.483341105495654 ], [ -102.142881597058036, 78.686963040856824 ], [ -103.264021640109647, 78.48850910961815 ], [ -99.392070979720401, 77.488453799903795 ], [ -94.101559556805981, 78.059032804465929 ], [ -98.662408459236545, 78.483341105495654 ] ] } },
{ "type": "Feature", "properties": { "ConType": "Approx" }, "geometry": { "type": "LineString", "coordinates": [ [ -93.864316369645806, 79.050759324766602 ], [ -89.871516672169889, 78.482927942048192 ], [ -89.861547410997517, 77.674029609347258 ] ] } },
{ "type": "Feature", "properties": { "ConType": "Certain" }, "geometry": { "type": "LineString", "coordinates": [ [ -90.435022566505097, 79.464942145079164 ], [ -96.370685175761395, 79.660786895640442 ] ] } },
{ "type": "Feature", "properties": { "ConType": "Certain" }, "geometry": { "type": "LineString", "coordinates": [ [ -100.722175880261958, 79.80641500527318 ], [ -102.252676726996867, 79.22250723939851 ], [ -97.888205128416502, 79.073339962803729 ], [ -98.683807120364818, 79.749703913789375 ] ] } },
{ "type": "Feature", "properties": { "ConType": "Certain" }, "geometry": { "type": "LineString", "coordinates": [ [ -114.889353398280221, 81.134900793832941 ], [ -119.413054674071788, 80.095289759463412 ], [ -117.404330807876249, 79.172722615374994 ], [ -111.105803493826741, 78.769364172824396 ], [ -103.882494570629376, 79.917117762489852 ], [ -106.927326807454648, 81.07495677463406 ] ] } },
{ "type": "Feature", "properties": { "ConType": "Certain" }, "geometry": { "type": "LineString", "coordinates": [ [ -106.927326807454648, 81.07495677463406 ], [ -114.889353398280221, 81.134900793832941 ] ] } },
{ "type": "Feature", "properties": { "ConType": "Approx" }, "geometry": { "type": "LineString", "coordinates": [ [ -103.668531522046436, 81.269950207658226 ], [ -97.680347015383575, 79.893077773840702 ] ] } },
{ "type": "Feature", "properties": { "ConType": "Certain" }, "geometry": { "type": "LineString", "coordinates": [ [ -100.38762817171056, 81.72741226267415 ], [ -91.524359214268571, 82.042943817273766 ] ] } },
{ "type": "Feature", "properties": { "ConType": "Certain" }, "geometry": { "type": "LineString", "coordinates": [ [ -114.889353398280221, 81.134900793832941 ], [ -120.130821902810041, 82.189586956564142 ], [ -112.434667456296694, 83.378991092173024 ], [ -102.447369807326751, 83.035492238837051 ] ] } },
{ "type": "Feature", "properties": { "ConType": "Certain" }, "geometry": { "type": "LineString", "coordinates": [ [ -99.730123357067072, 83.870805393409427 ], [ -100.85730805539049, 83.514482482224935 ], [ -95.051028988688756, 82.96182852527123 ], [ -90.930466565596802, 83.609928356757806 ], [ -92.868015100906717, 83.867839266687213 ] ] } },
{ "type": "Feature", "properties": { "ConType": "Certain" }, "geometry": { "type": "LineString", "coordinates": [ [ -92.868015100906717, 83.867839266687213 ], [ -99.730123357067072, 83.870805393409427 ] ] } },
{ "type": "Feature", "properties": { "ConType": "Certain" }, "geometry": { "type": "LineString", "coordinates": [ [ -104.761815355669171, 84.00031993072362 ], [ -113.850217951198971, 84.446769584559306 ] ] } },
{ "type": "Feature", "properties": { "ConType": "Certain" }, "geometry": { "type": "LineString", "coordinates": [ [ -100.596444509992153, 85.079431666145183 ], [ -115.614746802779536, 85.340648816928493 ], [ -107.873750457828862, 85.895392965075231 ], [ -112.064168064149968, 86.034057586272596 ] ] } },
{ "type": "Feature", "properties": { "ConType": "Certain" }, "geometry": { "type": "LineString", "coordinates": [ [ -112.064168064149968, 86.034057586272596 ], [ -115.740679677827515, 86.420638746864412 ], [ -109.293784988897926, 87.374857729769289 ], [ -98.618492616119838, 87.585722116803097 ], [ -71.927613864956882, 86.900219340584655 ], [ -74.940547608163527, 86.613940790273574 ], [ -72.85109748428998, 85.979104166657308 ], [ -78.802886223843899, 85.310424663357708 ], [ -100.596444509992153, 85.079431666145183 ] ] } },
{ "type": "Feature", "properties": { "ConType": "Certain" }, "geometry": { "type": "LineString", "coordinates": [ [ -122.311045590999456, 87.107255796391328 ], [ -100.484900780401304, 88.101189734377158 ] ] } },
{ "type": "Feature", "properties": { "ConType": "Certain" }, "geometry": { "type": "LineString", "coordinates": [ [ -48.005691008361914, 88.473760170756208 ], [ -42.78075313758427, 88.91150177629558 ], [ -55.315923535420062, 89.804710403348537 ], [ -179.999983509510002, 89.884312807642146 ] ] } },
{ "type": "Feature", "properties": { "ConType": "Certain" }, "geometry": { "type": "LineString", "coordinates": [ [ -85.092228477664094, -88.000725430222516 ], [ -58.034510662070396, -88.886268103588009 ], [ -115.01927895547928, -88.738653373111688 ], [ -107.568998325536768, -88.260514463749843 ] ] } },
{ "type": "Feature", "properties": { "ConType": "Certain" }, "geometry": { "type": "LineString", "coordinates": [ [ -77.789651450303467, -82.256574702693356 ], [ -75.372769282769838, -82.294781516379658 ], [ -82.152149467496457, -82.531521972153399 ], [ -79.725290288987182, -82.276651837689471 ], [ -77.789651450303467, -82.256574702693356 ] ] } },
{ "type": "Feature", "properties": { "ConType": "Certain" }, "geometry": { "type": "LineString", "coordinates": [ [ -90.219029151912508, -80.533789942128251 ], [ -83.842869980991225, -79.476549529984737 ], [ -89.531429493287874, -78.460300458923726 ], [ -86.317689037932723, -78.158717468519171 ], [ -77.56508741615977, -79.008795597731137 ], [ -75.958240457678713, -80.575009153808907 ], [ -83.491014956702656, -81.670712380373871 ], [ -89.805457415129325, -81.06406069964963 ] ] } },
{ "type": "Feature", "properties": { "ConType": "Certain" }, "geometry": { "type": "LineString", "coordinates": [ [ -69.859424422735671, -77.877539505637799 ], [ -82.69359653618595, -76.645803223942025 ], [ -90.593599182635558, -77.071864692061027 ] ] } },
{ "type": "Feature", "properties": { "ConType": "Approx" }, "geometry": { "type": "LineString", "coordinates": [ [ -65.563298708465936, -74.417588196416915 ], [ -67.58982188088757, -75.159359853749535 ], [ -65.90779543306536, -76.342195229732127 ], [ -70.51294209881074, -76.915811771331278 ], [ -69.859424422735671, -77.877539505637799 ] ] } },
{ "type": "Feature", "properties": { "ConType": "Certain" }, "geometry": { "type": "LineString", "coordinates": [ [ -65.563298708465936, -74.417588196416915 ], [ -70.920643254094486, -74.504528312305311 ], [ -71.492018618546354, -74.909255149159918 ], [ -70.170383606602442, -75.811565313349746 ], [ -72.593239929282703, -75.657193476645574 ], [ -75.546968991117154, -76.622459299537283 ], [ -85.660050359453507, -74.990951302960497 ] ] } },
{ "type": "Feature", "properties": { "ConType": "Certain" }, "geometry": { "type": "LineString", "coordinates": [ [ -66.941249565331802, -69.51098536662181 ], [ -71.236228836365058, -69.622914798974278 ], [ -69.2546909436345, -70.020924624115125 ], [ -69.709362954053887, -70.411975429324173 ], [ -68.871239480080519, -70.97728142157851 ], [ -65.217292084750497, -70.314715388505888 ] ] } },
{ "type": "Feature", "properties": { "ConType": "Certain" }, "geometry": { "type": "LineString", "coordinates": [ [ -73.986830347521774, -65.918266070233074 ], [ -74.823867058339388, -66.351329040396863 ], [ -74.831374975400522, -67.769524493685267 ], [ -73.488364673756308, -69.124690365042071 ], [ -85.712614870884622, -72.345573494177344 ], [ -91.059477563566361, -72.480468485752624 ], [ -95.800788008783513, -71.290193153536848 ], [ -99.843032041368446, -69.14174343776547 ], [ -100.853419108478263, -65.386497786898573 ], [ -98.1992972824183, -62.127337347249636 ], [ -87.002075262070818, -59.705901481062384 ], [ -84.72237100007257, -60.310630963243746 ], [ -80.09328069716824, -59.976672958658106 ] ] } },
{ "type": "Feature", "properties": { "ConType": "Certain" }, "geometry": { "type": "LineString", "coordinates": [ [ -84.048536505724371, -56.94901791342658 ], [ -82.532898353701498, -56.881123080856874 ], [ -80.09328069716824, -59.976672958658106 ] ] } },
{ "type": "Feature", "properties": { "ConType": "Certain" }, "geometry": { "type": "LineString", "coordinates": [ [ -89.100137933579987, -57.290915357310062 ], [ -89.144964625914, -56.76533719470347 ], [ -85.826467501009901, -57.297472528507136 ], [ -84.751076940802221, -56.71249832374798 ] ] } },
{ "type": "Feature", "properties": { "ConType": "Certain" }, "geometry": { "type": "LineString", "coordinates": [ [ -78.56367667415563, -56.694586223257673 ], [ -78.457916767841141, -57.350196573760606 ], [ -79.637678624615035, -55.813011429375059 ], [ -78.402747702530078, -56.173576840092096 ], [ -78.56367667415563, -56.694586223257673 ] ] } },
{ "type": "Feature", "properties": { "ConType": "Certain" }, "geometry": { "type": "LineString", "coordinates": [ [ -87.556469584098352, -55.771251182493124 ], [ -88.236100707036115, -56.402183682773938 ], [ -89.844320950441769, -56.093170256851927 ], [ -88.388020555455341, -55.728016078797069 ] ] } },
{ "type": "Feature", "properties": { "ConType": "Certain" }, "geometry": { "type": "LineString", "coordinates": [ [ -88.388020555455341, -55.728016078797069 ], [ -89.236344788766772, -55.07418457196561 ], [ -89.396358914255202, -53.952504558898447 ], [ -90.848882088110116, -53.418712759061279 ], [ -88.344483727184937, -53.288556495165821 ], [ -89.008232775969816, -54.775747563079115 ], [ -87.556469584098352, -55.771251182493124 ] ] } },
{ "type": "Feature", "properties": { "ConType": "Certain" }, "geometry": { "type": "LineString", "coordinates": [ [ -83.589782558504822, -54.319646040439139 ], [ -84.124203464286197, -53.426835252009937 ], [ -82.90817773545929, -52.826071189161134 ], [ -82.480083035552326, -53.634491800904527 ], [ -83.589782558504822, -54.319646040439139 ] ] } },
{ "type": "Feature", "properties": { "ConType": "Approx" }, "geometry": { "type": "LineString", "coordinates": [ [ -85.324410795960716, -54.187689982021098 ], [ -84.033929066447229, -54.333944005338651 ], [ -84.416787551331353, -52.511237990769018 ], [ -85.793293828380399, -52.083636428981386 ], [ -85.960049148266592, -53.299517012237679 ] ] } },
{ "type": "Feature", "properties": { "ConType": "Certain" }, "geometry": { "type": "LineString", "coordinates": [ [ -86.604663949289133, -50.504642190868829 ], [ -85.833318254541226, -49.796733622068182 ], [ -84.513895580583124, -51.081234841596356 ], [ -82.725418930034337, -48.932116159509697 ], [ -81.862915953477668, -49.469652515882068 ] ] } },
{ "type": "Feature", "properties": { "ConType": "Certain" }, "geometry": { "type": "LineString", "coordinates": [ [ -87.988939423894024, -48.192117871519415 ], [ -89.171103027143204, -49.946102264934012 ], [ -88.899160778524376, -50.486559017593777 ], [ -88.081525996971521, -50.312890226832252 ], [ -87.988939423894024, -48.192117871519415 ] ] } },
{ "type": "Feature", "properties": { "ConType": "Certain" }, "geometry": { "type": "LineString", "coordinates": [ [ -80.001372531974852, -43.011585779825062 ], [ -79.180407270821703, -43.745374044933108 ], [ -79.690119093024919, -46.270658768715336 ], [ -81.971947229829198, -47.293869276987202 ], [ -83.837819239636531, -46.440207919059404 ], [ -84.255068357000681, -44.995178607090523 ], [ -83.52257890615455, -43.293561121612832 ], [ -81.370398632960658, -42.792418128261495 ] ] } },
{ "type": "Feature", "properties": { "ConType": "Certain" }, "geometry": { "type": "LineString", "coordinates": [ [ -72.706694997798508, -63.550091933947321 ], [ -70.839954366957159, -64.323720592122157 ], [ -73.243561672235472, -64.977075875192128 ], [ -73.986830347521774, -65.918266070233074 ] ] } },
{ "type": "Feature", "properties": { "ConType": "Certain" }, "geometry": { "type": "LineString", "coordinates": [ [ -72.706694997798508, -63.550091933947321 ], [ -73.360834574149635, -63.980869348622342 ], [ -77.680331805421488, -62.350969093252189 ], [ -78.901967260667817, -61.402942364744462 ], [ -77.664056084134188, -60.62847160635171 ] ] } },
{ "type": "Feature", "properties": { "ConType": "Certain" }, "geometry": { "type": "LineString", "coordinates": [ [ -74.407305394693523, -60.324391438064737 ], [ -70.997887419638104, -61.931638866804882 ], [ -72.706694997798508, -63.550091933947321 ] ] } },
{ "type": "Feature", "properties": { "ConType": "Certain" }, "geometry": { "type": "LineString", "coordinates": [ [ -72.050018673399279, -58.935351443775211 ], [ -70.678974665449218, -59.985740700057192 ], [ -73.09875193193372, -59.053963739240295 ] ] } },
{ "type": "Feature", "properties": { "ConType": "Certain" }, "geometry": { "type": "LineString", "coordinates": [ [ -76.697672808865832, -58.933116255412052 ], [ -78.090610815688507, -58.184657800704997 ], [ -79.98241672095925, -58.98374173308941 ], [ -78.921796405257368, -59.790517299041277 ], [ -76.639444879718752, -59.55128705902721 ] ] } },
{ "type": "Feature", "properties": { "ConType": "Certain" }, "geometry": { "type": "LineString", "coordinates": [ [ -68.024013720372253, -58.050312250394171 ], [ -67.146681059967662, -59.095380940256426 ], [ -69.468462773241995, -59.270035354294471 ], [ -69.510353197031975, -57.808603619999467 ], [ -68.219209288052213, -57.944153558990593 ] ] } },
{ "type": "Feature", "properties": { "ConType": "Certain" }, "geometry": { "type": "LineString", "coordinates": [ [ -77.639984106935444, -57.631058140206036 ], [ -78.880773992410482, -57.64694128284242 ], [ -80.02316415099969, -58.291626771964069 ], [ -77.236021552380649, -57.9707553094145 ], [ -77.639984106935444, -57.631058140206036 ] ] } },
{ "type": "Feature", "properties": { "ConType": "Certain" }, "geometry": { "type": "LineString", "coordinates": [ [ -73.25314027736772, -56.670705808004385 ], [ -74.935751987034408, -56.780055169259633 ], [ -76.697672808865832, -58.933116255412052 ] ] } },
{ "type": "Feature", "properties": { "ConType": "Certain" }, "geometry": { "type": "LineString", "coordinates": [ [ -75.245018983221328, -56.367342823000122 ], [ -76.826806629674806, -57.213859511985696 ], [ -77.258943950145976, -57.171597697836702 ], [ -75.151388864507965, -56.176623017335302 ], [ -75.245018983221328, -56.367342823000122 ] ] } },
{ "type": "Feature", "properties": { "ConType": "Approx" }, "geometry": { "type": "LineString", "coordinates": [ [ -68.520971859536147, -53.216449321340505 ], [ -72.190355474592948, -51.775267074368344 ], [ -73.577695096091261, -52.1863738031971 ], [ -72.217964155305665, -53.756901034979265 ], [ -69.256115528958858, -55.126665276694482 ] ] } },
{ "type": "Feature", "properties": { "ConType": "Certain" }, "geometry": { "type": "LineString", "coordinates": [ [ -67.973025518924416, -50.892262626460244 ], [ -71.25350320389613, -50.637338803997544 ], [ -69.598547626822622, -51.742080289731298 ] ] } },
{ "type": "Feature", "properties": { "ConType": "Certain" }, "geometry": { "type": "LineString", "coordinates": [ [ -73.678456336431196, -50.313189896884303 ], [ -73.139165418004964, -51.746244832838627 ], [ -75.477529246809638, -51.002877115066646 ], [ -75.181045910560627, -50.521074481266503 ], [ -73.678456336431196, -50.313189896884303 ] ] } },
{ "type": "Feature", "properties": { "ConType": "Approx" }, "geometry": { "type": "LineString", "coordinates": [ [ -81.348731802257262, -49.581304752611942 ], [ -79.805881436265352, -49.401089874520906 ], [ -76.252488097705125, -53.58873333818218 ], [ -73.792260614379714, -55.263755714982238 ] ] } },
{ "type": "Feature", "properties": { "ConType": "Certain" }, "geometry": { "type": "LineString", "coordinates": [ [ -67.863875703560865, -50.855960272511801 ], [ -70.388969907498847, -48.351686452573915 ], [ -68.689176963149549, -48.545260293125693 ] ] } },
{ "type": "Feature", "properties": { "ConType": "Certain" }, "geometry": { "type": "LineString", "coordinates": [ [ -60.337205955410781, -83.504584911679402 ], [ -70.792463318644337, -83.705908809421857 ], [ -70.105969913106208, -83.37018306811683 ] ] } },
{ "type": "Feature", "properties": { "ConType": "Certain" }, "geometry": { "type": "LineString", "coordinates": [ [ -60.337205955410781, -83.504584911679402 ], [ -51.87638842003463, -83.71535678914681 ], [ -45.248248350132116, -82.913017045692087 ] ] } },
{ "type": "Feature", "properties": { "ConType": "Certain" }, "geometry": { "type": "LineString", "coordinates": [ [ -59.915723249138942, -80.950401926730692 ], [ -66.496940252160712, -82.334141428239846 ], [ -60.337205955410781, -83.504584911679402 ] ] } },
{ "type": "Feature", "properties": { "ConType": "Certain" }, "geometry": { "type": "LineString", "coordinates": [ [ -70.105969913106208, -83.37018306811683 ], [ -72.606435588548706, -82.582885128869734 ], [ -67.288791517411298, -81.175773361760434 ], [ -59.915723249138942, -80.950401926730692 ] ] } },
{ "type": "Feature", "properties": { "ConType": "Certain" }, "geometry": { "type": "LineString", "coordinates": [ [ -45.248248350132116, -82.913017045692087 ], [ -44.115923078691978, -82.598810450222601 ], [ -47.230357350598418, -80.923253271041759 ] ] } },
{ "type": "Feature", "properties": { "ConType": "Certain" }, "geometry": { "type": "LineString", "coordinates": [ [ -54.271744114046363, -80.685164745235255 ], [ -59.915723249138942, -80.950401926730692 ] ] } },
{ "type": "Feature", "properties": { "ConType": "Certain" }, "geometry": { "type": "LineString", "coordinates": [ [ -50.11300371313181, -79.301707151888635 ], [ -50.489537121884254, -78.946088311979295 ], [ -47.485905269664393, -78.412954678199668 ], [ -48.963070822727012, -77.949952005222656 ] ] } },
{ "type": "Feature", "properties": { "ConType": "Certain" }, "geometry": { "type": "LineString", "coordinates": [ [ -48.963070822727012, -77.949952005222656 ], [ -53.824020963072009, -76.656152218878617 ] ] } },
{ "type": "Feature", "properties": { "ConType": "Certain" }, "geometry": { "type": "LineString", "coordinates": [ [ -53.824020963072009, -76.656152218878617 ], [ -52.853236772399057, -78.50754563401027 ], [ -56.554568235779008, -77.685024106833097 ], [ -56.185730200286315, -76.765955507546494 ], [ -54.867722900928953, -76.542019655966172 ] ] } },
{ "type": "Feature", "properties": { "ConType": "Certain" }, "geometry": { "type": "LineString", "coordinates": [ [ -61.470806013424955, -75.744047408126136 ], [ -62.860933225965063, -76.351867719608663 ], [ -58.695065934486735, -77.240037480643736 ], [ -69.859424422735671, -77.877539505637799 ] ] } },
{ "type": "Feature", "properties": { "ConType": "Certain" }, "geometry": { "type": "LineString", "coordinates": [ [ -54.867722900928953, -76.542019655966172 ], [ -61.470806013424955, -75.744047408126136 ] ] } },
{ "type": "Feature", "properties": { "ConType": "Certain" }, "geometry": { "type": "LineString", "coordinates": [ [ -49.361366216575746, -75.007758617880214 ], [ -46.782029167536791, -75.1955862431371 ], [ -48.501342959408525, -75.792017384387108 ], [ -49.767378340163361, -75.28244944470147 ] ] } },
{ "type": "Feature", "properties": { "ConType": "Certain" }, "geometry": { "type": "LineString", "coordinates": [ [ -55.68691754309544, -74.235049772312166 ], [ -56.537368681880622, -74.863613233585255 ], [ -55.05427422262904, -75.458384109749275 ], [ -49.767378340163361, -75.28244944470147 ] ] } },
{ "type": "Feature", "properties": { "ConType": "Certain" }, "geometry": { "type": "LineString", "coordinates": [ [ -49.53884202069117, -74.511103799420383 ], [ -50.896235066784776, -73.632801763943803 ], [ -55.68691754309544, -74.235049772312166 ] ] } },
{ "type": "Feature", "properties": { "ConType": "Certain" }, "geometry": { "type": "LineString", "coordinates": [ [ -58.810487081920783, -73.141206956922474 ], [ -60.752968831994487, -73.716824774737844 ], [ -61.189012139051663, -74.403227685658408 ], [ -60.536185504688909, -75.123632967213396 ], [ -61.470806013424955, -75.744047408126136 ] ] } },
{ "type": "Feature", "properties": { "ConType": "Certain" }, "geometry": { "type": "LineString", "coordinates": [ [ -66.099401051136297, -71.758130129547908 ], [ -68.748943333773184, -72.166706811435049 ], [ -63.795594317287893, -73.234608789516287 ], [ -67.829355784575711, -73.398080013199149 ], [ -65.011408153302497, -74.364930535648384 ], [ -65.563298708465936, -74.417588196416915 ] ] } },
{ "type": "Feature", "properties": { "ConType": "Certain" }, "geometry": { "type": "LineString", "coordinates": [ [ -53.465440969505707, -71.914197415444875 ], [ -50.890107327026442, -71.454790304913146 ], [ -49.796681424669877, -72.372603274479829 ], [ -52.700058197636409, -72.411309172198358 ], [ -53.465440969505707, -71.914197415444875 ] ] } },
{ "type": "Feature", "properties": { "ConType": "Approx" }, "geometry": { "type": "LineString", "coordinates": [ [ -58.810487081920783, -73.141206956922474 ], [ -63.841045056758368, -70.232867127502942 ] ] } },
{ "type": "Feature", "properties": { "ConType": "Certain" }, "geometry": { "type": "LineString", "coordinates": [ [ -61.600943562369977, -69.832633092337261 ], [ -60.306509565104953, -68.957703345825124 ], [ -59.032505127612673, -69.239316752013877 ], [ -59.73205339662934, -70.089635036086619 ], [ -57.154568445040532, -69.204203910421271 ], [ -59.981403682604956, -68.451371628345356 ] ] } },
{ "type": "Feature", "properties": { "ConType": "Certain" }, "geometry": { "type": "LineString", "coordinates": [ [ -42.328719559227316, -71.389121417005072 ], [ -46.918587946236329, -71.019534417440738 ], [ -49.533874489138988, -70.148586130704999 ], [ -49.257094091108968, -69.435983812763553 ], [ -51.794756474178513, -68.882214655822807 ], [ -48.502359080634214, -69.083500896116988 ], [ -44.967536166915693, -68.142251588215004 ], [ -39.339521431971143, -69.2276105884457 ], [ -40.826450939077716, -69.668039021095552 ] ] } },
{ "type": "Feature", "properties": { "ConType": "Certain" }, "geometry": { "type": "LineString", "coordinates": [ [ -65.449766771795183, -67.753778525864405 ], [ -62.173977414399772, -67.603895985299857 ], [ -59.981403682604956, -68.451371628345356 ] ] } },
{ "type": "Feature", "properties": { "ConType": "Certain" }, "geometry": { "type": "LineString", "coordinates": [ [ -58.274663788230257, -65.48761953489506 ], [ -59.572000541911336, -65.152000701301574 ], [ -60.563426336867607, -65.725551758712058 ], [ -58.986149633238256, -66.215811894615783 ], [ -58.274663788230257, -65.48761953489506 ] ] } },
{ "type": "Feature", "properties": { "ConType": "Certain" }, "geometry": { "type": "LineString", "coordinates": [ [ -61.938221061622002, -63.052811346905365 ], [ -63.244163981717755, -63.572900109505959 ], [ -62.520023351053375, -64.557986855600163 ], [ -60.467223603357105, -65.089189993600769 ], [ -59.473061563927864, -64.172717400325993 ], [ -61.938221061622002, -63.052811346905365 ] ] } },
{ "type": "Feature", "properties": { "ConType": "Certain" }, "geometry": { "type": "LineString", "coordinates": [ [ -65.105118721569283, -62.478197286906138 ], [ -66.020712187055494, -63.120307710973698 ], [ -66.900454950531739, -62.957589329561912 ], [ -65.556974163278255, -62.025186656225294 ], [ -65.105118721569283, -62.478197286906138 ] ] } },
{ "type": "Feature", "properties": { "ConType": "Certain" }, "geometry": { "type": "LineString", "coordinates": [ [ -61.481263093383632, -61.33682283072347 ], [ -59.787933425593778, -60.644709782315537 ], [ -57.204769856781219, -62.531792644189139 ] ] } },
{ "type": "Feature", "properties": { "ConType": "Certain" }, "geometry": { "type": "LineString", "coordinates": [ [ -60.903775673456103, -62.90246507130486 ], [ -62.35818703246202, -62.501374415757979 ], [ -63.3292906337497, -60.977455381296728 ], [ -61.697603217685185, -60.469059013996805 ], [ -62.586787470838367, -60.99285126247311 ], [ -61.481263093383632, -61.33682283072347 ] ] } },
{ "type": "Feature", "properties": { "ConType": "Certain" }, "geometry": { "type": "LineString", "coordinates": [ [ -68.654484269720726, -61.615652375669349 ], [ -67.027312011054207, -60.324115538473073 ], [ -63.089823262947021, -62.119975960830331 ], [ -66.949319379405011, -61.30691175931107 ], [ -66.797728673374749, -61.814575440423958 ], [ -68.934793990813773, -61.994678932406508 ], [ -68.654484269720726, -61.615652375669349 ] ] } },
{ "type": "Feature", "properties": { "ConType": "Certain" }, "geometry": { "type": "LineString", "coordinates": [ [ -58.129222376304746, -60.139051918473797 ], [ -57.769839334933408, -61.019409036885747 ], [ -56.120084070417526, -60.637209779947106 ], [ -57.788793701517584, -60.01415295292334 ] ] } },
{ "type": "Feature", "properties": { "ConType": "Certain" }, "geometry": { "type": "LineString", "coordinates": [ [ -57.788793701517584, -60.01415295292334 ], [ -59.715263025747568, -59.161812913367022 ], [ -58.332280129286296, -58.298940597675873 ], [ -60.838961697674755, -57.590808663056301 ], [ -60.344413061384991, -59.338349649087903 ], [ -58.129222376304746, -60.139051918473797 ] ] } },
{ "type": "Feature", "properties": { "ConType": "Certain" }, "geometry": { "type": "LineString", "coordinates": [ [ -68.091039298732525, -55.92054731358273 ], [ -66.314033115501331, -55.619550267664906 ], [ -65.455210843696577, -56.30865449617913 ], [ -67.374833681733705, -56.430503300757714 ] ] } },
{ "type": "Feature", "properties": { "ConType": "Certain" }, "geometry": { "type": "LineString", "coordinates": [ [ -63.814757987920316, -56.48680660748731 ], [ -63.270201684971369, -56.053495508409817 ], [ -63.72142764149045, -55.461186302838129 ], [ -67.490488629189869, -53.561979563000598 ] ] } },
{ "type": "Feature", "properties": { "ConType": "Certain" }, "geometry": { "type": "LineString", "coordinates": [ [ -68.520971859536147, -53.216449321340505 ], [ -63.814757987920316, -56.48680660748731 ] ] } },
{ "type": "Feature", "properties": { "ConType": "Certain" }, "geometry": { "type": "LineString", "coordinates": [ [ -63.386894499271413, -50.929327171910508 ], [ -67.531519082045392, -52.055717396679277 ], [ -68.47930743979596, -51.565987291256185 ], [ -67.973025518924416, -50.892262626460244 ] ] } },
{ "type": "Feature", "properties": { "ConType": "Certain" }, "geometry": { "type": "LineString", "coordinates": [ [ -63.386894499271413, -50.929327171910508 ], [ -62.343147414688232, -50.521263381896539 ], [ -62.526961954375807, -48.621805314290363 ], [ -60.831841943525561, -47.991713123528235 ], [ -61.465157907341542, -47.692297298000945 ] ] } },
{ "type": "Feature", "properties": { "ConType": "Certain" }, "geometry": { "type": "LineString", "coordinates": [ [ -61.807105896431231, -47.366746286588366 ], [ -63.364679968535924, -46.781594865264253 ], [ -63.538919547147671, -46.168091949531551 ], [ -61.287694324830746, -46.269802046102669 ] ] } },
{ "type": "Feature", "properties": { "ConType": "Certain" }, "geometry": { "type": "LineString", "coordinates": [ [ -65.145683632200672, -45.683639291941958 ], [ -64.085698173786341, -46.858148407914719 ], [ -65.90056671668232, -46.01548055154057 ], [ -65.268926009699427, -46.902473618724194 ], [ -66.611907505160019, -46.596481728968811 ] ] } },
{ "type": "Feature", "properties": { "ConType": "Certain" }, "geometry": { "type": "LineString", "coordinates": [ [ -60.58073570712709, -54.717425079736664 ], [ -60.587629275848109, -55.203561703619087 ], [ -59.650604194431928, -56.103192619016696 ], [ -61.541169903633502, -54.804727813866322 ], [ -60.58073570712709, -54.717425079736664 ] ] } },
{ "type": "Feature", "properties": { "ConType": "Certain" }, "geometry": { "type": "LineString", "coordinates": [ [ -58.182363707241471, -54.02834870764292 ], [ -59.114311925519289, -54.805073240735496 ], [ -57.971293544793234, -55.535798823168278 ], [ -56.149635211286395, -55.116782849594294 ], [ -56.329277589974929, -54.282092970475844 ] ] } },
{ "type": "Feature", "properties": { "ConType": "Certain" }, "geometry": { "type": "LineString", "coordinates": [ [ -58.182363707241471, -54.02834870764292 ], [ -59.469702129743474, -52.511175128322314 ], [ -56.38972429109343, -51.405127738081113 ] ] } },
{ "type": "Feature", "properties": { "ConType": "Certain" }, "geometry": { "type": "LineString", "coordinates": [ [ -55.98724714957411, -49.620825187631077 ], [ -54.484962442811614, -50.730470412493915 ], [ -58.10405826055478, -50.749836428840595 ], [ -56.549353063385851, -49.53158142788331 ] ] } },
{ "type": "Feature", "properties": { "ConType": "Certain" }, "geometry": { "type": "LineString", "coordinates": [ [ -58.444476560498956, -49.369721803819765 ], [ -58.750972579903127, -50.317566652689436 ], [ -60.306012110180326, -50.802063085125212 ], [ -61.804788187503391, -50.51059957016475 ], [ -62.382253103321354, -49.51423518834703 ], [ -60.624834910588966, -48.1558903740749 ], [ -58.444476560498956, -49.369721803819765 ] ] } },
{ "type": "Feature", "properties": { "ConType": "Certain" }, "geometry": { "type": "LineString", "coordinates": [ [ -44.285644083396683, -66.313756741028101 ], [ -43.354756727442791, -67.06286391362832 ], [ -44.322639226885407, -67.653369594878484 ], [ -47.236064186999386, -67.045351300656051 ], [ -44.285644083396683, -66.313756741028101 ] ] } },
{ "type": "Feature", "properties": { "ConType": "Certain" }, "geometry": { "type": "LineString", "coordinates": [ [ -57.371079734464907, -66.154194646723809 ], [ -56.513375056841724, -66.115611515782319 ], [ -53.388113435865748, -67.588879748847404 ], [ -58.3040151787445, -66.405403596046696 ], [ -57.371079734464907, -66.154194646723809 ] ] } },
{ "type": "Feature", "properties": { "ConType": "Certain" }, "geometry": { "type": "LineString", "coordinates": [ [ -50.900319104276285, -64.775917961746572 ], [ -49.979265209857118, -65.944335033225045 ], [ -52.760251585717498, -65.183645377321128 ] ] } },
{ "type": "Feature", "properties": { "ConType": "Certain" }, "geometry": { "type": "LineString", "coordinates": [ [ -46.517102449755555, -64.738061983302785 ], [ -48.517445385201526, -65.796911122691725 ], [ -47.540584992610825, -64.822767837506632 ], [ -47.890474185315291, -64.231148183046798 ] ] } },
{ "type": "Feature", "properties": { "ConType": "Certain" }, "geometry": { "type": "LineString", "coordinates": [ [ -54.717330317780615, -61.297212514475454 ], [ -53.191738226111298, -63.012862928176695 ], [ -51.212322621950406, -63.669817585935583 ], [ -46.836284194668934, -62.226510273655713 ], [ -46.61166670996726, -61.206301303760277 ], [ -47.751136739389956, -60.242495880177373 ], [ -47.449445598007557, -59.307072999682944 ], [ -49.894689654579501, -58.893779985398503 ], [ -53.548752937499458, -60.013645083582233 ], [ -54.717330317780615, -61.297212514475454 ] ] } },
{ "type": "Feature", "properties": { "ConType": "Approx" }, "geometry": { "type": "LineString", "coordinates": [ [ -55.898822557222189, -59.985133056121349 ], [ -57.055268735150875, -59.735424323607084 ], [ -57.132704930925932, -59.000539458039825 ], [ -55.556750488835611, -58.819747717571921 ], [ -54.514667593706896, -59.749995160728304 ] ] } },
{ "type": "Feature", "properties": { "ConType": "Approx" }, "geometry": { "type": "LineString", "coordinates": [ [ -53.643680333705241, -57.311899123651834 ], [ -55.725781464249131, -56.299263581388487 ], [ -53.681273217870576, -56.225632479654365 ], [ -54.52065536212497, -55.760899836233243 ], [ -53.929752633720327, -54.029551345197476 ], [ -52.533790914190547, -54.5179260166258 ] ] } },
{ "type": "Feature", "properties": { "ConType": "Certain" }, "geometry": { "type": "LineString", "coordinates": [ [ -51.814821747028944, -50.619842379869645 ], [ -52.219156292140291, -51.486376494090536 ], [ -53.698301527499218, -50.927108624188733 ], [ -52.742222862230385, -50.367277333696485 ], [ -51.814821747028944, -50.619842379869645 ] ] } },
{ "type": "Feature", "properties": { "ConType": "Certain" }, "geometry": { "type": "LineString", "coordinates": [ [ -56.549353063385851, -49.53158142788331 ], [ -56.750135648912789, -48.493550726799171 ], [ -55.112702713386732, -49.075248740154322 ], [ -55.98724714957411, -49.620825187631077 ] ] } },
{ "type": "Feature", "properties": { "ConType": "Certain" }, "geometry": { "type": "LineString", "coordinates": [ [ -54.092471130554728, -46.709662876566107 ], [ -55.497018326173347, -45.244514554281196 ], [ -56.775128985381187, -45.418508074990505 ], [ -57.763503573966588, -44.482487374672523 ] ] } },
{ "type": "Feature", "properties": { "ConType": "Certain" }, "geometry": { "type": "LineString", "coordinates": [ [ -45.643977596147209, -52.397773929183664 ], [ -49.610189245510945, -52.263005800238865 ], [ -49.378372134219632, -51.59708726823132 ], [ -47.147347367704342, -51.766332049174558 ], [ -47.383334446965236, -51.321786086691972 ] ] } },
{ "type": "Feature", "properties": { "ConType": "Certain" }, "geometry": { "type": "LineString", "coordinates": [ [ -50.431571643946825, -51.202480322342176 ], [ -49.58115009292117, -51.426253424756212 ], [ -49.632581025789257, -53.461110145300502 ], [ -47.086322132230151, -53.138042668818812 ] ] } },
{ "type": "Feature", "properties": { "ConType": "Approx" }, "geometry": { "type": "LineString", "coordinates": [ [ -47.383334446965236, -51.321786086691972 ], [ -48.398652661125396, -50.702505158386487 ], [ -43.432165495509885, -49.815727153190039 ], [ -44.171438573399953, -50.735812467304285 ], [ -42.921906065612674, -51.518972991053239 ], [ -43.677391062473546, -52.091012797254393 ], [ -43.387298698768433, -52.861945869392166 ], [ -45.643977596147209, -52.397773929183664 ] ] } },
{ "type": "Feature", "properties": { "ConType": "Certain" }, "geometry": { "type": "LineString", "coordinates": [ [ -51.676918192787461, -47.978450855527676 ], [ -52.558185263418224, -48.296928558846005 ], [ -51.895053610130148, -48.631984552259858 ], [ -52.327834266503423, -48.91119788065437 ], [ -49.884717643051403, -50.572517187239967 ], [ -48.760883999231503, -49.55338853662132 ], [ -47.6859126835935, -49.853542865634758 ], [ -48.809746327413407, -48.750650219135984 ], [ -47.675749120013322, -47.671637196421237 ] ] } },
{ "type": "Feature", "properties": { "ConType": "Approx" }, "geometry": { "type": "LineString", "coordinates": [ [ -47.675749120013322, -47.671637196421237 ], [ -47.077630516814523, -46.649406213814721 ], [ -43.95866163715278, -47.466159898799205 ], [ -43.871078957044801, -46.526006977000172 ], [ -44.944077136496894, -46.342185340471488 ], [ -44.143801531705094, -46.213886450487962 ], [ -44.371870261026373, -45.441627251802906 ], [ -45.929818371614331, -45.004992364338236 ] ] } },
{ "type": "Feature", "properties": { "ConType": "Certain" }, "geometry": { "type": "LineString", "coordinates": [ [ -48.028009498585909, -45.002630606847781 ], [ -49.31233031918309, -45.630441272018828 ], [ -48.551474002935613, -47.284780245064781 ], [ -50.853238877981006, -47.043086207384718 ] ] } },
{ "type": "Feature", "properties": { "ConType": "Certain" }, "geometry": { "type": "LineString", "coordinates": [ [ -89.426179629557183, -41.796632989824012 ], [ -88.151171341910654, -41.538034731705572 ], [ -87.759126009395814, -42.490898917088892 ], [ -88.572081235490074, -43.352903822034456 ], [ -89.462457286366629, -43.105270536300303 ], [ -89.426179629557183, -41.796632989824012 ] ] } },
{ "type": "Feature", "properties": { "ConType": "Certain" }, "geometry": { "type": "LineString", "coordinates": [ [ -84.523866216933342, -31.8210286166643 ], [ -83.82697570831823, -32.70701633319986 ], [ -84.432795607605158, -33.913439336868535 ], [ -85.965174096460856, -34.097958020382599 ], [ -86.679654989797271, -32.805670820852306 ] ] } },
{ "type": "Feature", "properties": { "ConType": "Certain" }, "geometry": { "type": "LineString", "coordinates": [ [ -87.380056337370206, -32.480664439230594 ], [ -88.040426175132339, -31.551428849961429 ], [ -87.314641768325075, -30.599056081251785 ], [ -86.408254831672082, -30.435887334039091 ], [ -85.269603046264422, -31.796151385439899 ] ] } },
{ "type": "Feature", "properties": { "ConType": "Certain" }, "geometry": { "type": "LineString", "coordinates": [ [ -80.827020728819903, -29.339775910496346 ], [ -80.612208166590221, -30.950613704366877 ], [ -78.464666764036693, -30.06828277042456 ], [ -79.459383158435472, -28.731147841966621 ], [ -80.827020728819903, -29.339775910496346 ] ] } },
{ "type": "Feature", "properties": { "ConType": "Certain" }, "geometry": { "type": "LineString", "coordinates": [ [ -84.523866216933342, -31.8210286166643 ], [ -82.696466219079923, -31.1997202342965 ], [ -81.815466585915217, -29.909315610378776 ], [ -82.179166393018889, -28.177185672053433 ], [ -80.498259142103535, -24.929341897456339 ], [ -81.257556963021884, -24.152661152401087 ], [ -79.603428309743066, -23.845842160770445 ], [ -79.887166451460672, -22.872007053932041 ] ] } },
{ "type": "Feature", "properties": { "ConType": "Certain" }, "geometry": { "type": "LineString", "coordinates": [ [ -84.752033728215025, -22.530635491911106 ], [ -84.412399592938257, -21.951770371320059 ], [ -83.070960997564427, -22.953710990513759 ], [ -83.938302347781928, -22.660620049846397 ], [ -83.883850482242508, -23.837102938478274 ], [ -85.094749604087482, -25.301587683034516 ] ] } },
{ "type": "Feature", "properties": { "ConType": "Certain" }, "geometry": { "type": "LineString", "coordinates": [ [ -74.39345883110056, -42.33058403987372 ], [ -70.61019801079766, -44.428703627916718 ], [ -70.885443558642962, -45.277998186063236 ], [ -72.393932236845572, -45.716792564451026 ], [ -74.176787912217947, -44.297838418614532 ] ] } },
{ "type": "Feature", "properties": { "ConType": "Certain" }, "geometry": { "type": "LineString", "coordinates": [ [ -79.887166451460672, -22.872007053932041 ], [ -78.442723743536249, -23.977484249924977 ], [ -76.955117691796147, -23.173370372040917 ], [ -77.34009362079847, -21.42927881024961 ], [ -79.154497587722361, -21.579639734627175 ] ] } },
{ "type": "Feature", "properties": { "ConType": "Certain" }, "geometry": { "type": "LineString", "coordinates": [ [ -83.910658941355024, -21.179290923226318 ], [ -85.950917868374134, -20.583130665631469 ], [ -84.9254292807003, -20.322051504217459 ], [ -84.488910749111568, -19.130748435964463 ], [ -85.702393078250722, -19.987180958648949 ] ] } },
{ "type": "Feature", "properties": { "ConType": "Certain" }, "geometry": { "type": "LineString", "coordinates": [ [ -85.730946608381444, -19.387556786330592 ], [ -86.748697347278096, -19.376521666684528 ], [ -87.15410652957641, -20.438337483526379 ], [ -86.757657039930777, -20.988360853856772 ], [ -85.702393078250722, -19.987180958648949 ] ] } },
{ "type": "Feature", "properties": { "ConType": "Certain" }, "geometry": { "type": "LineString", "coordinates": [ [ -89.284266600824935, -18.794951561358857 ], [ -89.725067568166409, -21.040591685141781 ], [ -88.528830708036637, -19.541103875780571 ], [ -88.757884190018231, -18.373982535131663 ] ] } },
{ "type": "Feature", "properties": { "ConType": "Certain" }, "geometry": { "type": "LineString", "coordinates": [ [ -90.445921408334158, -16.329453522578177 ], [ -89.03871768238912, -15.986551845996969 ], [ -87.769300482060743, -17.086951291746402 ], [ -88.757884190018231, -18.373982535131663 ] ] } },
{ "type": "Feature", "properties": { "ConType": "Certain" }, "geometry": { "type": "LineString", "coordinates": [ [ -85.975079311280425, -13.689699462411676 ], [ -84.834850553033959, -16.005823410379737 ], [ -83.618452632485429, -15.997923623692277 ], [ -85.214803778480459, -13.56760086683394 ], [ -85.975079311280425, -13.689699462411676 ] ] } },
{ "type": "Feature", "properties": { "ConType": "Certain" }, "geometry": { "type": "LineString", "coordinates": [ [ -87.231986099840512, -12.475366973259204 ], [ -84.610220477375321, -17.744301014688805 ] ] } },
{ "type": "Feature", "properties": { "ConType": "Certain" }, "geometry": { "type": "LineString", "coordinates": [ [ -85.730946608381444, -19.387556786330592 ], [ -84.869730491602951, -19.268196796442485 ], [ -84.991621115439031, -18.347329279845063 ], [ -87.318995917789195, -16.303515102548772 ], [ -85.98254812646185, -15.958734771425679 ], [ -86.394707334635839, -14.656931684107128 ], [ -87.346653804805939, -14.733958894732901 ], [ -88.204769436358205, -13.426366516404467 ], [ -87.329944407825977, -11.578165766286602 ] ] } },
{ "type": "Feature", "properties": { "ConType": "Certain" }, "geometry": { "type": "LineString", "coordinates": [ [ -89.110257132009849, -10.734408891069288 ], [ -87.735964825351957, -10.415610141433071 ], [ -87.346160706260079, -9.424483218463994 ], [ -86.24929954366533, -9.683820293358499 ], [ -85.541353060188925, -10.855929150158657 ], [ -86.263354995785193, -13.675797588307931 ], [ -87.231986099840512, -12.475366973259204 ] ] } },
{ "type": "Feature", "properties": { "ConType": "Certain" }, "geometry": { "type": "LineString", "coordinates": [ [ -81.112412797273791, -14.342147668934517 ], [ -82.307945622404119, -12.070084228176635 ], [ -84.182318348537137, -12.325831076447862 ], [ -82.573701892317544, -11.234833668930083 ] ] } },
{ "type": "Feature", "properties": { "ConType": "Certain" }, "geometry": { "type": "LineString", "coordinates": [ [ -83.646507471020755, -5.780371800881436 ], [ -84.063156100650374, -5.998928349128902 ], [ -83.577898238501945, -5.095580947972828 ], [ -83.024748663491877, -5.017237675650651 ], [ -82.537506426293916, -5.793292988498233 ], [ -83.646507471020755, -5.780371800881436 ] ] } },
{ "type": "Feature", "properties": { "ConType": "Certain" }, "geometry": { "type": "LineString", "coordinates": [ [ -81.790661157442486, -8.441372068706016 ], [ -81.492505393863027, -6.648051721865571 ], [ -80.352858068728452, -5.653441146908097 ], [ -82.075868203465731, -2.431837711484295 ], [ -85.203588813931901, -3.893315331210185 ], [ -86.36868814186974, -6.704589484877232 ] ] } },
{ "type": "Feature", "properties": { "ConType": "Approx" }, "geometry": { "type": "LineString", "coordinates": [ [ -76.711027207187129, -19.86351246728681 ], [ -75.805025303844658, -19.114500518333049 ], [ -76.525241678174027, -17.803060461619225 ], [ -77.181708678738275, -18.499149013997322 ], [ -76.711027207187129, -19.86351246728681 ] ] } },
{ "type": "Feature", "properties": { "ConType": "Certain" }, "geometry": { "type": "LineString", "coordinates": [ [ -68.848481744198864, -15.576130265732273 ], [ -70.950448440109824, -17.044747198791661 ], [ -69.306317405687736, -17.509041015374262 ], [ -70.528571460123729, -19.844190957895378 ], [ -69.478424413224872, -20.622867000276074 ] ] } },
{ "type": "Feature", "properties": { "ConType": "Certain" }, "geometry": { "type": "LineString", "coordinates": [ [ -72.947746425089946, -13.666323414247961 ], [ -72.014759733175168, -11.76014310463526 ], [ -72.414842518563489, -13.707596973485112 ] ] } },
{ "type": "Feature", "properties": { "ConType": "Certain" }, "geometry": { "type": "LineString", "coordinates": [ [ -72.943229562735226, -5.190582534529234 ], [ -72.368623325090596, -6.112125434938594 ], [ -71.401837999922407, -5.766580260891622 ], [ -71.89350070841148, -7.758625646875531 ], [ -68.723396169981456, -8.718953865646776 ], [ -69.05549485166209, -11.183169358156823 ] ] } },
{ "type": "Feature", "properties": { "ConType": "Certain" }, "geometry": { "type": "LineString", "coordinates": [ [ -65.9550431672359, -5.764716743199487 ], [ -67.487374590052397, -7.645877749556193 ], [ -70.328282593126943, -7.522931378266336 ], [ -69.929613434511381, -6.539705884283476 ], [ -70.659662729538155, -6.579264009728761 ], [ -70.699740279775881, -4.995696256550739 ], [ -69.367656343304574, -3.612128945776677 ] ] } },
{ "type": "Feature", "properties": { "ConType": "Certain" }, "geometry": { "type": "LineString", "coordinates": [ [ -74.320135446022732, -1.578577681240601 ], [ -75.263659974143948, -2.951765152861084 ], [ -73.976805122876485, -3.33559429565696 ], [ -73.231196976555211, -2.439657932425691 ] ] } },
{ "type": "Feature", "properties": { "ConType": "Certain" }, "geometry": { "type": "LineString", "coordinates": [ [ -71.951536844767915, -1.456408658089057 ], [ -69.636993045409099, 0.412437821845703 ], [ -70.926263589499911, 0.868719763203366 ], [ -72.206598653302123, 0.19664393006028 ] ] } },
{ "type": "Feature", "properties": { "ConType": "Certain" }, "geometry": { "type": "LineString", "coordinates": [ [ -64.858806869629205, -42.292975781417823 ], [ -64.686866298186018, -42.799105888590191 ], [ -66.418878211954393, -42.119128319766567 ], [ -62.910418321741453, -43.756100996125845 ], [ -63.065591821179453, -44.42080158883963 ] ] } },
{ "type": "Feature", "properties": { "ConType": "Certain" }, "geometry": { "type": "LineString", "coordinates": [ [ -63.317486829256026, -41.590794973486965 ], [ -62.74409440207382, -42.297606400991057 ], [ -63.60179209168291, -42.494083291462083 ], [ -62.16642811668703, -42.801156631635742 ], [ -63.16033373326421, -42.803076297476942 ], [ -62.560243026087335, -43.198366254963098 ] ] } },
{ "type": "Feature", "properties": { "ConType": "Certain" }, "geometry": { "type": "LineString", "coordinates": [ [ -64.858806869629205, -42.292975781417823 ], [ -66.778538521499684, -41.156575785441241 ], [ -64.945721272659711, -42.093637079874284 ], [ -65.909054100048607, -41.081015549914788 ], [ -65.545195623143201, -40.662121785791555 ], [ -63.317486829256026, -41.590794973486965 ] ] } },
{ "type": "Feature", "properties": { "ConType": "Certain" }, "geometry": { "type": "LineString", "coordinates": [ [ -65.708830812876329, -37.911815967553814 ], [ -64.83154284410314, -37.647729931941392 ], [ -66.017525247002752, -36.960313726 ], [ -65.173174403779015, -36.893356105169843 ], [ -65.16750343412707, -35.496663048248585 ] ] } },
{ "type": "Feature", "properties": { "ConType": "Certain" }, "geometry": { "type": "LineString", "coordinates": [ [ -60.565216053348166, -43.308736519237549 ], [ -61.410951644609739, -43.01027627413243 ], [ -61.241344486163804, -42.471176195435952 ], [ -60.062025683993461, -42.632902565754655 ], [ -60.366862035211383, -43.391323709141389 ] ] } },
{ "type": "Feature", "properties": { "ConType": "Certain" }, "geometry": { "type": "LineString", "coordinates": [ [ -54.003955179564606, -41.960258708308217 ], [ -57.283096580800084, -41.593514204668431 ], [ -58.495805149794954, -44.104882976087303 ] ] } },
{ "type": "Feature", "properties": { "ConType": "Certain" }, "geometry": { "type": "LineString", "coordinates": [ [ -59.683393008533692, -41.475941306221152 ], [ -61.43637207108695, -40.239945109371099 ], [ -62.559681620445751, -40.812310779959326 ], [ -62.164361705847746, -41.719705639535491 ], [ -60.511349624436043, -41.922737013505866 ] ] } },
{ "type": "Feature", "properties": { "ConType": "Certain" }, "geometry": { "type": "LineString", "coordinates": [ [ -58.448452747111354, -40.712134323284509 ], [ -57.973559923641183, -40.531958946105583 ], [ -60.145230750871242, -38.988185341104511 ], [ -60.606766240988271, -39.8366061237734 ], [ -58.812514061101517, -40.61219696288034 ] ] } },
{ "type": "Feature", "properties": { "ConType": "Certain" }, "geometry": { "type": "LineString", "coordinates": [ [ -58.927034539591737, -38.693950357990822 ], [ -56.820565794992518, -40.944539374224647 ], [ -58.363028469656285, -40.931476625733481 ] ] } },
{ "type": "Feature", "properties": { "ConType": "Certain" }, "geometry": { "type": "LineString", "coordinates": [ [ -61.405690191051079, -37.194885387788908 ], [ -61.066370186629484, -37.836134225005594 ], [ -62.146559645968168, -38.1736064949514 ], [ -62.320791583603679, -39.231658031184303 ], [ -59.79456142669487, -37.416247707786837 ] ] } },
{ "type": "Feature", "properties": { "ConType": "Certain" }, "geometry": { "type": "LineString", "coordinates": [ [ -55.759891187796569, -38.839201886545275 ], [ -56.79301678776492, -38.472603488132584 ], [ -56.260638720229771, -37.810820838151464 ], [ -56.887396375111607, -37.510533136672791 ], [ -55.863985249166724, -36.659425790716512 ] ] } },
{ "type": "Feature", "properties": { "ConType": "Certain" }, "geometry": { "type": "LineString", "coordinates": [ [ -55.628544943259286, -35.294280880244067 ], [ -56.556409107556675, -35.99793518630014 ], [ -56.332189425203062, -34.345196719112586 ], [ -57.385799140261327, -34.34372217558839 ], [ -57.13518334768888, -35.350649311703371 ], [ -57.826733964842965, -35.737069329151979 ], [ -57.937811848813119, -33.788082064442172 ] ] } },
{ "type": "Feature", "properties": { "ConType": "Certain" }, "geometry": { "type": "LineString", "coordinates": [ [ -60.583590780817467, -34.325135420097432 ], [ -60.539430442950135, -33.673473465742198 ], [ -61.938779868606161, -33.215455268355313 ], [ -62.736572053889688, -34.323426756665619 ], [ -62.28232446227031, -34.934913740809463 ], [ -60.527554472948047, -34.747132828728418 ] ] } },
{ "type": "Feature", "properties": { "ConType": "Certain" }, "geometry": { "type": "LineString", "coordinates": [ [ -63.135383235070002, -24.397433985751611 ], [ -62.2495092295839, -24.202607625294583 ], [ -62.142621904975513, -25.093282656985362 ], [ -63.803940030952774, -26.107257925876269 ], [ -63.455209651489881, -25.103900438183569 ] ] } },
{ "type": "Feature", "properties": { "ConType": "Certain" }, "geometry": { "type": "LineString", "coordinates": [ [ -65.184099156333261, -23.776394663361884 ], [ -64.820628654365819, -24.730495479904864 ], [ -66.30395048954729, -24.747491771303775 ], [ -64.726514647830214, -25.828497782891933 ] ] } },
{ "type": "Feature", "properties": { "ConType": "Certain" }, "geometry": { "type": "LineString", "coordinates": [ [ -66.688870300080652, -23.412337131935274 ], [ -66.410409804063832, -24.357728027037989 ], [ -67.677894938865791, -24.961972473766661 ], [ -68.020862261227293, -23.388170033321511 ], [ -66.995820767948047, -23.276707854745485 ] ] } },
{ "type": "Feature", "properties": { "ConType": "Certain" }, "geometry": { "type": "LineString", "coordinates": [ [ -63.349534725890365, -23.51941287569656 ], [ -63.861389484117844, -23.111767842179564 ], [ -63.238292203121077, -22.152276028345277 ], [ -62.531353312788951, -23.662557123917338 ], [ -63.349534725890365, -23.51941287569656 ] ] } },
{ "type": "Feature", "properties": { "ConType": "Certain" }, "geometry": { "type": "LineString", "coordinates": [ [ -58.115928205497063, -29.490285604714209 ], [ -57.294538278209735, -30.971986128288865 ], [ -55.630040421145651, -30.841462187344398 ], [ -54.743903756689214, -29.501362405110665 ] ] } },
{ "type": "Feature", "properties": { "ConType": "Certain" }, "geometry": { "type": "LineString", "coordinates": [ [ -61.406170451305826, -26.844942831637379 ], [ -62.244723475438327, -25.814477445625329 ], [ -60.28331990135856, -25.83755213526921 ], [ -59.817077418181618, -26.585351876485834 ], [ -60.411616977558353, -26.912572940821054 ], [ -61.024185791366165, -26.127682509285982 ], [ -61.406170451305826, -26.844942831637379 ] ] } },
{ "type": "Feature", "properties": { "ConType": "Certain" }, "geometry": { "type": "LineString", "coordinates": [ [ -57.763503573966588, -44.482487374672523 ], [ -56.287607867390655, -43.609739445112488 ], [ -54.083328710732303, -43.707302612065298 ], [ -54.003955179564606, -41.960258708308217 ] ] } },
{ "type": "Feature", "properties": { "ConType": "Certain" }, "geometry": { "type": "LineString", "coordinates": [ [ -55.278764175249144, -35.479878837635944 ], [ -55.814723763245624, -35.854649904851172 ], [ -54.37425552378572, -35.763613209981159 ], [ -53.786659725472823, -34.309485028786391 ], [ -55.883784245372688, -34.361159542917655 ], [ -56.15914032849701, -33.377300985644233 ], [ -56.867054394711282, -33.495408359991231 ] ] } },
{ "type": "Feature", "properties": { "ConType": "Certain" }, "geometry": { "type": "LineString", "coordinates": [ [ -51.923724155694522, -34.459090067033983 ], [ -53.312545430749289, -35.526371081411128 ], [ -53.637825288088031, -33.896558458178013 ], [ -54.998497490297602, -33.737876243558098 ], [ -53.95816331354132, -32.731601377054595 ] ] } },
{ "type": "Feature", "properties": { "ConType": "Certain" }, "geometry": { "type": "LineString", "coordinates": [ [ -46.979496354250806, -43.453219544322756 ], [ -47.949762670091957, -44.123331534448269 ], [ -47.73337234025643, -44.89814852107282 ], [ -46.270134298306303, -44.129281981792509 ] ] } },
{ "type": "Feature", "properties": { "ConType": "Certain" }, "geometry": { "type": "LineString", "coordinates": [ [ -48.850225653834492, -42.915733888152658 ], [ -49.48543597626179, -43.208907883626452 ], [ -48.028009498585909, -45.002630606847781 ] ] } },
{ "type": "Feature", "properties": { "ConType": "Certain" }, "geometry": { "type": "LineString", "coordinates": [ [ -44.865851460019172, -41.468012779305852 ], [ -44.230641137591881, -39.589866875130177 ], [ -45.951729545370071, -40.290081551378158 ], [ -46.403269847100574, -39.426265316245406 ], [ -46.56032734679583, -40.028319055183857 ], [ -47.807855587272613, -39.8801990408327 ] ] } },
{ "type": "Feature", "properties": { "ConType": "Certain" }, "geometry": { "type": "LineString", "coordinates": [ [ -48.307571558233796, -37.081465628695895 ], [ -46.383617216646996, -36.658282928878513 ], [ -46.073864931077672, -34.756142130015334 ] ] } },
{ "type": "Feature", "properties": { "ConType": "Certain" }, "geometry": { "type": "LineString", "coordinates": [ [ -51.292091989984151, -32.295311217327914 ], [ -53.05440842772979, -33.236487489105293 ], [ -51.021196258308734, -33.31664622374381 ], [ -51.923724155694522, -34.459090067033983 ] ] } },
{ "type": "Feature", "properties": { "ConType": "Certain" }, "geometry": { "type": "LineString", "coordinates": [ [ -56.553474062492214, -31.825535249278722 ], [ -57.23380753525948, -32.129671532736872 ], [ -55.716913028003184, -33.267329321782704 ], [ -54.805546869137345, -32.125940718086845 ] ] } },
{ "type": "Feature", "properties": { "ConType": "Certain" }, "geometry": { "type": "LineString", "coordinates": [ [ -53.95816331354132, -32.731601377054595 ], [ -53.283156570760717, -33.038108892549907 ], [ -53.230447428214021, -32.306361496908274 ], [ -51.144777681455672, -31.529508897492367 ], [ -51.292091989984151, -32.295311217327914 ] ] } },
{ "type": "Feature", "properties": { "ConType": "Certain" }, "geometry": { "type": "LineString", "coordinates": [ [ -54.967463155804985, -25.114286008893767 ], [ -56.33447477952673, -26.00755265064414 ], [ -54.606842309261225, -26.602012683848258 ], [ -54.694096476857844, -27.495666614596587 ], [ -53.821554823976093, -27.162351619431977 ], [ -54.214409479987744, -26.58519158417209 ] ] } },
{ "type": "Feature", "properties": { "ConType": "Certain" }, "geometry": { "type": "LineString", "coordinates": [ [ -52.212473349880753, -25.216461347590254 ], [ -53.068303359988491, -23.351272237255117 ], [ -54.505951871456439, -23.67262954981117 ], [ -55.071942181232096, -24.627933785484608 ] ] } },
{ "type": "Feature", "properties": { "ConType": "Certain" }, "geometry": { "type": "LineString", "coordinates": [ [ -43.139382907972013, -31.111165768433079 ], [ -44.374901885128402, -31.980217252896121 ], [ -46.929703838619098, -31.016931270594601 ] ] } },
{ "type": "Feature", "properties": { "ConType": "Certain" }, "geometry": { "type": "LineString", "coordinates": [ [ -65.272746722067268, -13.854947148762632 ], [ -64.133460201390221, -13.526244285768252 ], [ -63.388303984021668, -14.173235974535443 ], [ -64.623567524364802, -13.9950878832316 ], [ -63.957687777649241, -15.105073331053163 ], [ -64.437555905559392, -15.282623750933944 ] ] } },
{ "type": "Feature", "properties": { "ConType": "Certain" }, "geometry": { "type": "LineString", "coordinates": [ [ -58.278117189603627, -19.714639287481294 ], [ -56.847875198090037, -19.175358074446986 ], [ -57.49896735393164, -18.968153411633857 ], [ -57.501790046635534, -17.644799021742898 ], [ -58.653786818475758, -17.762853799659172 ] ] } },
{ "type": "Feature", "properties": { "ConType": "Certain" }, "geometry": { "type": "LineString", "coordinates": [ [ -61.103217200048888, -14.51167838464019 ], [ -60.715714139350091, -14.806551826226613 ], [ -59.426158738873696, -15.02921632093306 ], [ -60.954368733871306, -15.785094005271862 ], [ -62.009262205488632, -14.876574095214043 ], [ -61.103217200048888, -14.51167838464019 ] ] } },
{ "type": "Feature", "properties": { "ConType": "Certain" }, "geometry": { "type": "LineString", "coordinates": [ [ -67.782721162074566, -11.200301475575678 ], [ -67.007046898808866, -11.645572272210577 ], [ -64.464010600993078, -10.7225375610558 ], [ -65.515517144762285, -9.901220999671949 ], [ -64.46812067452575, -8.778033940075927 ], [ -63.568086897972314, -9.01730189689847 ], [ -64.063730512209318, -8.047601966359707 ], [ -63.496238633531689, -7.207912847451472 ], [ -66.046602024062906, -8.580597241417722 ], [ -64.999520674018115, -8.918732000821956 ], [ -65.714259061987917, -9.769246902350135 ], [ -66.807143744467041, -8.781271151618416 ] ] } },
{ "type": "Feature", "properties": { "ConType": "Certain" }, "geometry": { "type": "LineString", "coordinates": [ [ -63.418127993814473, -6.096338063381558 ], [ -63.58639337440831, -5.001961035915259 ], [ -64.536391290108881, -6.93193164870718 ], [ -63.680292440974931, -6.379037586359512 ] ] } },
{ "type": "Feature", "properties": { "ConType": "Certain" }, "geometry": { "type": "LineString", "coordinates": [ [ -63.310524201543501, -3.532250440726291 ], [ -63.150304531485837, -4.432806326472085 ], [ -62.429168304976216, -4.321425573594921 ], [ -62.338523967805251, -3.761824904056578 ], [ -62.63737189104738, -4.266353060939134 ], [ -63.310524201543501, -3.532250440726291 ] ] } },
{ "type": "Feature", "properties": { "ConType": "Certain" }, "geometry": { "type": "LineString", "coordinates": [ [ -66.076218553484566, 0.045842711328268 ], [ -66.398407723327068, -2.313650263531783 ], [ -66.79390470938732, -1.488766342390947 ], [ -67.17838963393956, -2.279073477479634 ], [ -68.125612117544975, -2.131834925751385 ], [ -67.20094294320235, -1.199426870423733 ] ] } },
{ "type": "Feature", "properties": { "ConType": "Certain" }, "geometry": { "type": "LineString", "coordinates": [ [ -65.594807541976607, 0.280852487633346 ], [ -62.570982231862594, -2.272179941736516 ], [ -60.711920168750183, -1.956517059300649 ], [ -62.470384113339037, -3.497727276717151 ], [ -61.047891859130615, -2.833888659993292 ], [ -60.825298171243659, -3.555404653245009 ] ] } },
{ "type": "Feature", "properties": { "ConType": "Certain" }, "geometry": { "type": "LineString", "coordinates": [ [ -59.863775546198255, -5.556234325802601 ], [ -60.662765089276732, -6.524058856716816 ], [ -59.246919927067744, -9.688311350517262 ] ] } },
{ "type": "Feature", "properties": { "ConType": "Certain" }, "geometry": { "type": "LineString", "coordinates": [ [ -57.128736484223417, -6.869955927894232 ], [ -58.656167241449808, -6.778306790805916 ], [ -58.946467969333412, -5.972957093018197 ], [ -57.971509170702269, -5.179158302208119 ], [ -58.636852344124556, -4.607497484470949 ], [ -59.438505042786794, -5.909959549103042 ], [ -59.863775546198255, -5.556234325802601 ] ] } },
{ "type": "Feature", "properties": { "ConType": "Certain" }, "geometry": { "type": "LineString", "coordinates": [ [ -46.529888441230007, -14.263925900336321 ], [ -47.838700918903747, -14.40135121256966 ], [ -47.61620279763325, -15.396048694150673 ], [ -46.772018749962413, -14.905244014198583 ], [ -46.529888441230007, -14.263925900336321 ] ] } },
{ "type": "Feature", "properties": { "ConType": "Certain" }, "geometry": { "type": "LineString", "coordinates": [ [ -51.302388266471823, -14.295301941792545 ], [ -52.654293248163839, -13.72663861934296 ], [ -52.594448235174951, -15.071283868949928 ], [ -51.785333303717366, -14.950972618742744 ], [ -51.512182108874349, -15.839476432574054 ], [ -52.32877376690827, -15.688031073279491 ], [ -51.936911326452581, -16.585031365778107 ], [ -53.000486929045465, -17.195480420420097 ], [ -52.158240645479779, -17.695436044978216 ] ] } },
{ "type": "Feature", "properties": { "ConType": "Certain" }, "geometry": { "type": "LineString", "coordinates": [ [ -47.371808754879396, -12.536162557329352 ], [ -44.571441872189133, -12.150748853483075 ] ] } },
{ "type": "Feature", "properties": { "ConType": "Certain" }, "geometry": { "type": "LineString", "coordinates": [ [ -57.119681785578329, -11.223063699747664 ], [ -55.13561048545953, -13.592996513727458 ], [ -54.14463183766248, -13.192271200395234 ], [ -53.438780353554904, -13.93370143107631 ], [ -52.665819421726816, -12.967562703323178 ] ] } },
{ "type": "Feature", "properties": { "ConType": "Certain" }, "geometry": { "type": "LineString", "coordinates": [ [ -53.365443078191397, -9.386491776757 ], [ -53.177949208929775, -10.128045674511389 ], [ -54.29557248030185, -10.131173415960575 ], [ -53.926601966044643, -9.160828325842601 ] ] } },
{ "type": "Feature", "properties": { "ConType": "Certain" }, "geometry": { "type": "LineString", "coordinates": [ [ -49.825064624018282, -3.805212016021361 ], [ -49.338083733270807, -4.713681855754532 ], [ -48.195156820009977, -4.377599339889678 ], [ -48.341743817746867, -3.909917015818193 ], [ -49.825064624018282, -3.805212016021361 ] ] } },
{ "type": "Feature", "properties": { "ConType": "Certain" }, "geometry": { "type": "LineString", "coordinates": [ [ -46.053633040754924, -2.148417549141167 ], [ -45.629577798832855, -2.007065800734558 ], [ -45.079876556495037, -1.384071061177182 ], [ -45.723812296671341, -3.038410030925348 ], [ -46.053633040754924, -2.148417549141167 ] ] } },
{ "type": "Feature", "properties": { "ConType": "Certain" }, "geometry": { "type": "LineString", "coordinates": [ [ -42.019582337618239, -83.11881130696969 ], [ -44.837881236144298, -83.677207554849844 ], [ -30.376401160025701, -83.833317649340913 ], [ -18.665814267978451, -82.953656136780737 ] ] } },
{ "type": "Feature", "properties": { "ConType": "Certain" }, "geometry": { "type": "LineString", "coordinates": [ [ -42.019582337618239, -83.11881130696969 ], [ -32.844333019573817, -82.552982875744107 ] ] } },
{ "type": "Feature", "properties": { "ConType": "Approx" }, "geometry": { "type": "LineString", "coordinates": [ [ -18.665814267978451, -82.953656136780737 ], [ -32.844333019573817, -82.552982875744107 ] ] } },
{ "type": "Feature", "properties": { "ConType": "Approx" }, "geometry": { "type": "LineString", "coordinates": [ [ -32.844333019573817, -82.552982875744107 ], [ -38.41486075602981, -81.295065908573434 ], [ -47.230357350598418, -80.923253271041759 ] ] } },
{ "type": "Feature", "properties": { "ConType": "Certain" }, "geometry": { "type": "LineString", "coordinates": [ [ -21.853217063120304, -81.575356766315551 ], [ -28.473740296599093, -80.469789995788091 ], [ -27.120948236150145, -79.20906878704082 ], [ -23.321192332256448, -78.848198766184382 ] ] } },
{ "type": "Feature", "properties": { "ConType": "Certain" }, "geometry": { "type": "LineString", "coordinates": [ [ -30.964086176711962, -78.262386573549733 ], [ -30.240568435660258, -78.830068681866194 ], [ -41.05801886946076, -79.029665151759573 ], [ -43.810029624629166, -79.751115311257038 ], [ -50.11300371313181, -79.301707151888635 ] ] } },
{ "type": "Feature", "properties": { "ConType": "Certain" }, "geometry": { "type": "LineString", "coordinates": [ [ -48.963070822727012, -77.949952005222656 ], [ -42.853790657153212, -78.055384065179112 ], [ -40.74585150115896, -78.918214024073208 ], [ -30.964086176711962, -78.262386573549733 ] ] } },
{ "type": "Feature", "properties": { "ConType": "Certain" }, "geometry": { "type": "LineString", "coordinates": [ [ -25.767904076250034, -78.075513404169115 ], [ -28.214895390274055, -78.276050129660945 ], [ -29.051401691365342, -77.568121266269117 ], [ -30.964086176711962, -78.262386573549733 ] ] } },
{ "type": "Feature", "properties": { "ConType": "Certain" }, "geometry": { "type": "LineString", "coordinates": [ [ -44.981483649436065, -75.764543711842791 ], [ -43.568758732802728, -75.84090948170693 ], [ -41.983148804234006, -77.143104699177115 ], [ -46.26354356881221, -76.169668535721627 ], [ -44.981483649436065, -75.764543711842791 ] ] } },
{ "type": "Feature", "properties": { "ConType": "Certain" }, "geometry": { "type": "LineString", "coordinates": [ [ -34.592913511450199, -75.603032819032634 ], [ -35.983635674737776, -76.172912125187324 ], [ -30.593887671501275, -76.210567522233774 ] ] } },
{ "type": "Feature", "properties": { "ConType": "Approx" }, "geometry": { "type": "LineString", "coordinates": [ [ -37.281022452574469, -75.369199024256673 ], [ -35.587400821664581, -74.955906310070986 ], [ -28.923362129585637, -76.08266817912849 ] ] } },
{ "type": "Feature", "properties": { "ConType": "Certain" }, "geometry": { "type": "LineString", "coordinates": [ [ -38.018754252889764, -75.342751715869497 ], [ -49.53884202069117, -74.511103799420383 ] ] } },
{ "type": "Feature", "properties": { "ConType": "Certain" }, "geometry": { "type": "LineString", "coordinates": [ [ -24.516196442723789, -75.444009965932608 ], [ -20.84576596445574, -74.235503673342492 ] ] } },
{ "type": "Feature", "properties": { "ConType": "Certain" }, "geometry": { "type": "LineString", "coordinates": [ [ -34.627293604197796, -74.189881405992423 ], [ -35.25686438819654, -73.966601827538994 ], [ -30.626526531856637, -73.88082487797314 ], [ -27.479638395643143, -72.777048246043165 ] ] } },
{ "type": "Feature", "properties": { "ConType": "Certain" }, "geometry": { "type": "LineString", "coordinates": [ [ -33.187651427809755, -71.865687126198324 ], [ -30.957623028766289, -72.907303298494568 ], [ -27.479638395643143, -72.777048246043165 ] ] } },
{ "type": "Feature", "properties": { "ConType": "Certain" }, "geometry": { "type": "LineString", "coordinates": [ [ -27.479638395643143, -72.777048246043165 ], [ -27.572097489403671, -72.056207864150807 ], [ -29.122245594494483, -71.490309133965155 ], [ -33.187651427809755, -71.865687126198324 ] ] } },
{ "type": "Feature", "properties": { "ConType": "Certain" }, "geometry": { "type": "LineString", "coordinates": [ [ -33.187651427809755, -71.865687126198324 ], [ -36.507101165126286, -72.072067889288945 ], [ -33.824794894140354, -71.044048539053364 ], [ -28.612911009629507, -70.957071524208061 ], [ -24.515970847599746, -72.626157033957426 ], [ -25.172235485960798, -72.911710506079828 ], [ -24.486593470511131, -73.860533775855657 ] ] } },
{ "type": "Feature", "properties": { "ConType": "Certain" }, "geometry": { "type": "LineString", "coordinates": [ [ -42.125537430147901, -71.126248542190709 ], [ -42.001813252327096, -70.446158492392769 ], [ -40.560975459376451, -71.121902294228121 ], [ -36.603603407097197, -70.160566729646703 ], [ -38.76268852085358, -71.337843112390004 ], [ -42.328719559227316, -71.389121417005072 ] ] } },
{ "type": "Feature", "properties": { "ConType": "Certain" }, "geometry": { "type": "LineString", "coordinates": [ [ -40.826450939077716, -69.668039021095552 ], [ -42.717260971544903, -70.082944841989928 ], [ -44.196599219876283, -69.41673681690601 ], [ -42.32283677920779, -68.965104183689689 ] ] } },
{ "type": "Feature", "properties": { "ConType": "Certain" }, "geometry": { "type": "LineString", "coordinates": [ [ -23.194607702052011, -71.171355632300077 ], [ -30.403943901454916, -70.278153963581133 ], [ -29.283040989191939, -68.869436298729013 ] ] } },
{ "type": "Feature", "properties": { "ConType": "Certain" }, "geometry": { "type": "LineString", "coordinates": [ [ -42.32283677920779, -68.965104183689689 ], [ -43.921083982175283, -68.828524490414722 ], [ -45.472923565921413, -69.719405379964641 ], [ -42.125537430147901, -71.126248542190709 ] ] } },
{ "type": "Feature", "properties": { "ConType": "Certain" }, "geometry": { "type": "LineString", "coordinates": [ [ -33.121903745838154, -68.781894933316892 ], [ -34.399431210914997, -69.304966746890912 ], [ -31.277207387501335, -69.328070246016196 ] ] } },
{ "type": "Feature", "properties": { "ConType": "Certain" }, "geometry": { "type": "LineString", "coordinates": [ [ -26.273001761227572, -68.615342203181314 ], [ -22.256333517239607, -69.743744445063854 ], [ -23.194607702052011, -71.171355632300077 ] ] } },
{ "type": "Feature", "properties": { "ConType": "Certain" }, "geometry": { "type": "LineString", "coordinates": [ [ -33.121903745838154, -68.781894933316892 ], [ -32.131534054496839, -68.067036462970009 ], [ -29.893606435985539, -68.377607183826115 ], [ -31.277207387501335, -69.328070246016196 ] ] } },
{ "type": "Feature", "properties": { "ConType": "Certain" }, "geometry": { "type": "LineString", "coordinates": [ [ -36.434813150466326, -67.815611650297328 ], [ -38.817391582250089, -68.588753297644089 ], [ -38.903947614591083, -69.298106179140646 ], [ -35.52776039688618, -67.872973649405935 ], [ -36.434813150466326, -67.815611650297328 ] ] } },
{ "type": "Feature", "properties": { "ConType": "Certain" }, "geometry": { "type": "LineString", "coordinates": [ [ -38.110294388170779, -66.185375630578662 ], [ -37.768840981631847, -66.60336778588831 ], [ -36.41991589822733, -67.144398680249324 ], [ -40.033529983323042, -66.281004812692075 ], [ -38.110294388170779, -66.185375630578662 ] ] } },
{ "type": "Feature", "properties": { "ConType": "Approx" }, "geometry": { "type": "LineString", "coordinates": [ [ -27.353419444027825, -67.791524457101886 ], [ -34.691714110925325, -67.631794887900227 ], [ -36.72692858547267, -65.679035767561004 ], [ -44.365448467350014, -65.00361338139588 ] ] } },
{ "type": "Feature", "properties": { "ConType": "Certain" }, "geometry": { "type": "LineString", "coordinates": [ [ -35.869996381856204, -63.941528135223649 ], [ -35.03754807891746, -64.081415352192323 ], [ -35.384853579552804, -64.854435489219526 ], [ -32.802954650018691, -64.845741123448178 ], [ -32.29439308329556, -64.207297833732355 ], [ -33.55437969643615, -63.965098353883626 ], [ -33.25639090319239, -63.482810457083367 ] ] } },
{ "type": "Feature", "properties": { "ConType": "Certain" }, "geometry": { "type": "LineString", "coordinates": [ [ -44.645648276446089, -62.782834933168445 ], [ -43.275658907892819, -63.596169866644608 ], [ -46.209519733151382, -63.88032674837023 ] ] } },
{ "type": "Feature", "properties": { "ConType": "Certain" }, "geometry": { "type": "LineString", "coordinates": [ [ -38.519115188860631, -62.277264754228369 ], [ -38.972614871700706, -62.659277613558523 ], [ -36.126181417194957, -63.233752398050896 ], [ -36.449523464259507, -63.846860532209895 ], [ -35.869996381856204, -63.941528135223649 ] ] } },
{ "type": "Feature", "properties": { "ConType": "Certain" }, "geometry": { "type": "LineString", "coordinates": [ [ -33.25639090319239, -63.482810457083367 ], [ -37.521116498851143, -62.351448021200362 ], [ -36.73767785609877, -61.920421959858835 ], [ -38.519115188860631, -62.277264754228369 ] ] } },
{ "type": "Feature", "properties": { "ConType": "Certain" }, "geometry": { "type": "LineString", "coordinates": [ [ -39.074085990721549, -59.17662069000513 ], [ -41.931527203121171, -59.844907222216989 ], [ -44.738450043422304, -59.499505208471874 ] ] } },
{ "type": "Feature", "properties": { "ConType": "Certain" }, "geometry": { "type": "LineString", "coordinates": [ [ -33.856252137045828, -59.030276501848874 ], [ -34.902331764010036, -58.116366649792099 ], [ -36.87624239270928, -59.333163540105879 ], [ -35.222917097227644, -59.456094312855555 ], [ -36.526859878844228, -59.905282358024621 ], [ -34.849029220676556, -60.042963529188171 ], [ -35.298337509814324, -60.443998844544197 ], [ -34.367956163248749, -60.15517907108589 ] ] } },
{ "type": "Feature", "properties": { "ConType": "Certain" }, "geometry": { "type": "LineString", "coordinates": [ [ -41.857594897863301, -59.131610175635551 ], [ -40.608721067290787, -58.25945847966274 ], [ -42.400241477803732, -57.837737920386559 ], [ -42.767052877085696, -59.010664388026306 ] ] } },
{ "type": "Feature", "properties": { "ConType": "Certain" }, "geometry": { "type": "LineString", "coordinates": [ [ -38.490670597879266, -56.350794532887683 ], [ -38.738989592801516, -57.184431378632418 ], [ -36.307294048984701, -57.793010870735735 ], [ -37.546296470368802, -59.412647016248428 ], [ -39.18130423852476, -60.489788134994576 ], [ -39.846603752523521, -59.98400867838857 ], [ -44.913044500365416, -61.176990723380207 ] ] } },
{ "type": "Feature", "properties": { "ConType": "Certain" }, "geometry": { "type": "LineString", "coordinates": [ [ -41.204155115555473, -55.448111929642081 ], [ -41.520846522200024, -56.811562254942324 ], [ -46.911925216123272, -55.895064680918736 ] ] } },
{ "type": "Feature", "properties": { "ConType": "Approx" }, "geometry": { "type": "LineString", "coordinates": [ [ -41.204155115555473, -55.448111929642081 ], [ -43.805818661849202, -53.854101356143396 ], [ -43.326132806013959, -53.309279838437924 ] ] } },
{ "type": "Feature", "properties": { "ConType": "Certain" }, "geometry": { "type": "LineString", "coordinates": [ [ -41.126751290873543, -50.974617041954232 ], [ -38.483927134602936, -51.754729452658047 ], [ -37.176364274780482, -53.633068485228769 ] ] } },
{ "type": "Feature", "properties": { "ConType": "Certain" }, "geometry": { "type": "LineString", "coordinates": [ [ -36.776638550859566, -51.683597866938477 ], [ -36.178772060303132, -50.838437756280328 ], [ -34.429123424585519, -50.670758346555516 ], [ -33.453716944553392, -51.620852890760489 ], [ -33.937081437427068, -52.373249561341787 ] ] } },
{ "type": "Feature", "properties": { "ConType": "Certain" }, "geometry": { "type": "LineString", "coordinates": [ [ -36.329421844581645, -49.088547135429238 ], [ -35.509232691598307, -49.457447749758828 ], [ -33.753678890472024, -47.873568114817495 ], [ -34.228341548083122, -47.641281256621554 ], [ -36.329421844581645, -49.088547135429238 ] ] } },
{ "type": "Feature", "properties": { "ConType": "Certain" }, "geometry": { "type": "LineString", "coordinates": [ [ -42.324770895958729, -49.137287102462139 ], [ -43.541946167943394, -48.954793900932764 ], [ -44.056047910723919, -47.982957702498354 ], [ -38.761983684491476, -48.086707923235657 ] ] } },
{ "type": "Feature", "properties": { "ConType": "Certain" }, "geometry": { "type": "LineString", "coordinates": [ [ -38.101789289084024, -45.427719817627548 ], [ -36.573931926623722, -46.036071129140552 ], [ -36.582520967622067, -47.561666248179833 ], [ -35.26201609464767, -47.785288885690221 ], [ -37.185009942107243, -48.176139650339266 ], [ -38.506294461778651, -47.117868633082445 ], [ -38.761983684491476, -48.086707923235657 ] ] } },
{ "type": "Feature", "properties": { "ConType": "Certain" }, "geometry": { "type": "LineString", "coordinates": [ [ -28.675267664601694, -66.162916614985917 ], [ -27.680257704357626, -66.126762971517593 ], [ -26.781736316750642, -66.654450874608145 ], [ -29.480658690276442, -66.71014438064816 ], [ -28.675267664601694, -66.162916614985917 ] ] } },
{ "type": "Feature", "properties": { "ConType": "Certain" }, "geometry": { "type": "LineString", "coordinates": [ [ -28.291196622414851, -65.664028567049357 ], [ -26.780567395786946, -65.696056363662066 ], [ -26.155267874633132, -66.895984062648196 ], [ -27.533874668251407, -67.398327117981182 ], [ -30.429000275152823, -66.822836581615448 ], [ -30.269030363116414, -66.137392235615778 ], [ -28.291196622414851, -65.664028567049357 ] ] } },
{ "type": "Feature", "properties": { "ConType": "Approx" }, "geometry": { "type": "LineString", "coordinates": [ [ -32.07851789442504, -61.702557934030771 ], [ -31.136342702687418, -61.196814439809678 ], [ -29.956763536807575, -61.870734280927408 ], [ -30.55363997185961, -62.336635317666044 ], [ -29.752552863732749, -62.961770572670822 ], [ -27.253416470821257, -63.668520150149327 ] ] } },
{ "type": "Feature", "properties": { "ConType": "Certain" }, "geometry": { "type": "LineString", "coordinates": [ [ -28.424382990131772, -61.016596303503484 ], [ -27.634838623657913, -60.823185360518465 ], [ -26.398015654711472, -60.872317787481862 ], [ -28.983214447176355, -61.276472490988496 ], [ -28.424382990131772, -61.016596303503484 ] ] } },
{ "type": "Feature", "properties": { "ConType": "Certain" }, "geometry": { "type": "LineString", "coordinates": [ [ -33.675442074064343, -60.338013026517956 ], [ -34.249519399178666, -60.786041800052836 ], [ -33.746764832590316, -61.305632471255585 ], [ -31.305620362583209, -62.04463832933363 ], [ -32.07851789442504, -61.702557934030771 ] ] } },
{ "type": "Feature", "properties": { "ConType": "Certain" }, "geometry": { "type": "LineString", "coordinates": [ [ -27.192031763196134, -59.530285877063726 ], [ -26.31824990105407, -60.259342818027392 ], [ -29.606011609621827, -61.320563433489859 ], [ -30.386936387681331, -60.249600180889097 ], [ -29.12847504794729, -59.606573538804355 ] ] } },
{ "type": "Feature", "properties": { "ConType": "Approx" }, "geometry": { "type": "LineString", "coordinates": [ [ -27.896796790842313, -59.27451783390503 ], [ -34.702483722311669, -57.413738777146747 ] ] } },
{ "type": "Feature", "properties": { "ConType": "Certain" }, "geometry": { "type": "LineString", "coordinates": [ [ -21.005449522910556, -56.316863341722858 ], [ -24.194248882066844, -59.211063091170942 ] ] } },
{ "type": "Feature", "properties": { "ConType": "Approx" }, "geometry": { "type": "LineString", "coordinates": [ [ -24.857900220672661, -55.781891203977786 ], [ -24.297791543286088, -55.457992018610135 ], [ -24.03390811391322, -56.184769874346308 ], [ -24.771235790019688, -57.064565775090621 ], [ -25.368314811524545, -57.094565220642501 ], [ -24.857900220672661, -55.781891203977786 ] ] } },
{ "type": "Feature", "properties": { "ConType": "Certain" }, "geometry": { "type": "LineString", "coordinates": [ [ -31.66388842162155, -54.917032382865656 ], [ -29.294180708097517, -56.626820693682049 ], [ -31.121530965405178, -57.374816119079895 ], [ -30.222791600565856, -58.112510782997553 ], [ -30.881423368515041, -58.499355891995066 ], [ -32.202596291019475, -58.256923944430817 ], [ -32.085367279374083, -56.7885219513404 ] ] } },
{ "type": "Feature", "properties": { "ConType": "Certain" }, "geometry": { "type": "LineString", "coordinates": [ [ -29.360745967930807, -55.52157494638795 ], [ -27.621602566481336, -55.032156907404335 ], [ -27.088136809111813, -55.249442959500762 ], [ -28.382085965493694, -56.246033342070518 ], [ -29.360745967930807, -55.52157494638795 ] ] } },
{ "type": "Feature", "properties": { "ConType": "Certain" }, "geometry": { "type": "LineString", "coordinates": [ [ -34.227991748346248, -54.559730427492966 ], [ -32.817895947522516, -54.216650014066261 ], [ -32.07683325538332, -54.922960194188803 ], [ -33.898156955683127, -54.833367759250066 ], [ -34.227991748346248, -54.559730427492966 ] ] } },
{ "type": "Feature", "properties": { "ConType": "Approx" }, "geometry": { "type": "LineString", "coordinates": [ [ -29.166453565620685, -49.766079466541235 ], [ -28.113946512357128, -49.639616854515822 ], [ -29.446986424985237, -50.8819559322583 ], [ -29.99925982372757, -50.480859947485008 ], [ -29.166453565620685, -49.766079466541235 ] ] } },
{ "type": "Feature", "properties": { "ConType": "Approx" }, "geometry": { "type": "LineString", "coordinates": [ [ -29.359380422916132, -47.571422891026415 ], [ -28.345389238897361, -47.886754520488601 ], [ -29.092166751383761, -46.880115053772869 ], [ -27.75900295402829, -46.908078220380105 ], [ -28.526275958975333, -46.310430373209257 ], [ -31.129905300577491, -46.784275403491826 ], [ -30.982731827409904, -45.921622275321425 ] ] } },
{ "type": "Feature", "properties": { "ConType": "Approx" }, "geometry": { "type": "LineString", "coordinates": [ [ -31.070161529699298, -45.786621932590833 ], [ -31.696806716797962, -45.273580428852171 ], [ -32.077457015612168, -46.692285835684096 ], [ -29.966075370627081, -47.094602727760908 ], [ -30.373783533711645, -47.519185955534667 ] ] } },
{ "type": "Feature", "properties": { "ConType": "Certain" }, "geometry": { "type": "LineString", "coordinates": [ [ -25.750831747738907, -54.191614086657808 ], [ -26.736803811570891, -53.734764602473923 ], [ -27.46973880025541, -54.242632917966375 ], [ -25.358188005096324, -55.040392653009846 ], [ -25.750831747738907, -54.191614086657808 ] ] } },
{ "type": "Feature", "properties": { "ConType": "Certain" }, "geometry": { "type": "LineString", "coordinates": [ [ -27.827480878497536, -54.430855018102591 ], [ -27.9234604572476, -53.434342443557568 ], [ -26.466315900925398, -53.325041869787185 ], [ -27.487189632455621, -53.610710949187499 ], [ -27.827480878497536, -54.430855018102591 ] ] } },
{ "type": "Feature", "properties": { "ConType": "Certain" }, "geometry": { "type": "LineString", "coordinates": [ [ -21.637056991481934, -51.104815187765176 ], [ -24.113112514693665, -50.530031436754626 ], [ -24.19545313224004, -49.203376847558509 ] ] } },
{ "type": "Feature", "properties": { "ConType": "Certain" }, "geometry": { "type": "LineString", "coordinates": [ [ -22.976868946022545, -45.77310148401687 ], [ -22.895506066740076, -47.184573781811295 ], [ -24.666197172734726, -47.949975628089994 ], [ -24.19545313224004, -49.203376847558509 ] ] } },
{ "type": "Feature", "properties": { "ConType": "Certain" }, "geometry": { "type": "LineString", "coordinates": [ [ -179.999983509510002, -89.359079725636931 ], [ 179.999983509510031, -89.359079504685099 ] ] } },
{ "type": "Feature", "properties": { "ConType": "Certain" }, "geometry": { "type": "LineString", "coordinates": [ [ -18.627547942398692, -88.317784174243869 ], [ -26.169202377057506, -88.825989355546227 ], [ 4.992312501175277, -88.525893631534387 ] ] } },
{ "type": "Feature", "properties": { "ConType": "Certain" }, "geometry": { "type": "LineString", "coordinates": [ [ 4.992312501175277, -88.525893631534387 ], [ 10.368976699540255, -88.11142082017939 ], [ -18.627547942398692, -88.317784174243869 ] ] } },
{ "type": "Feature", "properties": { "ConType": "Certain" }, "geometry": { "type": "LineString", "coordinates": [ [ -7.487486881369852, -87.216803222831189 ], [ 2.54702077177101, -87.202543551853154 ], [ 3.437454329485542, -87.327067337885495 ], [ -10.219133669781192, -87.387396634431255 ], [ -7.487486881369852, -87.216803222831189 ] ] } },
{ "type": "Feature", "properties": { "ConType": "Certain" }, "geometry": { "type": "LineString", "coordinates": [ [ 4.419692458959507, -85.029516591497142 ], [ 11.565918936869487, -85.947834046873808 ], [ -16.36341898106458, -85.541442713870381 ], [ -2.527597433262508, -85.219924221895454 ] ] } },
{ "type": "Feature", "properties": { "ConType": "Certain" }, "geometry": { "type": "LineString", "coordinates": [ [ -2.527597433262508, -85.219924221895454 ], [ -7.057537656840325, -84.729824599257313 ], [ 1.179621407254293, -84.102802593639552 ] ] } },
{ "type": "Feature", "properties": { "ConType": "Approx" }, "geometry": { "type": "LineString", "coordinates": [ [ -11.85789178538918, -82.029187425115055 ], [ -10.106105153734699, -82.298840919390145 ], [ -18.665814267978451, -82.953656136780737 ] ] } },
{ "type": "Feature", "properties": { "ConType": "Certain" }, "geometry": { "type": "LineString", "coordinates": [ [ -11.85789178538918, -82.029187425115055 ], [ -21.853217063120304, -81.575356766315551 ] ] } },
{ "type": "Feature", "properties": { "ConType": "Certain" }, "geometry": { "type": "LineString", "coordinates": [ [ -16.701505497119047, -81.416650906551212 ], [ -14.885347630996824, -81.608327868981178 ], [ -18.663391834475153, -81.556326514317405 ] ] } },
{ "type": "Feature", "properties": { "ConType": "Certain" }, "geometry": { "type": "LineString", "coordinates": [ [ 6.11059622727019, -82.452253620656009 ], [ 2.971354498751018, -82.571935979275267 ], [ 4.4439175096127, -82.026333311081174 ], [ 2.124038363145561, -81.461744020632409 ], [ 2.157472465440316, -82.266060874108334 ], [ 0.861242677168081, -82.615427551992411 ], [ -7.111745726760293, -82.139220371782557 ], [ 0.520859409632431, -80.867732760397288 ] ] } },
{ "type": "Feature", "properties": { "ConType": "Certain" }, "geometry": { "type": "LineString", "coordinates": [ [ -12.829239258145442, -80.754458450271429 ], [ -8.437714593577148, -81.376166389410855 ], [ -11.85789178538918, -82.029187425115055 ] ] } },
{ "type": "Feature", "properties": { "ConType": "Certain" }, "geometry": { "type": "LineString", "coordinates": [ [ -19.781490313889819, -79.785692819524883 ], [ -17.768701187811192, -80.036573154104985 ], [ -23.871208325433692, -80.3254912379399 ], [ -23.193197076266891, -79.887875228680173 ], [ -19.781490313889819, -79.785692819524883 ] ] } },
{ "type": "Feature", "properties": { "ConType": "Certain" }, "geometry": { "type": "LineString", "coordinates": [ [ -12.365016344018221, -79.721115750282536 ], [ -9.229117468402229, -80.044578420561507 ], [ -11.787540845596579, -80.232498176139103 ] ] } },
{ "type": "Feature", "properties": { "ConType": "Approx" }, "geometry": { "type": "LineString", "coordinates": [ [ 0.520859409632431, -80.867732760397288 ], [ -4.011139171584849, -80.626981985898894 ], [ -5.045178605269208, -80.183826298547885 ], [ -4.619339810433516, -79.632252878525009 ] ] } },
{ "type": "Feature", "properties": { "ConType": "Certain" }, "geometry": { "type": "LineString", "coordinates": [ [ -23.321192332256448, -78.848198766184382 ], [ -14.305546205558086, -79.214116458154322 ] ] } },
{ "type": "Feature", "properties": { "ConType": "Approx" }, "geometry": { "type": "LineString", "coordinates": [ [ -2.481557125035608, -78.228292125359189 ], [ 0.711211600906227, -78.722077824846906 ], [ -4.619339810433516, -79.632252878525009 ] ] } },
{ "type": "Feature", "properties": { "ConType": "Approx" }, "geometry": { "type": "LineString", "coordinates": [ [ -4.619339810433516, -79.632252878525009 ], [ -5.127178881136468, -79.510980032729208 ], [ -4.13230235271782, -78.985459693548322 ], [ -6.343068055132147, -78.569204414252155 ], [ -2.481557125035608, -78.228292125359189 ] ] } },
{ "type": "Feature", "properties": { "ConType": "Certain" }, "geometry": { "type": "LineString", "coordinates": [ [ -16.101229467412782, -78.064764021418171 ], [ -15.149946281468178, -78.362016177724158 ], [ -19.003473337862957, -78.886940754901588 ], [ -21.821130433958597, -78.218495206620176 ], [ -20.780682312009862, -77.871932506489557 ] ] } },
{ "type": "Feature", "properties": { "ConType": "Certain" }, "geometry": { "type": "LineString", "coordinates": [ [ -19.427622827286044, -76.882573254284125 ], [ -17.422494846719051, -76.77893933006257 ], [ -14.477884562860403, -77.108143888937761 ], [ -20.151487710056998, -77.184492543278949 ], [ -19.427622827286044, -76.882573254284125 ] ] } },
{ "type": "Feature", "properties": { "ConType": "Certain" }, "geometry": { "type": "LineString", "coordinates": [ [ -9.554739210785151, -76.737439272107309 ], [ -4.485964812505227, -77.209190922235237 ] ] } },
{ "type": "Feature", "properties": { "ConType": "Certain" }, "geometry": { "type": "LineString", "coordinates": [ [ -2.400791963345251, -75.928733461008349 ], [ -9.58847449351914, -76.395743280237355 ] ] } },
{ "type": "Feature", "properties": { "ConType": "Certain" }, "geometry": { "type": "LineString", "coordinates": [ [ -11.432247814011902, -76.064342555731756 ], [ -2.400791963345251, -75.928733461008349 ] ] } },
{ "type": "Feature", "properties": { "ConType": "Certain" }, "geometry": { "type": "LineString", "coordinates": [ [ -20.84576596445574, -74.235503673342492 ], [ -17.241906804058733, -74.775684061422382 ], [ -18.620954248192632, -75.890174852423016 ], [ -17.161139976985094, -76.507519942531914 ], [ -11.432247814011902, -76.064342555731756 ] ] } },
{ "type": "Feature", "properties": { "ConType": "Certain" }, "geometry": { "type": "LineString", "coordinates": [ [ -20.688617643661868, -70.37214141747836 ], [ -18.842266042771087, -71.518567479036335 ], [ -15.301661479018916, -72.173536831769312 ], [ -23.772608165550981, -73.15793595266021 ], [ -21.939627069381153, -73.887556324107692 ] ] } },
{ "type": "Feature", "properties": { "ConType": "Certain" }, "geometry": { "type": "LineString", "coordinates": [ [ -23.727652048204728, -68.176588044623557 ], [ -21.695617974195311, -67.358095758882129 ], [ -19.80639309967825, -68.259727561356911 ], [ -22.18550366598777, -68.862319994066709 ] ] } },
{ "type": "Feature", "properties": { "ConType": "Certain" }, "geometry": { "type": "LineString", "coordinates": [ [ -10.93414931603157, -66.68341065602138 ], [ -14.729284549780351, -68.845355513136852 ], [ -14.812867022183578, -72.028336389258385 ], [ -9.245991042490949, -74.732842459758018 ], [ 7.071803791484061, -72.715895917093263 ], [ 8.547742831002489, -71.735914968934793 ], [ 8.244669193971887, -71.062242874187277 ], [ 9.348861142805324, -69.857364459073125 ], [ 7.442135830751623, -68.577237363714787 ], [ 0.987673201710212, -67.011700932681308 ], [ -5.615137081435335, -66.119382652493812 ], [ -10.93414931603157, -66.68341065602138 ] ] } },
{ "type": "Feature", "properties": { "ConType": "Certain" }, "geometry": { "type": "LineString", "coordinates": [ [ -17.212680544835912, -64.937893321701807 ], [ -22.399980180259107, -65.777844159710639 ] ] } },
{ "type": "Feature", "properties": { "ConType": "Certain" }, "geometry": { "type": "LineString", "coordinates": [ [ -17.212680544835912, -64.937893321701807 ], [ -16.250217110163586, -65.962591940600248 ], [ -17.657035578548474, -66.403444778858983 ], [ -17.888067483071147, -67.904407626412677 ], [ -19.052759966124512, -68.222843546749175 ] ] } },
{ "type": "Feature", "properties": { "ConType": "Certain" }, "geometry": { "type": "LineString", "coordinates": [ [ -24.307135556926969, -63.694756132943823 ], [ -21.79972119022667, -62.579226716607941 ], [ -19.830357664603806, -63.122279237838761 ], [ -19.422071850970891, -64.074930577348866 ], [ -22.930434591628838, -64.68179593498904 ], [ -24.2495843109205, -63.881142040864447 ] ] } },
{ "type": "Feature", "properties": { "ConType": "Certain" }, "geometry": { "type": "LineString", "coordinates": [ [ -16.772806806827834, -62.54702604332013 ], [ -18.048807583746758, -61.465124523827335 ], [ -24.297613485785046, -61.293778055599923 ] ] } },
{ "type": "Feature", "properties": { "ConType": "Certain" }, "geometry": { "type": "LineString", "coordinates": [ [ -16.05673042686729, -60.89098901582836 ], [ -20.967168482597934, -60.523933072328923 ], [ -18.342678837264426, -60.176503162617827 ] ] } },
{ "type": "Feature", "properties": { "ConType": "Certain" }, "geometry": { "type": "LineString", "coordinates": [ [ -14.603791494205275, -58.12441487654101 ], [ -19.106543030238072, -57.934340349175791 ], [ -19.906683346549467, -58.114407311553769 ], [ -19.553452794840062, -58.476835438600304 ] ] } },
{ "type": "Feature", "properties": { "ConType": "Certain" }, "geometry": { "type": "LineString", "coordinates": [ [ -13.429136428001469, -57.574618430343463 ], [ -12.729990545259064, -57.203764074122851 ], [ -16.802546449294304, -56.662023373632273 ], [ -12.343257567670236, -55.821324732373377 ] ] } },
{ "type": "Feature", "properties": { "ConType": "Certain" }, "geometry": { "type": "LineString", "coordinates": [ [ -15.735260933435685, -53.351450739150195 ], [ -7.322636505996452, -53.753630581727464 ] ] } },
{ "type": "Feature", "properties": { "ConType": "Certain" }, "geometry": { "type": "LineString", "coordinates": [ [ -12.993534111132147, -52.782555565671558 ], [ -12.753585157661462, -52.438164864976315 ], [ -11.723986008382239, -52.819482349299932 ], [ -12.487459954241533, -53.377436914456609 ], [ -12.993534111132147, -52.782555565671558 ] ] } },
{ "type": "Feature", "properties": { "ConType": "Approx" }, "geometry": { "type": "LineString", "coordinates": [ [ -13.986090737593532, -50.572336699268703 ], [ -16.675484823645853, -49.449171368801913 ], [ -16.753705527058337, -50.653461046202381 ], [ -18.182214662562778, -50.868430596361605 ] ] } },
{ "type": "Feature", "properties": { "ConType": "Certain" }, "geometry": { "type": "LineString", "coordinates": [ [ -17.338486319812631, -47.318362652211619 ], [ -16.849308290587111, -48.525205543518751 ], [ -15.041401989562404, -48.617581325245332 ], [ -16.535193297792166, -47.596860851845733 ], [ -14.818031326187228, -46.666120758642734 ], [ -15.753395977627981, -46.426077884152086 ], [ -15.952032754756752, -45.135225318308088 ] ] } },
{ "type": "Feature", "properties": { "ConType": "Certain" }, "geometry": { "type": "LineString", "coordinates": [ [ -4.055963796205415, -65.993497585487503 ], [ -7.022110229297727, -65.899625076012654 ], [ -4.925090572480459, -65.436311955810368 ] ] } },
{ "type": "Feature", "properties": { "ConType": "Certain" }, "geometry": { "type": "LineString", "coordinates": [ [ -4.508981711701308, -65.543131566924984 ], [ -1.109375221717232, -64.548121171372827 ], [ 3.857618810711651, -64.659255523377539 ] ] } },
{ "type": "Feature", "properties": { "ConType": "Certain" }, "geometry": { "type": "LineString", "coordinates": [ [ -6.414514863274911, -64.569872699181388 ], [ -11.446418820645071, -64.465702356662632 ], [ -14.812309728884395, -65.315994492569416 ] ] } },
{ "type": "Feature", "properties": { "ConType": "Certain" }, "geometry": { "type": "LineString", "coordinates": [ [ -3.656364608433927, -60.639490609704787 ], [ -4.643908299389364, -60.808828576261092 ], [ -5.041176000072155, -62.01234857288177 ], [ -9.452272410232494, -63.606770588382261 ] ] } },
{ "type": "Feature", "properties": { "ConType": "Certain" }, "geometry": { "type": "LineString", "coordinates": [ [ -13.193917090420646, -63.19169336822204 ], [ -9.468442223038188, -61.882125482597701 ], [ -9.277852835019999, -60.890375145667583 ], [ -10.373925803049628, -60.466815317338998 ] ] } },
{ "type": "Feature", "properties": { "ConType": "Approx" }, "geometry": { "type": "LineString", "coordinates": [ [ 0.5807690658739, -59.91647756222374 ], [ -0.622795929072534, -60.053195990168241 ], [ -2.970047720329569, -61.617638676627443 ], [ -1.967226466257913, -62.366177686417167 ], [ -0.566955608780882, -62.180718305400973 ], [ -1.291823121524298, -60.800488851380351 ], [ 0.5807690658739, -59.91647756222374 ] ] } },
{ "type": "Feature", "properties": { "ConType": "Certain" }, "geometry": { "type": "LineString", "coordinates": [ [ -7.150437110911078, -59.960988646293288 ], [ -6.530932539772433, -60.360400734027316 ], [ -5.065062565701234, -60.161301448639925 ], [ -6.051034632831032, -59.543437072245716 ], [ -7.150437110911078, -59.960988646293288 ] ] } },
{ "type": "Feature", "properties": { "ConType": "Certain" }, "geometry": { "type": "LineString", "coordinates": [ [ 0.322076777908476, -59.044482026435524 ], [ -2.272118672121707, -58.888104299908861 ], [ -2.209582073313366, -57.011668536574305 ] ] } },
{ "type": "Feature", "properties": { "ConType": "Certain" }, "geometry": { "type": "LineString", "coordinates": [ [ -12.343257567670236, -55.821324732373377 ], [ -10.765510170670922, -55.044364245802711 ], [ -8.220430681745528, -55.318046866090953 ], [ -7.926860123892192, -56.425416573933582 ], [ -9.291987361515426, -57.436511372863926 ] ] } },
{ "type": "Feature", "properties": { "ConType": "Certain" }, "geometry": { "type": "LineString", "coordinates": [ [ -6.406458777895703, -51.62504715353888 ], [ -6.485278580673721, -52.728322234690744 ], [ -4.412992160438468, -52.466559738496443 ], [ -2.879336461134096, -50.854867913008761 ] ] } },
{ "type": "Feature", "properties": { "ConType": "Certain" }, "geometry": { "type": "LineString", "coordinates": [ [ -3.424897590382722, -50.316821870213758 ], [ -7.252550616070929, -50.941185350342977 ], [ -8.786937573619827, -50.228983773079243 ], [ -8.777120103062131, -49.560653858458068 ] ] } },
{ "type": "Feature", "properties": { "ConType": "Certain" }, "geometry": { "type": "LineString", "coordinates": [ [ 0.44357868480415, -48.872612863377782 ], [ -1.841782992934783, -47.146771290201158 ], [ -3.137564034620326, -47.188703480484044 ], [ -4.503196998022043, -45.618446304612107 ] ] } },
{ "type": "Feature", "properties": { "ConType": "Certain" }, "geometry": { "type": "LineString", "coordinates": [ [ -36.765864715006025, -44.10055001821285 ], [ -36.805129089929821, -43.792979087905216 ], [ -34.593236005497296, -44.486649698368105 ], [ -35.496316612256081, -44.303415952021432 ], [ -35.11021693210084, -45.088703437306563 ], [ -36.765864715006025, -44.10055001821285 ] ] } },
{ "type": "Feature", "properties": { "ConType": "Certain" }, "geometry": { "type": "LineString", "coordinates": [ [ -40.864811716621382, -44.258226473258929 ], [ -39.056905415596674, -43.378704490135327 ], [ -39.108292141608317, -44.709404611842992 ] ] } },
{ "type": "Feature", "properties": { "ConType": "Certain" }, "geometry": { "type": "LineString", "coordinates": [ [ -42.446868456030849, -39.97584662130884 ], [ -41.178926712714109, -40.910458664621494 ], [ -41.821117365383266, -41.531708319969511 ], [ -40.435811803417884, -41.926944563074599 ] ] } },
{ "type": "Feature", "properties": { "ConType": "Certain" }, "geometry": { "type": "LineString", "coordinates": [ [ -36.147668957024365, -39.548674731698512 ], [ -38.151386981257318, -38.309694121888349 ], [ -37.231365687113566, -40.004141472900066 ] ] } },
{ "type": "Feature", "properties": { "ConType": "Certain" }, "geometry": { "type": "LineString", "coordinates": [ [ -37.496980742420462, -37.648743820564185 ], [ -36.931975122647138, -36.204094060981134 ], [ -35.311263907937146, -37.184115390561296 ] ] } },
{ "type": "Feature", "properties": { "ConType": "Certain" }, "geometry": { "type": "LineString", "coordinates": [ [ -35.10839797412855, -36.025816350095511 ], [ -36.463018885915616, -35.731333541464693 ], [ -35.527217966720336, -37.125218828175569 ] ] } },
{ "type": "Feature", "properties": { "ConType": "Certain" }, "geometry": { "type": "LineString", "coordinates": [ [ -43.333930051262016, -29.831674770330807 ], [ -42.60099506587531, -30.201632431442878 ], [ -43.906317375130328, -29.971281434528063 ] ] } },
{ "type": "Feature", "properties": { "ConType": "Certain" }, "geometry": { "type": "LineString", "coordinates": [ [ -41.170026756204514, -27.409499147497723 ], [ -42.126332404966398, -27.556086145234627 ], [ -42.521957332034027, -28.300655019854073 ], [ -41.854099410111523, -27.688712475892245 ], [ -41.400377753119336, -28.735762457371674 ], [ -41.051361092626188, -27.940004470128194 ], [ -40.430111437278192, -28.672939458812682 ], [ -39.801881448390517, -28.191296467661925 ] ] } },
{ "type": "Feature", "properties": { "ConType": "Certain" }, "geometry": { "type": "LineString", "coordinates": [ [ -45.905310298146034, -25.242454702182506 ], [ -44.755661907965617, -25.176884411558671 ], [ -43.81767963021084, -26.692925530266596 ], [ -43.577730676740146, -27.903577073928584 ], [ -44.4228620339793, -28.086591467865084 ] ] } },
{ "type": "Feature", "properties": { "ConType": "Certain" }, "geometry": { "type": "LineString", "coordinates": [ [ -26.132810155071311, -41.058069859868418 ], [ -25.253288171947716, -40.602603118666863 ], [ -26.483571899773821, -40.387957873040705 ], [ -26.043810906563145, -39.927255879211074 ] ] } },
{ "type": "Feature", "properties": { "ConType": "Certain" }, "geometry": { "type": "LineString", "coordinates": [ [ -24.928606404851212, -39.849684441124644 ], [ -23.416927993368869, -40.916366610065985 ], [ -23.822659860986043, -40.091814749857043 ], [ -22.906491125954883, -40.34048912107675 ] ] } },
{ "type": "Feature", "properties": { "ConType": "Certain" }, "geometry": { "type": "LineString", "coordinates": [ [ -30.546125828573587, -39.712610633584902 ], [ -29.828896591177713, -40.147136377465316 ], [ -28.630024362631115, -39.367084141510475 ], [ -26.933803391645093, -40.607838367997154 ] ] } },
{ "type": "Feature", "properties": { "ConType": "Certain" }, "geometry": { "type": "LineString", "coordinates": [ [ -26.043810906563145, -39.927255879211074 ], [ -27.719090876930224, -38.508503155708013 ], [ -28.284497867258878, -39.026792895468546 ], [ -29.703250594059764, -38.560855655606424 ] ] } },
{ "type": "Feature", "properties": { "ConType": "Certain" }, "geometry": { "type": "LineString", "coordinates": [ [ -29.703250594059764, -38.560855655606424 ], [ -30.55659632723415, -37.922155164760412 ], [ -30.19536408387108, -38.911617400308927 ], [ -31.01206306843569, -39.257143892383354 ], [ -30.724124325589955, -38.456150655809587 ], [ -31.734527558459618, -38.592267154885917 ] ] } },
{ "type": "Feature", "properties": { "ConType": "Certain" }, "geometry": { "type": "LineString", "coordinates": [ [ -29.703250594059764, -38.560855655606424 ], [ -29.520016847713062, -37.676098419854746 ], [ -30.37859783021775, -37.314866176491684 ], [ -31.734527558459618, -38.592267154885917 ] ] } },
{ "type": "Feature", "properties": { "ConType": "Certain" }, "geometry": { "type": "LineString", "coordinates": [ [ -24.823474153453912, -38.332540588070671 ], [ -25.943817635450685, -38.426775089206942 ], [ -26.079934131229226, -37.526312102166628 ], [ -24.03818666816878, -37.02372811369473 ] ] } },
{ "type": "Feature", "properties": { "ConType": "Certain" }, "geometry": { "type": "LineString", "coordinates": [ [ -28.633315423764014, -33.446312640712982 ], [ -29.719629776869468, -34.146527316960963 ], [ -27.507736692436939, -36.253715404894422 ], [ -28.554786673916375, -36.037761346111239 ] ] } },
{ "type": "Feature", "properties": { "ConType": "Certain" }, "geometry": { "type": "LineString", "coordinates": [ [ -27.418200995951434, -33.502049555544595 ], [ -26.669075688811603, -33.147917592888916 ], [ -25.627110491758817, -34.012816811911655 ], [ -27.152602023959695, -34.761942115753712 ], [ -27.418200995951434, -33.502049555544595 ] ] } },
{ "type": "Feature", "properties": { "ConType": "Certain" }, "geometry": { "type": "LineString", "coordinates": [ [ -27.173989512180093, -29.54277942804622 ], [ -28.410817302493506, -29.693292861956394 ], [ -27.632073876397904, -30.812327530796143 ], [ -25.668855163185093, -32.12768407095718 ], [ -26.087675155776854, -31.263867835824428 ], [ -25.433268916939998, -31.054457839528538 ] ] } },
{ "type": "Feature", "properties": { "ConType": "Certain" }, "geometry": { "type": "LineString", "coordinates": [ [ -35.123251900020641, -30.203528353206003 ], [ -34.948743571422973, -29.121576707326145 ], [ -32.826722274305538, -27.502139401978408 ], [ -33.985457589121438, -27.564962400537389 ], [ -33.608519594469726, -26.161915425025171 ], [ -32.526567948589893, -27.215945740044248 ], [ -31.45159663295189, -26.427168089638194 ] ] } },
{ "type": "Feature", "properties": { "ConType": "Certain" }, "geometry": { "type": "LineString", "coordinates": [ [ -23.392356711186078, -26.087476107851227 ], [ -22.593981100926321, -25.594490075935223 ], [ -21.826144447841436, -26.174730272150072 ], [ -22.607069225900943, -27.021095675082609 ], [ -23.558139625332533, -26.231445479274097 ], [ -23.335641504062028, -26.999282132359006 ] ] } },
{ "type": "Feature", "properties": { "ConType": "Certain" }, "geometry": { "type": "LineString", "coordinates": [ [ -25.169200531092255, -24.633414528795466 ], [ -26.232677305555747, -24.74999861170685 ], [ -25.955209061370578, -21.870611163462865 ] ] } },
{ "type": "Feature", "properties": { "ConType": "Certain" }, "geometry": { "type": "LineString", "coordinates": [ [ -45.591195302053308, -23.584625564015624 ], [ -42.602740146786886, -18.763832941984639 ] ] } },
{ "type": "Feature", "properties": { "ConType": "Certain" }, "geometry": { "type": "LineString", "coordinates": [ [ -42.602740146786886, -18.763832941984639 ], [ -42.761683490203232, -20.296334171235049 ], [ -41.766986008622219, -20.104375007139382 ], [ -40.501800613097906, -21.491716234660743 ], [ -38.119761907293331, -21.247404570666646 ], [ -37.596236914904722, -20.427215420981092 ], [ -35.449507180575679, -21.718854334628567 ] ] } },
{ "type": "Feature", "properties": { "ConType": "Certain" }, "geometry": { "type": "LineString", "coordinates": [ [ -43.068364828839016, -17.336013202595986 ], [ -45.064740125540673, -18.404004184694337 ], [ -45.378855118335622, -19.562739496212469 ], [ -42.572761170608963, -17.859538194984594 ] ] } },
{ "type": "Feature", "properties": { "ConType": "Certain" }, "geometry": { "type": "LineString", "coordinates": [ [ -40.401877542011839, -16.598890015766379 ], [ -41.134812527398545, -17.904212325021405 ], [ -40.283211875135727, -18.790714644982437 ], [ -38.733577905184376, -17.785546661443075 ], [ -39.250122560735555, -16.878103344160898 ], [ -39.745726218965601, -17.855349993541697 ], [ -40.569405537069869, -17.443510334489567 ], [ -39.990037882959697, -16.640772013706439 ] ] } },
{ "type": "Feature", "properties": { "ConType": "Certain" }, "geometry": { "type": "LineString", "coordinates": [ [ -37.819154254362573, -15.297755904656471 ], [ -37.232806263414972, -16.95907520794427 ], [ -38.094877414338391, -19.191473025241169 ], [ -40.597326871228425, -19.36030983345622 ], [ -42.297350571740949, -18.475894195841121 ] ] } },
{ "type": "Feature", "properties": { "ConType": "Certain" }, "geometry": { "type": "LineString", "coordinates": [ [ -45.594087522034719, -14.748186517801113 ], [ -44.612478162130522, -14.722010267851902 ], [ -44.455420665733051, -16.606700234514879 ], [ -42.153941178017192, -16.128983679537381 ] ] } },
{ "type": "Feature", "properties": { "ConType": "Certain" }, "geometry": { "type": "LineString", "coordinates": [ [ -34.582600620703467, -10.86372712092021 ], [ -35.579795768239599, -10.585370379929014 ], [ -36.338907003575521, -11.28340370091531 ], [ -34.80323369740568, -12.976134503482603 ], [ -37.595366981350836, -13.019761585632027 ], [ -37.327040761253464, -13.851954389099511 ] ] } },
{ "type": "Feature", "properties": { "ConType": "Certain" }, "geometry": { "type": "LineString", "coordinates": [ [ -43.982352208608489, -9.39544790450018 ], [ -41.412942677333525, -9.476370720273392 ], [ -42.426266794563297, -10.623909953678407 ], [ -42.513506620077202, -12.287923481016559 ] ] } },
{ "type": "Feature", "properties": { "ConType": "Certain" }, "geometry": { "type": "LineString", "coordinates": [ [ -39.493125411572642, -11.070727874867277 ], [ -37.71934271778548, -12.650558188137927 ], [ -36.048364534594803, -10.080338736466439 ], [ -34.672659606989633, -9.617296592257402 ], [ -34.875774616177246, -8.643981157545577 ] ] } },
{ "type": "Feature", "properties": { "ConType": "Certain" }, "geometry": { "type": "LineString", "coordinates": [ [ -40.03424085793614, -6.19388420385173 ], [ -42.21893551645384, -7.034482556060848 ], [ -42.565121955391653, -5.20133052561337 ] ] } },
{ "type": "Feature", "properties": { "ConType": "Certain" }, "geometry": { "type": "LineString", "coordinates": [ [ -42.287743272549882, -3.577858906830974 ], [ -41.876899189500328, -4.326113271293613 ], [ -39.887504223040523, -3.872391611003641 ], [ -39.943496525218592, -5.747142877101391 ] ] } },
{ "type": "Feature", "properties": { "ConType": "Certain" }, "geometry": { "type": "LineString", "coordinates": [ [ -39.250425785803763, -3.075056782832908 ], [ -36.766059179005445, -2.112475102651751 ], [ -35.439795869131522, -3.571364743183302 ], [ -36.800960843405868, -4.932529717457667 ], [ -35.474697533531945, -5.288526711490456 ], [ -35.048897207400501, -6.775337686180584 ], [ -37.709789898062446, -6.375372865989049 ] ] } },
{ "type": "Feature", "properties": { "ConType": "Certain" }, "geometry": { "type": "LineString", "coordinates": [ [ -41.095851377542921, -2.923234535765718 ], [ -40.31056389225779, -1.232248814109992 ], [ -39.944096399564422, -1.16419056622072 ], [ -40.436209889375768, -2.965116533705793 ], [ -41.095851377542921, -2.923234535765718 ] ] } },
{ "type": "Feature", "properties": { "ConType": "Certain" }, "geometry": { "type": "LineString", "coordinates": [ [ -40.780509604082923, 1.517229483433328 ], [ -41.351203721254706, 1.131438308105832 ], [ -40.980619232970355, -1.518240796483207 ], [ -42.497153268845786, -2.661690175097597 ] ] } },
{ "type": "Feature", "properties": { "ConType": "Certain" }, "geometry": { "type": "LineString", "coordinates": [ [ -41.359625940317819, 4.349863740484064 ], [ -43.352359970521697, 1.514066795318115 ], [ -42.472221805487486, 0.522753283468829 ], [ -42.981775478939575, -0.644587861387294 ], [ -44.60308262384023, 0.754368589883202 ], [ -44.139852011011463, -2.404864188157907 ], [ -46.205860543172442, -3.998377498003694 ], [ -45.325722381436023, -5.916152232212704 ], [ -44.185521364187466, -5.144071173473412 ] ] } },
{ "type": "Feature", "properties": { "ConType": "Certain" }, "geometry": { "type": "LineString", "coordinates": [ [ -31.152281584547087, -23.024218680795151 ], [ -31.295378413865283, -21.251214044170865 ], [ -30.998714253270549, -20.954549883576142 ], [ -31.148791416128386, -22.200539362690886 ], [ -30.485659762840289, -23.01723834725551 ], [ -30.356523597303607, -22.064422866912349 ] ] } },
{ "type": "Feature", "properties": { "ConType": "Certain" }, "geometry": { "type": "LineString", "coordinates": [ [ -28.5416702242353, -21.252123554485991 ], [ -28.101909234322378, -19.890958580211631 ], [ -27.152583915802357, -20.107348906749365 ], [ -26.492942427635207, -19.262728591323974 ] ] } },
{ "type": "Feature", "properties": { "ConType": "Certain" }, "geometry": { "type": "LineString", "coordinates": [ [ -23.090029990300405, -18.222658940086387 ], [ -24.227824301199611, -17.31521562280421 ], [ -24.409312966634712, -18.306422939264305 ], [ -23.404144983095353, -18.439049269921917 ], [ -24.430253963955842, -18.676380600376376 ] ] } },
{ "type": "Feature", "properties": { "ConType": "Certain" }, "geometry": { "type": "LineString", "coordinates": [ [ -29.860844581305766, -13.620855826375424 ], [ -28.221310261892096, -14.85889679727361 ], [ -28.095664264774118, -16.089180525099714 ], [ -29.022303498465874, -16.460883270421135 ], [ -28.056537067963603, -16.851023467151457 ] ] } },
{ "type": "Feature", "properties": { "ConType": "Certain" }, "geometry": { "type": "LineString", "coordinates": [ [ -26.834143015805068, -12.002218350191033 ], [ -27.061003844301165, -11.25183253260411 ], [ -26.12302156984417, -12.342509596232974 ], [ -26.598556769559945, -12.394862096131382 ], [ -26.834143015805068, -12.002218350191033 ] ] } },
{ "type": "Feature", "properties": { "ConType": "Certain" }, "geometry": { "type": "LineString", "coordinates": [ [ -25.900523448573662, -13.694949156056124 ], [ -25.825310889008225, -12.050185223232933 ], [ -24.596772242093685, -13.020451539074084 ], [ -23.305410599917941, -11.666266895041568 ], [ -24.059286585923594, -11.617404563561875 ], [ -24.003443920904253, -10.744862910680125 ], [ -24.910887238186415, -11.156702573030039 ], [ -26.313934213698627, -10.144554255951029 ], [ -28.205604513901264, -11.980381891134297 ], [ -27.15157419888218, -12.294496883929225 ], [ -26.918742753766615, -15.175743496784362 ] ] } },
{ "type": "Feature", "properties": { "ConType": "Certain" }, "geometry": { "type": "LineString", "coordinates": [ [ -31.793186785593821, -8.812386262145543 ], [ -31.321886916018101, -8.563998491841579 ], [ -30.105423735530543, -8.640425498342632 ], [ -29.672337370854269, -9.385588805956713 ], [ -30.156375074297177, -9.863257592466011 ], [ -30.665888445474501, -8.742328172578095 ], [ -31.793186785593821, -8.812386262145543 ] ] } },
{ "type": "Feature", "properties": { "ConType": "Certain" }, "geometry": { "type": "LineString", "coordinates": [ [ -33.989272299513999, -8.532295827506895 ], [ -32.837517318237744, -6.898897855079861 ], [ -31.287883344988614, -7.736537840263415 ], [ -33.193514312270523, -8.322885831211014 ], [ -32.998064983053901, -9.760834471123651 ], [ -33.221435646429086, -9.963264137177681 ], [ -33.989272299513999, -8.532295827506895 ] ] } },
{ "type": "Feature", "properties": { "ConType": "Certain" }, "geometry": { "type": "LineString", "coordinates": [ [ -28.363962427285916, -3.591552073786204 ], [ -26.915543285414902, -2.548864802830173 ], [ -26.444370792924715, -3.373416663039107 ], [ -26.234960796628833, -3.155281248994228 ], [ -26.570889332147367, -2.775725631326268 ], [ -26.448733503448121, -2.592491884979599 ], [ -25.724523932512628, -3.905667069878932 ], [ -28.363962427285916, -3.591552073786204 ] ] } },
{ "type": "Feature", "properties": { "ConType": "Certain" }, "geometry": { "type": "LineString", "coordinates": [ [ -26.173882882279194, -2.020977103215956 ], [ -24.430195645861872, -0.931783358526831 ], [ -24.657929016462642, -1.395102975372694 ], [ -23.918362712399489, -1.362208157153478 ], [ -23.818020423126047, -2.465973345756946 ], [ -24.46806395473731, -1.789753564196471 ], [ -25.763788307436432, -2.828078131224692 ], [ -26.173882882279194, -2.020977103215956 ] ] } },
{ "type": "Feature", "properties": { "ConType": "Certain" }, "geometry": { "type": "LineString", "coordinates": [ [ -26.284215667185975, 0.81430572989504 ], [ -25.347105934833653, -1.054678485479304 ], [ -26.629742162558184, -1.578203477867914 ], [ -27.729144640638228, -0.876679988462903 ] ] } },
{ "type": "Feature", "properties": { "ConType": "Certain" }, "geometry": { "type": "LineString", "coordinates": [ [ -34.700724378464315, 1.267907057175999 ], [ -34.377202024806877, 0.62816370333637 ], [ -33.560503040242267, 1.409961023500569 ], [ -32.583256390861465, 0.767770367533614 ], [ -32.785686053617695, -0.244377949545395 ], [ -31.585068740861718, -1.919657919912474 ], [ -29.965631435513984, -1.172762264148703 ], [ -30.108246434830026, -3.316882108775791 ] ] } },
{ "type": "Feature", "properties": { "ConType": "Certain" }, "geometry": { "type": "LineString", "coordinates": [ [ -20.860380955668809, -41.903472981272309 ], [ -21.292289073235196, -42.629863904171714 ], [ -20.480825338000884, -43.356254830368911 ], [ -22.339339054714632, -42.466262345286943 ] ] } },
{ "type": "Feature", "properties": { "ConType": "Certain" }, "geometry": { "type": "LineString", "coordinates": [ [ -13.003718668434704, -33.161392950799055 ], [ -13.422538661026465, -34.234619182227696 ], [ -11.904316190354658, -34.548734175022624 ], [ -12.436566597194451, -33.117765868649627 ] ] } },
{ "type": "Feature", "properties": { "ConType": "Certain" }, "geometry": { "type": "LineString", "coordinates": [ [ -15.182452992837892, -30.782189719927061 ], [ -14.795044499525607, -31.389478708195796 ], [ -13.99405126295183, -31.368537707576866 ], [ -15.601272985429654, -29.651375739269721 ], [ -15.716448483887067, -30.3005467287763 ] ] } },
{ "type": "Feature", "properties": { "ConType": "Certain" }, "geometry": { "type": "LineString", "coordinates": [ [ -15.695667449100803, -29.556406850287498 ], [ -13.291691833598074, -31.137322429517873 ], [ -12.035062956280701, -30.187188400889731 ], [ -12.571428940662377, -28.838611069295386 ] ] } },
{ "type": "Feature", "properties": { "ConType": "Certain" }, "geometry": { "type": "LineString", "coordinates": [ [ -12.742826534506811, -28.154094265919021 ], [ -15.187688242168157, -27.602822451750125 ], [ -15.283667824216007, -28.635119208610828 ] ] } },
{ "type": "Feature", "properties": { "ConType": "Certain" }, "geometry": { "type": "LineString", "coordinates": [ [ -23.335641504062028, -26.999282132359006 ], [ -22.868831722095248, -27.553346081922435 ], [ -21.638547994269146, -26.371052143471346 ], [ -22.131534026185136, -25.507235908338597 ], [ -23.257112757512207, -25.755910279558293 ] ] } },
{ "type": "Feature", "properties": { "ConType": "Certain" }, "geometry": { "type": "LineString", "coordinates": [ [ -16.587245049261668, -26.703311991379717 ], [ -16.695156828607594, -25.025789936973457 ], [ -15.778988096874217, -24.21432620173913 ], [ -16.983095574751111, -24.292854951586758 ], [ -16.70850063113404, -23.748228933386351 ] ] } },
{ "type": "Feature", "properties": { "ConType": "Certain" }, "geometry": { "type": "LineString", "coordinates": [ [ -12.106689592836997, -22.487895439051783 ], [ -11.702473500995184, -23.616053476389087 ], [ -13.636025799137839, -23.01574482166 ], [ -14.808721781033036, -21.110113854378103 ], [ -14.828173371696673, -22.046772713070052 ] ] } },
{ "type": "Feature", "properties": { "ConType": "Certain" }, "geometry": { "type": "LineString", "coordinates": [ [ -4.224221394018093, -32.509247877006317 ], [ -4.517395389491908, -33.011831868776 ], [ -3.484306075091737, -33.409710860748852 ], [ -4.32892639381494, -34.233390178853107 ], [ -4.97111704978188, -33.451592861986697 ], [ -4.957156382702584, -34.498642843466129 ] ] } },
{ "type": "Feature", "properties": { "ConType": "Certain" }, "geometry": { "type": "LineString", "coordinates": [ [ -6.180459776989071, -33.97424530897284 ], [ -5.006018714182307, -32.648854541203576 ], [ -5.941383365623031, -33.032772869394925 ], [ -5.403897706155155, -32.097408217954182 ], [ -6.395105022615219, -31.699529225981337 ], [ -6.192675359858987, -30.38024624964703 ] ] } },
{ "type": "Feature", "properties": { "ConType": "Certain" }, "geometry": { "type": "LineString", "coordinates": [ [ -7.484892046072974, -27.903184821758764 ], [ -7.683546654344845, -26.123825435500795 ], [ -9.343120876721091, -25.794004691417218 ], [ -8.875002281597268, -26.86740543192635 ] ] } },
{ "type": "Feature", "properties": { "ConType": "Certain" }, "geometry": { "type": "LineString", "coordinates": [ [ -1.719772629691618, -26.862616023830988 ], [ -0.293167030544222, -26.094779370746075 ], [ -1.229970193870703, -24.176838493946295 ] ] } },
{ "type": "Feature", "properties": { "ConType": "Certain" }, "geometry": { "type": "LineString", "coordinates": [ [ -7.886261206464522, -20.944665151321711 ], [ -9.94182125929958, -20.957342365238475 ], [ -9.125122271437156, -24.789545297123414 ], [ -9.983130177426313, -27.338577921118752 ] ] } },
{ "type": "Feature", "properties": { "ConType": "Certain" }, "geometry": { "type": "LineString", "coordinates": [ [ -12.773152543576952, -19.441089726368357 ], [ -12.009608163548265, -19.110248389257713 ], [ -12.477290487619721, -18.509939734528633 ], [ -14.152570457986831, -18.007355742758939 ], [ -14.054845791729633, -19.82922271086294 ], [ -12.820269794145077, -19.451560225028921 ] ] } },
{ "type": "Feature", "properties": { "ConType": "Certain" }, "geometry": { "type": "LineString", "coordinates": [ [ -21.896393011084079, -18.023719445748853 ], [ -20.528247699972265, -18.079562110768212 ], [ -19.530060053270336, -20.187622740806347 ], [ -19.920958711703538, -22.026940541110552 ], [ -21.463612351413019, -23.199636519707955 ] ] } },
{ "type": "Feature", "properties": { "ConType": "Certain" }, "geometry": { "type": "LineString", "coordinates": [ [ -15.141334663808928, -14.870508017507357 ], [ -15.514449901463852, -16.515467499302453 ], [ -17.879037775068245, -16.183901674307307 ], [ -16.090327390453105, -16.157725424358098 ], [ -16.317188218949198, -15.398614185724393 ], [ -15.403097160003233, -14.896684267456568 ] ] } },
{ "type": "Feature", "properties": { "ConType": "Certain" }, "geometry": { "type": "LineString", "coordinates": [ [ -21.73584534626789, -14.079831180527451 ], [ -21.213817727994126, -15.720537689013316 ], [ -21.999105213279226, -16.67160808844492 ], [ -21.4668548064394, -17.07297724883648 ], [ -22.400474373670807, -17.413268491580624 ], [ -21.896393011084079, -18.023719445748853 ] ] } },
{ "type": "Feature", "properties": { "ConType": "Certain" }, "geometry": { "type": "LineString", "coordinates": [ [ -11.401186269465381, -8.47920336320197 ], [ -10.467668989743672, -12.607353443883916 ], [ -11.689227299820777, -16.097520048815365 ], [ -13.405458028683565, -13.941548908240664 ] ] } },
{ "type": "Feature", "properties": { "ConType": "Certain" }, "geometry": { "type": "LineString", "coordinates": [ [ -14.13922196930273, -6.144281901369939 ], [ -12.966525990705346, -5.704520911457031 ], [ -12.908938241476624, -7.84573812168623 ] ] } },
{ "type": "Feature", "properties": { "ConType": "Certain" }, "geometry": { "type": "LineString", "coordinates": [ [ -18.281627961483714, -8.917454081348744 ], [ -19.411569400036377, -8.152191424834408 ], [ -19.980902826538316, -4.655480757415663 ] ] } },
{ "type": "Feature", "properties": { "ConType": "Certain" }, "geometry": { "type": "LineString", "coordinates": [ [ -12.903179464904882, -2.194285848011343 ], [ -11.421603742842819, -1.806877354699061 ], [ -11.939893482603349, -3.539745074294861 ] ] } },
{ "type": "Feature", "properties": { "ConType": "Certain" }, "geometry": { "type": "LineString", "coordinates": [ [ -19.65369970876878, -4.298174950225862 ], [ -18.083124734900732, -2.819216851180058 ], [ -18.096212859875322, -0.849454075479934 ] ] } },
{ "type": "Feature", "properties": { "ConType": "Certain" }, "geometry": { "type": "LineString", "coordinates": [ [ -20.997413850842918, -1.47550270910589 ], [ -19.931191492569099, -0.523816800512592 ], [ -19.26238831560061, -1.062785778920204 ], [ -19.910250491950183, -1.243838173302969 ], [ -19.809035660572071, -3.170410137906004 ], [ -21.525301550457151, -3.582690797039368 ] ] } },
{ "type": "Feature", "properties": { "ConType": "Certain" }, "geometry": { "type": "LineString", "coordinates": [ [ -5.694960140765631, -19.84379378212714 ], [ -5.315404523097671, -20.406583146141784 ], [ -6.447527316912023, -21.198414693914213 ], [ -4.746071096595731, -23.848759958400404 ] ] } },
{ "type": "Feature", "properties": { "ConType": "Certain" }, "geometry": { "type": "LineString", "coordinates": [ [ -7.964789956312157, -18.047826870877515 ], [ -8.631126888655515, -17.811906413542335 ], [ -7.981955899148927, -16.827679430621888 ], [ -8.840536884951396, -16.702033430206129 ], [ -8.812615554090616, -15.648003118484858 ], [ -9.385002874661136, -16.394898770950846 ], [ -10.090016529187064, -15.759688448523542 ], [ -11.451181506759228, -16.108705109016679 ], [ -11.423260172600667, -17.309322421772656 ], [ -9.77590153639215, -18.091119741936854 ], [ -9.52460953885841, -19.047425390698741 ], [ -11.130086177126852, -21.371876350572407 ], [ -12.14921482774551, -19.752439045224669 ], [ -12.415569336301644, -20.210561729746249 ] ] } },
{ "type": "Feature", "properties": { "ConType": "Certain" }, "geometry": { "type": "LineString", "coordinates": [ [ -6.469035428346879, -17.019536534755307 ], [ -6.442859178397667, -15.475137810836472 ], [ -5.755732630422072, -15.998662803225084 ], [ -5.454705759303934, -15.11521438063043 ] ] } },
{ "type": "Feature", "properties": { "ConType": "Certain" }, "geometry": { "type": "LineString", "coordinates": [ [ -5.978230751692545, -12.379796303809309 ], [ -6.894316445108452, -13.46266785133623 ], [ -6.469035428346879, -17.019536534755307 ] ] } },
{ "type": "Feature", "properties": { "ConType": "Certain" }, "geometry": { "type": "LineString", "coordinates": [ [ -0.946825007738401, -11.212731704911416 ], [ 0.579411491614326, -9.175239467549826 ], [ -1.100899585074006, -7.196156956528673 ] ] } },
{ "type": "Feature", "properties": { "ConType": "Certain" }, "geometry": { "type": "LineString", "coordinates": [ [ -3.496591452360063, -11.107688632314025 ], [ -4.153254424013158, -8.623793144300437 ], [ -2.68738444994196, -7.155829067858891 ] ] } },
{ "type": "Feature", "properties": { "ConType": "Certain" }, "geometry": { "type": "LineString", "coordinates": [ [ -8.374688296243011, -8.128441618499464 ], [ -7.86163380581275, -6.259457399827337 ], [ -8.395629296861925, -5.683579910838102 ] ] } },
{ "type": "Feature", "properties": { "ConType": "Certain" }, "geometry": { "type": "LineString", "coordinates": [ [ -7.300130272666233, -5.297741145123013 ], [ -6.397049662609664, -7.465570876353762 ], [ -6.833320487401639, -5.790290905986683 ] ] } },
{ "type": "Feature", "properties": { "ConType": "Certain" }, "geometry": { "type": "LineString", "coordinates": [ [ -6.512661432119414, -4.455738449416067 ], [ -6.24088016175434, -4.081403171776035 ], [ -5.560297672968273, -4.950454656239085 ], [ -6.12046941396666, -3.767288178981105 ], [ -5.324711426723181, -4.479282167046682 ], [ -5.518415671730414, -5.494920649246608 ], [ -6.026234912830409, -4.563046162926803 ], [ -5.518415671730414, -6.740910125063578 ], [ -6.439819656091872, -6.667616627844023 ], [ -6.570002872813749, -4.916041615285362 ] ] } },
{ "type": "Feature", "properties": { "ConType": "Certain" }, "geometry": { "type": "LineString", "coordinates": [ [ -6.633950582182146, -4.214412019531454 ], [ -6.408851956716141, -3.063337332474378 ], [ -7.251727191229995, -2.90627983607692 ], [ -5.613093969472662, -3.042396331855464 ] ] } },
{ "type": "Feature", "properties": { "ConType": "Certain" }, "geometry": { "type": "LineString", "coordinates": [ [ -1.336416670096134, -2.162466369408103 ], [ -0.184661692117665, -3.432014472158026 ], [ -1.205535423647889, -2.419866155079001 ], [ -1.301515005695707, -3.314221347386572 ], [ -1.03538980227581, -2.930303022493005 ], [ -0.31554293856591, -3.650149886202905 ], [ -1.109829142534266, -3.67264279646709 ] ] } },
{ "type": "Feature", "properties": { "ConType": "Certain" }, "geometry": { "type": "LineString", "coordinates": [ [ -4.272426195913477, -5.60486089507594 ], [ -5.174245253421741, -4.471851019206872 ], [ -4.329624934698568, -4.929062844617777 ], [ -4.500643098175322, -1.842010480989474 ] ] } },
{ "type": "Feature", "properties": { "ConType": "Certain" }, "geometry": { "type": "LineString", "coordinates": [ [ -88.685272513894006, 9.7752372529367 ], [ -87.414626023283446, 8.677614944239149 ], [ -85.790658199438283, 11.081561344632492 ] ] } },
{ "type": "Feature", "properties": { "ConType": "Certain" }, "geometry": { "type": "LineString", "coordinates": [ [ -87.008166287548434, 12.106319155538921 ], [ -87.136562102837331, 13.319002783358428 ], [ -86.491950418225045, 13.509152853167596 ], [ -85.798818359728585, 12.286255241877662 ], [ -87.008166287548434, 12.106319155538921 ] ] } },
{ "type": "Feature", "properties": { "ConType": "Certain" }, "geometry": { "type": "LineString", "coordinates": [ [ -84.622639517314269, 18.601264580275046 ], [ -85.858706382476683, 17.241128845829504 ], [ -85.009165519093585, 15.6862792187101 ], [ -83.708926487175802, 15.847276411688878 ] ] } },
{ "type": "Feature", "properties": { "ConType": "Certain" }, "geometry": { "type": "LineString", "coordinates": [ [ -87.663590682346566, 14.8479027878605 ], [ -86.278460727625273, 16.69235460857545 ], [ -87.692057236600178, 18.619202776166716 ], [ -89.919652477731717, 17.594348076230578 ], [ -90.267013552700902, 16.139609540317714 ], [ -89.494626795551952, 15.118057588877335 ], [ -88.242571423406687, 15.038131048237897 ] ] } },
{ "type": "Feature", "properties": { "ConType": "Certain" }, "geometry": { "type": "LineString", "coordinates": [ [ -81.653072182555405, 18.893938281428209 ], [ -80.727428946983196, 17.088457949136203 ], [ -82.496651824718839, 15.432521589939899 ] ] } },
{ "type": "Feature", "properties": { "ConType": "Certain" }, "geometry": { "type": "LineString", "coordinates": [ [ -75.245100530938359, 3.746533552886136 ], [ -73.849940982001854, 1.708576924228626 ], [ -74.504209610715108, -0.265895390424231 ], [ -73.76729772969145, -0.434958281836026 ] ] } },
{ "type": "Feature", "properties": { "ConType": "Certain" }, "geometry": { "type": "LineString", "coordinates": [ [ -76.567855297115386, 4.053881499918316 ], [ -78.098418966723528, 2.75966325717608 ], [ -77.561425617630022, 4.128076094794239 ], [ -76.461333219085788, 4.506148126401593 ] ] } },
{ "type": "Feature", "properties": { "ConType": "Certain" }, "geometry": { "type": "LineString", "coordinates": [ [ -71.939615701657274, 9.557730704097457 ], [ -72.476914894263132, 8.890991672387461 ], [ -71.460745596708861, 8.878311902684525 ], [ -71.454661100852732, 6.862974291728094 ], [ -72.509469766537862, 7.383069867559972 ], [ -73.240386162318089, 6.306811167795417 ], [ -72.512304331280802, 5.56776928467447 ], [ -73.265453026281591, 6.118137854326614 ], [ -74.93885786744282, 5.430417433980463 ], [ -72.996738178284119, 7.009419606572431 ], [ -72.996742508280576, 8.537565512345962 ], [ -73.703799370405051, 8.85434660564988 ], [ -72.962944491713657, 9.290075142080918 ], [ -75.267276566587256, 8.979450446318456 ], [ -73.112913539869297, 10.544725669408569 ], [ -72.637127945659032, 10.060447270267513 ], [ -72.863798356542318, 11.950992582646464 ] ] } },
{ "type": "Feature", "properties": { "ConType": "Certain" }, "geometry": { "type": "LineString", "coordinates": [ [ -69.768283395727011, 2.26117723605481 ], [ -70.877790581753743, 2.177982112009729 ], [ -69.581593679029638, 4.222888869760889 ] ] } },
{ "type": "Feature", "properties": { "ConType": "Certain" }, "geometry": { "type": "LineString", "coordinates": [ [ -67.975457506121359, 8.395987581808949 ], [ -69.578194367985219, 8.160086103247297 ], [ -69.734244145922432, 7.149416992765596 ], [ -70.72324210559762, 6.903768276650506 ], [ -70.548876874643824, 6.307700413199466 ], [ -67.747029245288942, 8.281773454690537 ] ] } },
{ "type": "Feature", "properties": { "ConType": "Certain" }, "geometry": { "type": "LineString", "coordinates": [ [ -73.913140660572793, 13.450528909073865 ], [ -75.798778645828619, 13.043205574836918 ], [ -76.559949317180894, 14.634824740427655 ], [ -75.460589730139645, 15.989043430829883 ], [ -74.277198195297188, 15.248925535344089 ] ] } },
{ "type": "Feature", "properties": { "ConType": "Certain" }, "geometry": { "type": "LineString", "coordinates": [ [ -78.231877128285291, 17.109352510295764 ], [ -79.799124029938753, 16.296890085946394 ], [ -79.868120739429457, 15.183621917099353 ], [ -78.476416316609772, 16.266231851054926 ], [ -78.116445134424467, 14.483837615457654 ], [ -77.697680554574916, 16.632263003442375 ] ] } },
{ "type": "Feature", "properties": { "ConType": "Certain" }, "geometry": { "type": "LineString", "coordinates": [ [ -77.815319478048195, 18.049569481745408 ], [ -77.246710064549205, 16.083839792702573 ], [ -76.521515886056079, 17.033968531677775 ], [ -74.706986886774388, 17.33385570023939 ] ] } },
{ "type": "Feature", "properties": { "ConType": "Certain" }, "geometry": { "type": "LineString", "coordinates": [ [ -77.815319478048195, 18.049569481745408 ], [ -79.529815128192311, 17.141561332419258 ], [ -78.218559823490423, 19.089967210186224 ] ] } },
{ "type": "Feature", "properties": { "ConType": "Certain" }, "geometry": { "type": "LineString", "coordinates": [ [ -75.837095869477992, 20.165254081324054 ], [ -76.546387636355803, 19.877865805355061 ], [ -73.702991491339674, 19.182673964574452 ], [ -73.972996539775181, 21.314796045270072 ], [ -72.182502470334882, 23.576011812687149 ] ] } },
{ "type": "Feature", "properties": { "ConType": "Certain" }, "geometry": { "type": "LineString", "coordinates": [ [ -75.487315098170058, 23.563124397723644 ], [ -77.256539971067795, 21.357369754373533 ], [ -76.707978592878121, 20.557865146179164 ] ] } },
{ "type": "Feature", "properties": { "ConType": "Certain" }, "geometry": { "type": "LineString", "coordinates": [ [ -74.706986886774388, 17.33385570023939 ], [ -73.690274760021836, 18.179959054292482 ], [ -71.845466243893981, 17.92289435362563 ], [ -71.289884807002935, 16.127840586854187 ], [ -72.129384711991221, 14.87395047681809 ] ] } },
{ "type": "Feature", "properties": { "ConType": "Certain" }, "geometry": { "type": "LineString", "coordinates": [ [ -70.187779547111049, 23.221909688422915 ], [ -69.487007564372718, 22.435072216103286 ], [ -69.896408010773044, 20.990465588297635 ], [ -70.302833485782074, 23.153885097764316 ] ] } },
{ "type": "Feature", "properties": { "ConType": "Certain" }, "geometry": { "type": "LineString", "coordinates": [ [ -88.224255746140443, 30.101426053931895 ], [ -89.823046480735201, 29.317690890515621 ], [ -89.125433439824221, 26.307616692800696 ], [ -89.642305183242044, 26.446516070378895 ] ] } },
{ "type": "Feature", "properties": { "ConType": "Certain" }, "geometry": { "type": "LineString", "coordinates": [ [ -88.721239621246738, 30.881664822704547 ], [ -86.123281298763345, 31.253265240942831 ], [ -88.279082956087407, 32.159816677887839 ] ] } },
{ "type": "Feature", "properties": { "ConType": "Certain" }, "geometry": { "type": "LineString", "coordinates": [ [ -86.17804790195099, 33.805475122683518 ], [ -86.040702782043567, 32.285492661797761 ], [ -84.634008462209124, 33.635521706325683 ], [ -85.185866590217074, 34.275712019350578 ], [ -86.17804790195099, 33.805475122683518 ] ] } },
{ "type": "Feature", "properties": { "ConType": "Certain" }, "geometry": { "type": "LineString", "coordinates": [ [ -82.26709121210078, 23.110302723735241 ], [ -80.319843049411773, 22.868830930625972 ], [ -80.983531369419183, 24.103248456276088 ], [ -79.769592527401116, 22.926329362547651 ] ] } },
{ "type": "Feature", "properties": { "ConType": "Certain" }, "geometry": { "type": "LineString", "coordinates": [ [ -83.823808864989346, 26.572118401477738 ], [ -83.258533014523024, 27.300390785337161 ], [ -82.686066738297328, 27.301828073743298 ], [ -83.22681461314103, 26.534158354718411 ], [ -82.420783077769045, 24.803197907874175 ], [ -83.109420408668001, 24.366658135228942 ] ] } },
{ "type": "Feature", "properties": { "ConType": "Certain" }, "geometry": { "type": "LineString", "coordinates": [ [ -83.348138610936147, 28.979830803925683 ], [ -82.746496129323347, 27.891339986179052 ], [ -83.657358488319218, 28.226075253160516 ], [ -84.165429663980959, 26.735377465227408 ], [ -85.474240634565277, 27.020040013371347 ], [ -85.795072319188492, 26.59183688547229 ], [ -84.906649034057551, 26.735615305040596 ], [ -84.751654311038507, 25.994964397873236 ], [ -85.488521777445044, 25.452202873510398 ] ] } },
{ "type": "Feature", "properties": { "ConType": "Certain" }, "geometry": { "type": "LineString", "coordinates": [ [ -84.933075239895345, 30.871421033820557 ], [ -83.493982254139823, 30.727458736154293 ], [ -83.533570600520051, 30.109505365636341 ], [ -82.823778684424283, 30.829643628544424 ], [ -81.982269730331993, 29.714734691137707 ] ] } },
{ "type": "Feature", "properties": { "ConType": "Certain" }, "geometry": { "type": "LineString", "coordinates": [ [ -80.778024513717753, 31.834834445972223 ], [ -81.305655849840093, 30.923894948402673 ], [ -84.148162254783884, 31.516580415167159 ], [ -84.933075239895345, 30.871421033820557 ] ] } },
{ "type": "Feature", "properties": { "ConType": "Certain" }, "geometry": { "type": "LineString", "coordinates": [ [ -80.100591963796063, 33.425266183409505 ], [ -82.702632302226547, 33.255757358424709 ], [ -83.461322327510757, 32.554916616793633 ], [ -82.548343500542089, 31.977602106519114 ] ] } },
{ "type": "Feature", "properties": { "ConType": "Certain" }, "geometry": { "type": "LineString", "coordinates": [ [ -87.754944528846124, 39.13088486274291 ], [ -88.220615462383662, 38.627428398122127 ], [ -85.593372410885195, 38.174944140674341 ], [ -85.94249544484812, 38.737389700331804 ], [ -87.754944528846124, 39.13088486274291 ] ] } },
{ "type": "Feature", "properties": { "ConType": "Approx" }, "geometry": { "type": "LineString", "coordinates": [ [ -84.178614641709586, 38.252863752687873 ], [ -84.909860572315623, 37.866334166212305 ], [ -83.512086361777037, 36.883314279456634 ], [ -83.461583007807931, 38.237718298983843 ], [ -84.178614641709586, 38.252863752687873 ] ] } },
{ "type": "Feature", "properties": { "ConType": "Certain" }, "geometry": { "type": "LineString", "coordinates": [ [ -82.072657074133474, 37.917368107988338 ], [ -81.74317329149568, 38.83078779323332 ], [ -80.269515833630749, 38.55159697554393 ], [ -80.973156262592283, 37.733991366229226 ], [ -82.072657074133474, 37.917368107988338 ] ] } },
{ "type": "Feature", "properties": { "ConType": "Certain" }, "geometry": { "type": "LineString", "coordinates": [ [ -80.011940470395828, 43.106964204687273 ], [ -81.460576784838707, 44.262951930637342 ], [ -82.671519394622223, 44.062334188372454 ], [ -83.600405612867021, 45.327001323223712 ] ] } },
{ "type": "Feature", "properties": { "ConType": "Certain" }, "geometry": { "type": "LineString", "coordinates": [ [ -79.195128249663298, 21.998801869490659 ], [ -77.502038928005987, 24.141564515806067 ], [ -76.406026266636886, 23.967049723542701 ], [ -77.608848253317888, 21.490157165516372 ], [ -78.659213580845631, 21.514046366078567 ] ] } },
{ "type": "Feature", "properties": { "ConType": "Certain" }, "geometry": { "type": "LineString", "coordinates": [ [ -72.193665178124917, 24.792353951141141 ], [ -74.666431981633679, 24.846501219732303 ], [ -74.978843191723968, 25.402611908825886 ], [ -73.813364281720183, 26.575522029327445 ] ] } },
{ "type": "Feature", "properties": { "ConType": "Certain" }, "geometry": { "type": "LineString", "coordinates": [ [ -76.525949828813708, 27.59631080322718 ], [ -77.14607035761334, 27.264901102140975 ], [ -77.018735431030649, 25.866177768250353 ], [ -78.627082157821079, 25.887857282248781 ], [ -78.658789353317331, 24.880608212710765 ], [ -79.88395004566658, 23.644147331061617 ], [ -80.223375998143226, 24.409294245088706 ], [ -78.850315593616131, 25.372111027918493 ], [ -79.316265942188025, 25.789219398962054 ], [ -78.698430546760221, 26.677280910085628 ] ] } },
{ "type": "Feature", "properties": { "ConType": "Certain" }, "geometry": { "type": "LineString", "coordinates": [ [ -70.794542106084307, 27.336473658261667 ], [ -71.59350709053092, 27.101312721219525 ], [ -72.261884503201628, 26.203964004161886 ], [ -71.813012834681786, 26.079171303254203 ], [ -70.794542106084307, 27.336473658261667 ] ] } },
{ "type": "Feature", "properties": { "ConType": "Certain" }, "geometry": { "type": "LineString", "coordinates": [ [ -70.309132057586581, 26.265716207457626 ], [ -70.494362746855231, 27.026210756293306 ], [ -69.461601456893703, 27.465528783940766 ], [ -67.958608912781443, 26.595103846365937 ], [ -68.949776161109781, 25.450540603368903 ], [ -70.309132057586581, 26.265716207457626 ] ] } },
{ "type": "Feature", "properties": { "ConType": "Certain" }, "geometry": { "type": "LineString", "coordinates": [ [ -71.622594535937282, 28.300155365304423 ], [ -70.752554987834145, 29.008223042512697 ], [ -69.948728179151828, 28.136899394880476 ], [ -70.672114124081261, 27.416530069114831 ], [ -71.622594535937282, 28.300155365304423 ] ] } },
{ "type": "Feature", "properties": { "ConType": "Certain" }, "geometry": { "type": "LineString", "coordinates": [ [ -68.483580687909637, 32.15688407318698 ], [ -67.068251708766866, 32.448356373456313 ], [ -67.165017951908098, 30.871485195595991 ], [ -68.459594120138391, 31.178483725434766 ], [ -68.490719071266767, 32.071223476199265 ] ] } },
{ "type": "Feature", "properties": { "ConType": "Certain" }, "geometry": { "type": "LineString", "coordinates": [ [ -70.689341039731843, 34.683871659590835 ], [ -71.461926013763687, 34.005393265474638 ], [ -71.899498957201786, 33.103073244194611 ], [ -69.980290285139887, 34.404582722796604 ], [ -70.689341039731843, 34.683871659590835 ] ] } },
{ "type": "Feature", "properties": { "ConType": "Certain" }, "geometry": { "type": "LineString", "coordinates": [ [ -79.026694619191758, 39.641139316277105 ], [ -77.74574327124752, 39.713704638684483 ], [ -77.178715226539538, 38.756674488846933 ], [ -79.474416190525375, 39.152334451620874 ] ] } },
{ "type": "Feature", "properties": { "ConType": "Certain" }, "geometry": { "type": "LineString", "coordinates": [ [ -79.686565748869583, 36.49762623257493 ], [ -77.695764285455979, 38.455653425134578 ], [ -76.55299613103719, 38.285619351462643 ], [ -76.706221636629735, 39.523205840919715 ], [ -75.917499517686267, 40.089660568373596 ] ] } },
{ "type": "Feature", "properties": { "ConType": "Certain" }, "geometry": { "type": "LineString", "coordinates": [ [ -79.418281354625307, 41.534055263793469 ], [ -78.010300870846109, 42.23002294562302 ], [ -76.684826530517583, 41.48438764531025 ], [ -76.965982935754738, 40.174652492549214 ], [ -79.253748219921746, 40.316786598435066 ] ] } },
{ "type": "Feature", "properties": { "ConType": "Certain" }, "geometry": { "type": "LineString", "coordinates": [ [ -72.366861052806939, 43.863832221544726 ], [ -71.787026748415656, 44.522292748521934 ], [ -70.951579070449824, 44.038596356308005 ], [ -71.1302758016555, 42.452025346605687 ], [ -72.608137217797392, 42.713522067419397 ], [ -72.366861052806939, 43.863832221544726 ] ] } },
{ "type": "Feature", "properties": { "ConType": "Certain" }, "geometry": { "type": "LineString", "coordinates": [ [ -77.104612616881667, 44.943761020372982 ], [ -78.106212534937285, 44.587929456608613 ], [ -78.513573157270187, 42.713400804433995 ], [ -76.340360452267817, 42.071818442067261 ], [ -74.520517960323019, 43.059227903132438 ] ] } },
{ "type": "Feature", "properties": { "ConType": "Certain" }, "geometry": { "type": "LineString", "coordinates": [ [ -68.690723480910435, 1.867222474034645 ], [ -67.611553236123143, 1.577844365175954 ], [ -67.847746014949323, 0.806486831366878 ], [ -66.657418501824182, 1.192708598954707 ], [ -66.144146624465776, 1.788342113964181 ], [ -66.859390903103517, 2.961284292268927 ] ] } },
{ "type": "Feature", "properties": { "ConType": "Certain" }, "geometry": { "type": "LineString", "coordinates": [ [ -64.951063172474022, 4.369925204388648 ], [ -65.594807541976607, 0.280852487633346 ] ] } },
{ "type": "Feature", "properties": { "ConType": "Certain" }, "geometry": { "type": "LineString", "coordinates": [ [ -68.834343537371325, 3.63705121819808 ], [ -69.109928071504626, 5.921263184592042 ], [ -67.918263334773499, 6.945536124935217 ], [ -66.320549024767175, 7.060260911323909 ], [ -64.82637941731123, 5.937514116402264 ] ] } },
{ "type": "Feature", "properties": { "ConType": "Certain" }, "geometry": { "type": "LineString", "coordinates": [ [ -67.146828385376537, 22.058353257274049 ], [ -65.740709621994682, 21.59443095306862 ], [ -66.23995425321931, 20.14443672799171 ], [ -67.633350092036324, 20.526350201866187 ], [ -67.146828385376537, 22.058353257274049 ] ] } },
{ "type": "Feature", "properties": { "ConType": "Certain" }, "geometry": { "type": "LineString", "coordinates": [ [ -56.056355192408688, 7.225168002066026 ], [ -55.590878406282876, 8.233325111105447 ], [ -54.605269666418884, 8.14434455446316 ], [ -54.224830089702039, 5.91036480775119 ], [ -56.056355192408688, 7.225168002066026 ] ] } },
{ "type": "Feature", "properties": { "ConType": "Certain" }, "geometry": { "type": "LineString", "coordinates": [ [ -49.999999996455735, 10.796738972460789 ], [ -48.915461657519117, 10.304584009659747 ], [ -50.126113197883321, 8.969595282036808 ], [ -49.654940705393123, 7.811296241571029 ], [ -50.937576933117654, 6.482851576435386 ] ] } },
{ "type": "Feature", "properties": { "ConType": "Certain" }, "geometry": { "type": "LineString", "coordinates": [ [ -52.41859342278083, 11.469025936627009 ], [ -52.778879725157864, 11.940591832215238 ], [ -51.91270669240874, 11.389472280244807 ], [ -52.817812711898668, 10.58790699276777 ], [ -52.41859342278083, 11.469025936627009 ] ] } },
{ "type": "Feature", "properties": { "ConType": "Certain" }, "geometry": { "type": "LineString", "coordinates": [ [ -49.999999996455735, 13.128610758095878 ], [ -51.858680449362211, 12.226094465628256 ], [ -51.613039268694138, 11.152983732650499 ], [ -50.235143343093362, 11.197753073142604 ] ] } },
{ "type": "Feature", "properties": { "ConType": "Certain" }, "geometry": { "type": "LineString", "coordinates": [ [ -50.937576933117654, 6.482851576435386 ], [ -51.467645984695771, 7.268139061720503 ], [ -50.904856620681144, 7.929089363044683 ], [ -51.70323223094087, 8.544231226957736 ], [ -52.881163462166349, 7.817840304058324 ], [ -52.161316598456466, 6.711893760193184 ], [ -53.162558142524773, 6.99328844384939 ], [ -53.803876256387035, 7.641150616901166 ], [ -52.86807533719174, 8.452614355433292 ], [ -53.954389690297198, 9.525840583564142 ], [ -54.988351550099807, 8.982683407011415 ], [ -58.859612629697111, 11.763144863963522 ], [ -56.910887512800421, 15.575318907499877 ], [ -52.630549456995354, 15.311011969516628 ], [ -50.982956605243338, 16.840542831088658 ] ] } },
{ "type": "Feature", "properties": { "ConType": "Certain" }, "geometry": { "type": "LineString", "coordinates": [ [ -49.818542264277887, 12.849351735542212 ], [ -48.88055998982091, 13.580105368965015 ], [ -48.782399055809158, 15.336095441143652 ], [ -49.999999996455735, 17.183212310373008 ] ] } },
{ "type": "Feature", "properties": { "ConType": "Certain" }, "geometry": { "type": "LineString", "coordinates": [ [ -50.982956605243338, 16.840542831088658 ], [ -50.856839268388811, 18.051878827481289 ], [ -49.284690969036198, 19.149484320754674 ], [ -45.130285280419649, 16.041378419470728 ], [ -45.376637635799568, 14.639619194139604 ], [ -46.523157314980935, 14.377963694697129 ], [ -47.158473446956158, 13.094687811402602 ], [ -47.082361336397234, 11.223899250557368 ], [ -45.3335519120347, 11.515928171377015 ], [ -43.850531062722958, 13.856093100628572 ], [ -42.777335078611543, 14.034009987269934 ], [ -43.863025364793813, 8.572896162983659 ], [ -47.040691557750549, 7.17241698090162 ], [ -47.68357429423321, 4.857946441917015 ], [ -48.851349345627234, 3.777669277889931 ], [ -50.703168429420806, 3.372406794420648 ], [ -50.937576933117654, 6.482851576435386 ] ] } },
{ "type": "Feature", "properties": { "ConType": "Certain" }, "geometry": { "type": "LineString", "coordinates": [ [ -52.021405317524213, 22.442229340793158 ], [ -50.821912290162942, 23.565261127309707 ], [ -51.875942605182011, 23.586202127928637 ], [ -50.954538620820557, 24.549488110230154 ], [ -52.999776252299718, 24.961327769282281 ], [ -53.341812579253208, 24.43082244665181 ], [ -51.938765603741004, 24.158589451796939 ], [ -52.349492701036986, 22.798804051330048 ] ] } },
{ "type": "Feature", "properties": { "ConType": "Certain" }, "geometry": { "type": "LineString", "coordinates": [ [ -46.832564668349377, 25.173718884047446 ], [ -45.789310181048201, 23.956770565875736 ], [ -46.077248927191711, 22.68984008614207 ], [ -47.480295902703922, 22.051139598593846 ], [ -49.035165125283321, 22.935896834345527 ] ] } },
{ "type": "Feature", "properties": { "ConType": "Internal" }, "geometry": { "type": "LineString", "coordinates": [ [ -47.841528146066992, 25.192289543032139 ], [ -48.151673076242993, 27.096437188076528 ], [ -49.690836547533749, 26.34256120207089 ], [ -49.164014815220234, 27.359470061701455 ] ] } },
{ "type": "Feature", "properties": { "ConType": "Certain" }, "geometry": { "type": "LineString", "coordinates": [ [ -46.105824664631001, 29.493919883197904 ], [ -45.069245185109921, 29.708565128824084 ], [ -45.734121922607358, 28.069931910364549 ], [ -46.29429366360575, 28.441634652388199 ], [ -46.105824664631001, 29.493919883197904 ] ] } },
{ "type": "Feature", "properties": { "ConType": "Certain" }, "geometry": { "type": "LineString", "coordinates": [ [ -49.61058124704882, 28.857995312519765 ], [ -50.739726091568762, 30.661697846539276 ], [ -51.310898750847421, 28.765621509466349 ], [ -53.056820621599435, 28.767562874756685 ], [ -55.256720338052723, 27.511232905702204 ], [ -55.60489844015293, 26.777689808093658 ], [ -54.45256524110868, 23.976017726622697 ] ] } },
{ "type": "Feature", "properties": { "ConType": "Certain" }, "geometry": { "type": "LineString", "coordinates": [ [ -46.832564668349377, 25.173718884047446 ], [ -47.12155040302008, 29.525185959892557 ], [ -49.840215677367382, 30.462004847075161 ] ] } },
{ "type": "Feature", "properties": { "ConType": "Certain" }, "geometry": { "type": "LineString", "coordinates": [ [ -52.357798010195687, 29.954900955687428 ], [ -51.757014117743893, 30.619522902738161 ], [ -54.978511717237467, 28.635315832661821 ], [ -54.41402110651763, 28.592214685139574 ], [ -52.357798010195687, 29.954900955687428 ] ] } },
{ "type": "Feature", "properties": { "ConType": "Certain" }, "geometry": { "type": "LineString", "coordinates": [ [ -49.999980176746128, 39.026523439755834 ], [ -47.472763941465963, 38.876028143683101 ], [ -46.556595206434785, 36.353712366232351 ], [ -45.825177362107915, 37.179274929400279 ] ] } },
{ "type": "Feature", "properties": { "ConType": "Certain" }, "geometry": { "type": "LineString", "coordinates": [ [ -56.832700281942458, 41.24504937633651 ], [ -57.97368679616504, 39.381084781085647 ], [ -59.811813293414176, 40.565870155969158 ], [ -59.389105283886558, 41.661849104045189 ] ] } },
{ "type": "Feature", "properties": { "ConType": "Certain" }, "geometry": { "type": "LineString", "coordinates": [ [ -45.825177362107915, 37.179274929400279 ], [ -46.969567906510399, 38.327781150278298 ], [ -46.140653339075861, 40.135548947478682 ], [ -47.039371238609021, 40.052113177202294 ], [ -46.66417832816667, 40.885159105395047 ], [ -48.034068720190035, 41.341052036309122 ], [ -46.611825828268266, 42.406535228241282 ], [ -47.418926856276983, 42.371090596135453 ], [ -47.650150395296485, 42.887872840867871 ], [ -46.188643128450877, 43.270259758468043 ], [ -47.536719981048428, 43.489051313728247 ], [ -48.599982323402358, 44.980598714241751 ] ] } },
{ "type": "Feature", "properties": { "ConType": "Certain" }, "geometry": { "type": "LineString", "coordinates": [ [ -53.078696924538285, 45.644399785642143 ], [ -53.383052062440541, 44.83077030028187 ], [ -54.5173562082188, 44.731677302378607 ], [ -53.513933308888788, 43.825893567540191 ], [ -55.049606615058622, 44.171110453325454 ], [ -56.332242842783153, 42.694886923476005 ], [ -53.592462058736423, 40.562527989005993 ], [ -54.360298711821343, 40.356723903616079 ], [ -53.417953726840956, 39.034180261866609 ], [ -52.205120831215062, 39.581034292442119 ], [ -49.999980176746128, 39.026523439755834 ] ] } },
{ "type": "Feature", "properties": { "ConType": "Certain" }, "geometry": { "type": "LineString", "coordinates": [ [ -88.162085224953614, 47.163988840132063 ], [ -86.055768043421679, 47.315986410833531 ], [ -85.584555693858192, 46.081599198456423 ], [ -86.991232739875841, 45.780896203158832 ], [ -87.562461055933056, 46.642886881444284 ] ] } },
{ "type": "Feature", "properties": { "ConType": "Certain" }, "geometry": { "type": "LineString", "coordinates": [ [ -84.608208272287612, 48.501606653884515 ], [ -83.357282768693153, 48.936763498871244 ], [ -83.43751345778162, 49.999999999753534 ], [ -85.052528405503168, 50.089924218609895 ], [ -85.291393517658832, 48.84298932285752 ] ] } },
{ "type": "Feature", "properties": { "ConType": "Certain" }, "geometry": { "type": "LineString", "coordinates": [ [ -82.258389607683412, 47.247226353952094 ], [ -83.855756090030454, 47.196282171386784 ], [ -83.933821342282869, 46.533942221510912 ], [ -82.564711134496051, 46.902794701317767 ], [ -83.200656167952573, 45.505460897258466 ] ] } },
{ "type": "Feature", "properties": { "ConType": "Certain" }, "geometry": { "type": "LineString", "coordinates": [ [ -79.293049981875157, 50.520654158319921 ], [ -79.928764216297211, 49.742777232780242 ], [ -81.263702989018128, 49.819778789908327 ], [ -81.893659076746047, 50.83401974513955 ], [ -80.799430357429628, 51.398756364294975 ] ] } },
{ "type": "Feature", "properties": { "ConType": "Approx" }, "geometry": { "type": "LineString", "coordinates": [ [ -78.867369121434351, 55.208018536327529 ], [ -81.461068787631717, 55.472550846540656 ], [ -78.94275022438066, 55.935768751634399 ] ] } },
{ "type": "Feature", "properties": { "ConType": "Certain" }, "geometry": { "type": "LineString", "coordinates": [ [ -88.360574498592939, 56.869533939317932 ], [ -86.988455685268661, 57.473184150919288 ], [ -89.439717820233938, 58.056661172835376 ] ] } },
{ "type": "Feature", "properties": { "ConType": "Certain" }, "geometry": { "type": "LineString", "coordinates": [ [ -88.360574498592939, 56.869533939317932 ], [ -86.167467435231046, 57.481911738613228 ], [ -87.273424954136729, 58.491350051723323 ], [ -89.287424061945188, 58.681686281700188 ], [ -89.439717820233938, 58.056661172835376 ] ] } },
{ "type": "Feature", "properties": { "ConType": "Certain" }, "geometry": { "type": "LineString", "coordinates": [ [ -90.434081206147454, 61.602294498181081 ], [ -89.922424800012209, 62.258965556011873 ], [ -86.709837449426516, 62.039104395990101 ], [ -88.889287337898182, 61.011121189517795 ], [ -90.434081206147454, 61.602294498181081 ] ] } },
{ "type": "Feature", "properties": { "ConType": "Certain" }, "geometry": { "type": "LineString", "coordinates": [ [ -86.102322664868638, 62.558092287495214 ], [ -86.295728206075921, 61.195814744869111 ], [ -89.560808697351376, 60.319834167906031 ] ] } },
{ "type": "Feature", "properties": { "ConType": "Certain" }, "geometry": { "type": "LineString", "coordinates": [ [ -88.267283042984289, 63.549307070148721 ], [ -87.43470286807414, 63.18603498952708 ], [ -85.966714143960431, 63.727545860533056 ], [ -87.190009082716884, 64.425047726393984 ], [ -88.267283042984289, 63.549307070148721 ] ] } },
{ "type": "Feature", "properties": { "ConType": "Certain" }, "geometry": { "type": "LineString", "coordinates": [ [ -83.498860715719132, 65.060748364033586 ], [ -82.867906825981308, 65.663359627116421 ], [ -81.303619580788791, 65.298678193656031 ], [ -82.888655440207614, 64.82097164746699 ], [ -83.498860715719132, 65.060748364033586 ] ] } },
{ "type": "Feature", "properties": { "ConType": "Approx" }, "geometry": { "type": "LineString", "coordinates": [ [ -87.233997849833401, 65.449624914119823 ], [ -84.563312834251988, 66.516303989735434 ], [ -84.307817798524326, 67.490824703530492 ], [ -83.284280472804483, 66.870886822753704 ], [ -79.878949592290581, 67.019483997438286 ], [ -85.394806262495308, 65.853934587309382 ] ] } },
{ "type": "Feature", "properties": { "ConType": "Certain" }, "geometry": { "type": "LineString", "coordinates": [ [ -87.360160376285393, 68.850639338893529 ], [ -86.594948657414093, 68.707786057860631 ], [ -86.502156216584098, 67.209622327119988 ], [ -88.683748114401411, 65.739742050813078 ] ] } },
{ "type": "Feature", "properties": { "ConType": "Certain" }, "geometry": { "type": "LineString", "coordinates": [ [ -77.104612616881667, 44.943761020372982 ], [ -76.156924914235404, 45.284368234138341 ], [ -78.192678910299023, 45.297541385996965 ], [ -77.428647921772466, 47.356807572831983 ], [ -76.334956870615159, 47.431319431462242 ], [ -76.213776075993138, 46.299924416725432 ], [ -74.794434548820618, 46.661234646193819 ], [ -76.579541914690395, 48.387462759770379 ], [ -75.113014071362628, 50.381014463471836 ], [ -73.562071284956502, 49.713520099660364 ], [ -73.941626905922234, 50.0538113457023 ], [ -73.156339420637124, 50.341750088548039 ], [ -74.092140336534612, 50.112707908088041 ], [ -74.223021589578465, 50.734393834488372 ], [ -72.606638178299306, 50.812922581038222 ], [ -72.842224424544398, 50.472631338294072 ], [ -70.283496031582658, 50.073443533164202 ], [ -74.031720139743271, 52.17392459508784 ] ] } },
{ "type": "Feature", "properties": { "ConType": "Certain" }, "geometry": { "type": "LineString", "coordinates": [ [ -80.799430357429628, 51.398756364294975 ], [ -79.211958787610499, 52.663997165965938 ], [ -76.68608524037208, 51.864915297997179 ], [ -77.819580679340021, 50.295305778130469 ], [ -79.293049981875157, 50.520654158319921 ] ] } },
{ "type": "Feature", "properties": { "ConType": "Certain" }, "geometry": { "type": "LineString", "coordinates": [ [ -66.67659809088228, 56.044192835847113 ], [ -68.690543761323909, 56.390749923141485 ], [ -69.51357618191436, 55.665683919798738 ], [ -69.030199513605098, 54.876018402464275 ], [ -70.297461127592044, 54.894657629069989 ], [ -69.366499070130303, 56.492370765063569 ] ] } },
{ "type": "Feature", "properties": { "ConType": "Certain" }, "geometry": { "type": "LineString", "coordinates": [ [ -74.031720139743271, 52.17392459508784 ], [ -74.23314017791742, 53.67453285451559 ], [ -73.442890381479486, 53.921470168343426 ], [ -74.890337862910997, 54.304499986537586 ], [ -72.965006875953023, 54.440901055091878 ], [ -74.265647901708235, 54.945765517160289 ], [ -71.666026788032724, 55.641829154745338 ], [ -73.987939806058819, 56.495845232710657 ] ] } },
{ "type": "Feature", "properties": { "ConType": "Certain" }, "geometry": { "type": "LineString", "coordinates": [ [ -78.534498783598551, 60.645944992128307 ], [ -76.727079823180787, 60.940309205684706 ], [ -75.839061621915178, 60.237783782140674 ], [ -77.91725485315564, 59.688129539886276 ], [ -78.534498783598551, 60.645944992128307 ] ] } },
{ "type": "Feature", "properties": { "ConType": "Certain" }, "geometry": { "type": "LineString", "coordinates": [ [ -72.441315559595282, 57.838117657448564 ], [ -71.411414745101894, 58.347636186367289 ], [ -71.566595047877811, 59.139483731712303 ], [ -72.382736531382577, 59.289404147379152 ], [ -73.540222149200304, 57.704841042448209 ], [ -74.999127147533457, 58.010077385745831 ], [ -73.615307325084657, 60.497123815151575 ], [ -74.681078189713858, 61.055168861734671 ] ] } },
{ "type": "Feature", "properties": { "ConType": "Certain" }, "geometry": { "type": "LineString", "coordinates": [ [ -79.252287701892541, 62.640541098890679 ], [ -76.163222628614861, 61.92167281108302 ], [ -76.284810400032896, 63.224425767053852 ] ] } },
{ "type": "Feature", "properties": { "ConType": "Certain" }, "geometry": { "type": "LineString", "coordinates": [ [ -69.859673580559388, 59.170430130671335 ], [ -74.821920561689964, 64.21477398319567 ] ] } },
{ "type": "Feature", "properties": { "ConType": "Certain" }, "geometry": { "type": "LineString", "coordinates": [ [ -86.313837540708093, 68.628136132432985 ], [ -84.388091748003916, 68.964585339308044 ], [ -82.843061091936036, 68.447712603255837 ], [ -85.070646970645697, 67.74942266484797 ], [ -86.313837540708093, 68.628136132432985 ] ] } },
{ "type": "Feature", "properties": { "ConType": "Approx" }, "geometry": { "type": "LineString", "coordinates": [ [ -83.387385487793523, 69.181147731264915 ], [ -83.469879485488704, 69.69805721127797 ], [ -86.915797536707188, 69.766107241077989 ], [ -86.028279402214793, 69.039370136115807 ], [ -83.387385487793523, 69.181147731264915 ] ] } },
{ "type": "Feature", "properties": { "ConType": "Certain" }, "geometry": { "type": "LineString", "coordinates": [ [ -77.825182273412707, 71.066834246778129 ], [ -81.527928679383095, 70.279911124292411 ], [ -80.158061009123344, 69.603071127625853 ] ] } },
{ "type": "Feature", "properties": { "ConType": "Certain" }, "geometry": { "type": "LineString", "coordinates": [ [ -69.464686155605804, 70.229108993971977 ], [ -72.097099005223797, 70.756110900966817 ], [ -69.347039924232945, 70.65140144915533 ] ] } },
{ "type": "Feature", "properties": { "ConType": "Certain" }, "geometry": { "type": "LineString", "coordinates": [ [ -67.690277343670942, 71.178308307286557 ], [ -71.191025856455937, 71.48683229520806 ], [ -72.43165446357844, 71.179194113097054 ], [ -72.352220985209186, 70.343621448942471 ], [ -73.245620870811038, 70.733195448344318 ] ] } },
{ "type": "Feature", "properties": { "ConType": "Approx" }, "geometry": { "type": "LineString", "coordinates": [ [ -88.956146476866721, 71.495274706630909 ], [ -91.224090029873011, 70.682648517396373 ], [ -87.419326163538599, 70.488682708284614 ], [ -88.416387519790362, 71.540028939953331 ] ] } },
{ "type": "Feature", "properties": { "ConType": "Approx" }, "geometry": { "type": "LineString", "coordinates": [ [ -83.99532911348598, 72.028107146780144 ], [ -84.936459938438347, 71.963964356725839 ], [ -86.484674451126622, 70.823029377046026 ], [ -81.983688452188204, 71.012596552822956 ], [ -83.99532911348598, 72.028107146780144 ] ] } },
{ "type": "Feature", "properties": { "ConType": "Certain" }, "geometry": { "type": "LineString", "coordinates": [ [ -76.830740360556518, 73.25003598649343 ], [ -73.051688652974178, 72.9848448553183 ], [ -74.296437992082161, 72.374853678839685 ] ] } },
{ "type": "Feature", "properties": { "ConType": "Certain" }, "geometry": { "type": "LineString", "coordinates": [ [ -66.982784480912784, 74.794006927867812 ], [ -66.970097320865534, 73.739457841018449 ], [ -69.86521670483981, 73.275130677197325 ], [ -74.170605650120322, 73.811206624367543 ], [ -74.48072396714214, 74.48387475683603 ] ] } },
{ "type": "Feature", "properties": { "ConType": "Certain" }, "geometry": { "type": "LineString", "coordinates": [ [ -74.48072396714214, 74.48387475683603 ], [ -66.982784480912784, 74.794006927867812 ] ] } },
{ "type": "Feature", "properties": { "ConType": "Certain" }, "geometry": { "type": "LineString", "coordinates": [ [ -74.48072396714214, 74.48387475683603 ], [ -71.378893361870624, 75.510714108835927 ], [ -66.982784480912784, 74.794006927867812 ] ] } },
{ "type": "Feature", "properties": { "ConType": "Certain" }, "geometry": { "type": "LineString", "coordinates": [ [ -83.325074714954411, 73.784285704067443 ], [ -89.898791962941885, 73.207670387638714 ], [ -94.087446390087464, 74.67140768510609 ], [ -91.72066531226686, 75.589951995362028 ] ] } },
{ "type": "Feature", "properties": { "ConType": "Certain" }, "geometry": { "type": "LineString", "coordinates": [ [ -74.180923602972626, 76.086769642135053 ], [ -73.48807905228378, 75.544560846931958 ], [ -77.820795640730665, 75.154601204128653 ] ] } },
{ "type": "Feature", "properties": { "ConType": "Certain" }, "geometry": { "type": "LineString", "coordinates": [ [ -88.382918972093478, 76.177460207706929 ], [ -85.895565000814258, 76.623207735962765 ], [ -89.121472512079748, 76.665033727558651 ] ] } },
{ "type": "Feature", "properties": { "ConType": "Certain" }, "geometry": { "type": "LineString", "coordinates": [ [ -77.577323695951094, 77.607896844598343 ], [ -74.887561128189333, 76.887096425308471 ], [ -72.354243693753659, 77.433984535231616 ] ] } },
{ "type": "Feature", "properties": { "ConType": "Certain" }, "geometry": { "type": "LineString", "coordinates": [ [ -89.861547410997517, 77.674029609347258 ], [ -82.860253545695528, 77.097735210622687 ] ] } },
{ "type": "Feature", "properties": { "ConType": "Certain" }, "geometry": { "type": "LineString", "coordinates": [ [ -79.845276984029368, 78.41350460423908 ], [ -90.435022566505097, 79.464942145079164 ] ] } },
{ "type": "Feature", "properties": { "ConType": "Certain" }, "geometry": { "type": "LineString", "coordinates": [ [ -76.978114767984835, 78.991602408564788 ], [ -79.520166659408105, 79.744277616968631 ], [ -74.340553572362325, 80.168864310718249 ], [ -72.048970959358584, 79.39819497922548 ] ] } },
{ "type": "Feature", "properties": { "ConType": "Approx" }, "geometry": { "type": "LineString", "coordinates": [ [ -72.378856594028875, 81.242774770627889 ], [ -66.526753098939011, 81.485793454148165 ] ] } },
{ "type": "Feature", "properties": { "ConType": "Certain" }, "geometry": { "type": "LineString", "coordinates": [ [ -97.680347015383575, 79.893077773840702 ], [ -80.761809442060994, 79.079596646097158 ], [ -91.524359214268571, 82.042943817273766 ] ] } },
{ "type": "Feature", "properties": { "ConType": "Certain" }, "geometry": { "type": "LineString", "coordinates": [ [ -92.303877749304036, 82.553934294357035 ], [ -78.528956843224236, 78.788757026574885 ] ] } },
{ "type": "Feature", "properties": { "ConType": "Certain" }, "geometry": { "type": "LineString", "coordinates": [ [ -89.838726598312874, 82.746940351344037 ], [ -85.829950440675958, 81.622038036036756 ], [ -76.319984283692875, 81.737561348962288 ] ] } },
{ "type": "Feature", "properties": { "ConType": "Certain" }, "geometry": { "type": "LineString", "coordinates": [ [ -72.281209237830325, 82.137019008837285 ], [ -64.434272412851371, 82.363342792456336 ], [ -71.227334911510866, 82.790550759874193 ] ] } },
{ "type": "Feature", "properties": { "ConType": "Certain" }, "geometry": { "type": "LineString", "coordinates": [ [ -85.485417107325034, 82.760524048205994 ], [ -81.320015275626133, 82.077903753599131 ], [ -77.285817679090883, 82.746445049875362 ], [ -81.565570519220529, 83.197499574150754 ], [ -85.485417107325034, 82.760524048205994 ] ] } },
{ "type": "Feature", "properties": { "ConType": "Certain" }, "geometry": { "type": "LineString", "coordinates": [ [ -71.227334911510866, 82.790550759874193 ], [ -74.515840126310096, 83.709180878590089 ], [ -86.609519982608035, 83.604808378331029 ] ] } },
{ "type": "Feature", "properties": { "ConType": "Certain" }, "geometry": { "type": "LineString", "coordinates": [ [ -56.933433817560179, 87.131701327298416 ], [ -79.681764162040835, 84.166405628034596 ], [ -87.321339745202934, 83.936158056366537 ] ] } },
{ "type": "Feature", "properties": { "ConType": "Certain" }, "geometry": { "type": "LineString", "coordinates": [ [ -100.484900780401304, 88.101189734377158 ], [ -64.014040303874026, 88.078987761620766 ] ] } },
{ "type": "Feature", "properties": { "ConType": "Certain" }, "geometry": { "type": "LineString", "coordinates": [ [ -52.328246361467365, 46.662713800026523 ], [ -53.670326261305526, 47.297263212636153 ], [ -54.020121988084874, 46.23038181439081 ], [ -55.053572354276696, 45.917382222748017 ], [ -53.659586125553886, 46.258936663636973 ], [ -53.078696924538285, 45.644399785642143 ] ] } },
{ "type": "Feature", "properties": { "ConType": "Certain" }, "geometry": { "type": "LineString", "coordinates": [ [ -48.732336312782223, 47.772149790094687 ], [ -48.572121582811917, 48.434385559530213 ], [ -49.888507366099581, 47.783103427979476 ], [ -49.208311163783698, 46.585898752631721 ], [ -50.673050956014151, 46.435845248109466 ], [ -49.510109328300238, 45.533990910858506 ], [ -48.515220119884333, 45.977317987581991 ], [ -48.599982323402358, 44.980598714241751 ] ] } },
{ "type": "Feature", "properties": { "ConType": "Certain" }, "geometry": { "type": "LineString", "coordinates": [ [ -60.132077682545308, 52.446196226834203 ], [ -59.372031524135146, 52.159348583736275 ], [ -59.498763021355842, 51.590584411612838 ], [ -60.892734954164965, 52.219074279435063 ] ] } },
{ "type": "Feature", "properties": { "ConType": "Certain" }, "geometry": { "type": "LineString", "coordinates": [ [ -64.546596847729361, 53.609685449050971 ], [ -64.643644999033128, 54.278098345927248 ], [ -62.218588114770242, 54.662201198583119 ], [ -61.086273020305782, 52.701859947747643 ] ] } },
{ "type": "Feature", "properties": { "ConType": "Certain" }, "geometry": { "type": "LineString", "coordinates": [ [ -66.730637422851856, 54.931843994831929 ], [ -65.570804386328604, 54.911733872056224 ], [ -64.99938189977513, 53.973937131187121 ], [ -66.001266822616785, 53.461475569959887 ], [ -65.555398136904799, 52.561366824777728 ], [ -64.546596847729361, 53.609685449050971 ] ] } },
{ "type": "Feature", "properties": { "ConType": "Certain" }, "geometry": { "type": "LineString", "coordinates": [ [ -60.132077682545308, 52.446196226834203 ], [ -60.149110355148295, 53.518245886429561 ], [ -58.8564538230791, 54.177315491880663 ], [ -57.091526163324929, 53.677322599013365 ], [ -55.04977440654369, 55.016977829447526 ], [ -51.032935581141494, 55.191069957334406 ] ] } },
{ "type": "Feature", "properties": { "ConType": "Approx" }, "geometry": { "type": "LineString", "coordinates": [ [ -52.048538908914729, 47.032490455414518 ], [ -53.358991159215975, 48.030045526898611 ], [ -53.308261877046178, 49.603710841995088 ], [ -53.947521155089625, 49.616713603711219 ], [ -53.972383638603297, 48.769727870249994 ], [ -54.896253125587464, 48.953275097787476 ], [ -56.603780452738107, 50.968711998563727 ], [ -54.521950651050858, 52.349955077384045 ], [ -51.175460748695471, 52.53416634104282 ], [ -50.906082761575206, 53.817484086466102 ], [ -46.468287289844291, 55.081483804962758 ], [ -44.896984774339479, 56.553202024611018 ], [ -38.834613900783346, 57.942702492423599 ], [ -35.470801727219374, 57.6554154222896 ] ] } },
{ "type": "Feature", "properties": { "ConType": "Certain" }, "geometry": { "type": "LineString", "coordinates": [ [ -50.682007624594668, 55.228952984240458 ], [ -48.651726025138892, 55.208229258424872 ], [ -46.884768292878256, 57.113451685758967 ], [ -45.720516058010304, 56.707443249099036 ], [ -41.709712947574957, 58.019088797617457 ] ] } },
{ "type": "Feature", "properties": { "ConType": "Certain" }, "geometry": { "type": "LineString", "coordinates": [ [ -56.354676643484098, 58.567962440113938 ], [ -58.482253857003997, 57.903661057903953 ], [ -62.152689803005565, 58.250340809743918 ] ] } },
{ "type": "Feature", "properties": { "ConType": "Certain" }, "geometry": { "type": "LineString", "coordinates": [ [ -50.044359936277182, 58.845086451229399 ], [ -47.649233102200206, 58.250965552713765 ], [ -47.374382484329075, 57.520428893995536 ], [ -50.253769932573071, 57.632708571286386 ], [ -50.044359936277182, 58.845086451229399 ] ] } },
{ "type": "Feature", "properties": { "ConType": "Certain" }, "geometry": { "type": "LineString", "coordinates": [ [ -47.112528101850408, 59.081438193360526 ], [ -46.433340023622812, 59.58600551807853 ], [ -44.944734699059111, 59.262510971374752 ], [ -45.900819010142065, 58.57813243767972 ], [ -47.112528101850408, 59.081438193360526 ] ] } },
{ "type": "Feature", "properties": { "ConType": "Certain" }, "geometry": { "type": "LineString", "coordinates": [ [ -53.868604918376739, 60.661085288090952 ], [ -52.645100546958297, 60.032755003557931 ], [ -55.046860543175569, 57.969927824995757 ], [ -54.712963567466161, 57.567407053733 ], [ -51.699642950782923, 59.277203246264193 ], [ -51.967377900464939, 60.778353338958034 ] ] } },
{ "type": "Feature", "properties": { "ConType": "Certain" }, "geometry": { "type": "LineString", "coordinates": [ [ -50.929913901270922, 63.948416813324144 ], [ -49.632173006892039, 61.918049820929774 ], [ -51.967377900464939, 60.778353338958034 ] ] } },
{ "type": "Feature", "properties": { "ConType": "Certain" }, "geometry": { "type": "LineString", "coordinates": [ [ -50.929913901270922, 63.948416813324144 ], [ -47.095153715688248, 64.526595162839143 ], [ -46.335046238196448, 65.939929863673157 ] ] } },
{ "type": "Feature", "properties": { "ConType": "Certain" }, "geometry": { "type": "LineString", "coordinates": [ [ -49.434312753454407, 67.072804375212655 ], [ -47.520635162148892, 65.942489923788997 ], [ -47.680311617166986, 64.775842119203872 ], [ -50.427514671406556, 64.523674611555691 ] ] } },
{ "type": "Feature", "properties": { "ConType": "Certain" }, "geometry": { "type": "LineString", "coordinates": [ [ -57.00441470423312, 70.545208553088159 ], [ -58.531575191193021, 69.589023224144185 ], [ -58.230538007889884, 68.589132483975376 ], [ -53.630642239481823, 66.687373137024281 ] ] } },
{ "type": "Feature", "properties": { "ConType": "Certain" }, "geometry": { "type": "LineString", "coordinates": [ [ -47.922016976155383, 67.005105111401591 ], [ -44.642180368100561, 67.773270154979656 ], [ -45.409414910938935, 69.493623657159105 ], [ -44.272193458901214, 71.049288016148651 ] ] } },
{ "type": "Feature", "properties": { "ConType": "Certain" }, "geometry": { "type": "LineString", "coordinates": [ [ -63.655355025108179, 70.316107048708659 ], [ -63.518044858462353, 71.036431019987376 ], [ -65.218402766767142, 71.301059073542106 ], [ -68.76441781444359, 70.560881573824759 ], [ -68.49140224115763, 70.049016823297748 ] ] } },
{ "type": "Feature", "properties": { "ConType": "Certain" }, "geometry": { "type": "LineString", "coordinates": [ [ -51.387444573374715, 71.903641164386769 ], [ -51.706218131203656, 72.779933151529406 ], [ -55.705909425322979, 72.61688972687989 ], [ -54.238165472974138, 73.290305843976824 ], [ -55.692328600834934, 74.32926537052407 ] ] } },
{ "type": "Feature", "properties": { "ConType": "Certain" }, "geometry": { "type": "LineString", "coordinates": [ [ -62.808726982992027, 71.772464561393988 ], [ -64.498703554947213, 72.659516405064196 ], [ -61.776051283836381, 72.571899671990948 ], [ -62.6123774696065, 73.19076537243329 ], [ -61.19709473865138, 73.606888618166394 ], [ -59.532231325016355, 72.899227805629351 ], [ -60.946833768347901, 72.262606270410515 ], [ -56.600218227638003, 72.487955099099253 ], [ -57.101870732629187, 73.02015071318111 ], [ -56.550056458614328, 73.528721480734504 ], [ -61.148219311653058, 74.256947916505069 ], [ -57.816499894542048, 75.018610631110846 ] ] } },
{ "type": "Feature", "properties": { "ConType": "Certain" }, "geometry": { "type": "LineString", "coordinates": [ [ -45.364709972960839, 75.288776192811966 ], [ -48.038693205876442, 74.892742382826526 ], [ -48.236364060717932, 74.694996176812779 ], [ -45.475314093319803, 74.162349702261722 ], [ -42.88221048833762, 74.963010379937515 ], [ -45.364709972960839, 75.288776192811966 ] ] } },
{ "type": "Feature", "properties": { "ConType": "Certain" }, "geometry": { "type": "LineString", "coordinates": [ [ -46.626931998714227, 75.580391287328624 ], [ -49.300970898301763, 74.813607776444456 ], [ -48.72965885468922, 73.920393177096315 ], [ -49.995986294199966, 73.222365254589988 ], [ -49.554077517215745, 72.014371072297166 ] ] } },
{ "type": "Feature", "properties": { "ConType": "Certain" }, "geometry": { "type": "LineString", "coordinates": [ [ -48.617202663262439, 75.936853444339846 ], [ -53.761671919395937, 74.322330078181409 ] ] } },
{ "type": "Feature", "properties": { "ConType": "Certain" }, "geometry": { "type": "LineString", "coordinates": [ [ -68.783969756814969, 71.998758084504644 ], [ -62.88421946215346, 74.320354297169018 ], [ -63.250337254043565, 75.233492822849485 ], [ -65.831807058833306, 76.00790076826236 ] ] } },
{ "type": "Feature", "properties": { "ConType": "Certain" }, "geometry": { "type": "LineString", "coordinates": [ [ -49.164922976739824, 76.376615080619345 ], [ -53.761671919395937, 74.322330078181409 ] ] } },
{ "type": "Feature", "properties": { "ConType": "Certain" }, "geometry": { "type": "LineString", "coordinates": [ [ -50.52423636472129, 76.109621127551662 ], [ -56.668534837479051, 76.739528988418783 ], [ -58.872872236382243, 76.107238640161924 ], [ -56.513380115649454, 75.068593185109677 ], [ -57.816499894542048, 75.018610631110846 ] ] } },
{ "type": "Feature", "properties": { "ConType": "Certain" }, "geometry": { "type": "LineString", "coordinates": [ [ -62.739840792291396, 77.07983083685113 ], [ -67.803365025343112, 77.359873275474186 ] ] } },
{ "type": "Feature", "properties": { "ConType": "Certain" }, "geometry": { "type": "LineString", "coordinates": [ [ -62.863457168699945, 78.094963639441616 ], [ -56.047163002360385, 77.403137567897318 ] ] } },
{ "type": "Feature", "properties": { "ConType": "Certain" }, "geometry": { "type": "LineString", "coordinates": [ [ -51.699129936891559, 77.681930494198369 ], [ -55.30748782840147, 78.483129743627316 ], [ -50.964635954911849, 77.719776595765225 ] ] } },
{ "type": "Feature", "properties": { "ConType": "Certain" }, "geometry": { "type": "LineString", "coordinates": [ [ -46.704391826442546, 78.253025922565257 ], [ -43.984661748913901, 79.073764635533465 ], [ -46.359907554292953, 78.1218766417512 ] ] } },
{ "type": "Feature", "properties": { "ConType": "Certain" }, "geometry": { "type": "LineString", "coordinates": [ [ -62.261189601147251, 79.241373653960153 ], [ -59.761904461479993, 78.792221841594682 ], [ -62.863457168699945, 78.094963639441616 ] ] } },
{ "type": "Feature", "properties": { "ConType": "Approx" }, "geometry": { "type": "LineString", "coordinates": [ [ -51.209167449495467, 79.910698676297912 ], [ -52.357122346071719, 79.129668593252148 ], [ -50.501542780721678, 78.86661905590131 ], [ -50.964635954911849, 77.719776595765225 ] ] } },
{ "type": "Feature", "properties": { "ConType": "Certain" }, "geometry": { "type": "LineString", "coordinates": [ [ -67.48808446543552, 79.403819971108433 ], [ -62.586120509578585, 79.949489676749593 ] ] } },
{ "type": "Feature", "properties": { "ConType": "Approx" }, "geometry": { "type": "LineString", "coordinates": [ [ -56.385490514211774, 80.296065647181635 ], [ -62.586120509578585, 79.949489676749593 ] ] } },
{ "type": "Feature", "properties": { "ConType": "Certain" }, "geometry": { "type": "LineString", "coordinates": [ [ -52.70030134359147, 80.140170822438421 ], [ -47.807829204963646, 80.253790401139611 ], [ -51.209167449495467, 79.910698676297912 ] ] } },
{ "type": "Feature", "properties": { "ConType": "Approx" }, "geometry": { "type": "LineString", "coordinates": [ [ -66.526753098939011, 81.485793454148165 ], [ -55.515407342960742, 80.717404464340348 ], [ -56.385490514211774, 80.296065647181635 ] ] } },
{ "type": "Feature", "properties": { "ConType": "Approx" }, "geometry": { "type": "LineString", "coordinates": [ [ -49.148713781742401, 81.519629837187892 ], [ -45.030105077456959, 80.156662832490241 ] ] } },
{ "type": "Feature", "properties": { "ConType": "Certain" }, "geometry": { "type": "LineString", "coordinates": [ [ -49.148713781742401, 81.519629837187892 ], [ -55.239052732313041, 81.65875996433374 ] ] } },
{ "type": "Feature", "properties": { "ConType": "Approx" }, "geometry": { "type": "LineString", "coordinates": [ [ -55.239052732313041, 81.65875996433374 ], [ -66.526753098939011, 81.485793454148165 ] ] } },
{ "type": "Feature", "properties": { "ConType": "Certain" }, "geometry": { "type": "LineString", "coordinates": [ [ -52.734847364573575, 82.159941337349053 ], [ -56.826980043328511, 82.56415920010339 ], [ -53.15647378187797, 83.615945587619436 ], [ -54.761049526952974, 84.134381739301446 ] ] } },
{ "type": "Feature", "properties": { "ConType": "Certain" }, "geometry": { "type": "LineString", "coordinates": [ [ -65.909231389164901, 83.744399295587613 ], [ -68.353741753724321, 83.783780511162306 ], [ -69.441939289235449, 83.907118333259334 ], [ -63.093837829223403, 84.059545338697333 ], [ -65.909231389164901, 83.744399295587613 ] ] } },
{ "type": "Feature", "properties": { "ConType": "Certain" }, "geometry": { "type": "LineString", "coordinates": [ [ -43.859656789139379, 84.33569126857887 ], [ -50.596313439629853, 83.428698406137883 ], [ -47.097183854150487, 83.258847310267612 ] ] } },
{ "type": "Feature", "properties": { "ConType": "Certain" }, "geometry": { "type": "LineString", "coordinates": [ [ -54.761049526952974, 84.134381739301446 ], [ -57.061367523622906, 84.446588028104529 ], [ -51.518423216712115, 84.709488320733499 ] ] } },
{ "type": "Feature", "properties": { "ConType": "Certain" }, "geometry": { "type": "LineString", "coordinates": [ [ -51.518423216712115, 84.709488320733499 ], [ -48.043852991909688, 84.956653396332513 ], [ -48.826310882219332, 85.457923618368866 ], [ -46.661533772110765, 85.90980367147435 ], [ -47.724729383711917, 86.182321430376689 ] ] } },
{ "type": "Feature", "properties": { "ConType": "Certain" }, "geometry": { "type": "LineString", "coordinates": [ [ -47.724729383711917, 86.182321430376689 ], [ -51.132575932809019, 86.265314113071668 ], [ -43.96365016572512, 86.882952300739873 ] ] } },
{ "type": "Feature", "properties": { "ConType": "Certain" }, "geometry": { "type": "LineString", "coordinates": [ [ -43.96365016572512, 86.882952300739873 ], [ -56.933433817560179, 87.131701327298416 ] ] } },
{ "type": "Feature", "properties": { "ConType": "Certain" }, "geometry": { "type": "LineString", "coordinates": [ [ -37.965653227525586, 87.960642748625702 ], [ -55.248876211441619, 87.504350439020612 ] ] } },
{ "type": "Feature", "properties": { "ConType": "Certain" }, "geometry": { "type": "LineString", "coordinates": [ [ -55.248876211441619, 87.504350439020612 ], [ -64.014040303874026, 88.078987761620766 ] ] } },
{ "type": "Feature", "properties": { "ConType": "Certain" }, "geometry": { "type": "LineString", "coordinates": [ [ -64.014040303874026, 88.078987761620766 ], [ -48.005691008361914, 88.473760170756208 ] ] } },
{ "type": "Feature", "properties": { "ConType": "Certain" }, "geometry": { "type": "LineString", "coordinates": [ [ -38.745209433200479, 2.184472219377392 ], [ -37.733854092480065, 1.97045096482527 ], [ -37.360366020034739, 0.950702633342288 ], [ -37.767426052232544, 0.270870411254382 ], [ -37.771622547613823, 1.345173179396253 ], [ -38.455651265083034, 0.849986747489264 ] ] } },
{ "type": "Feature", "properties": { "ConType": "Certain" }, "geometry": { "type": "LineString", "coordinates": [ [ -36.31703712472887, 2.269097798810601 ], [ -35.339281491354434, 4.620044940298827 ] ] } },
{ "type": "Feature", "properties": { "ConType": "Certain" }, "geometry": { "type": "LineString", "coordinates": [ [ -35.339281491354434, 4.620044940298827 ], [ -34.780854834565403, 6.218541245027637 ], [ -33.873411517283209, 6.441911908402814 ], [ -33.810588518724217, 5.394861926923379 ], [ -33.454591524691445, 6.078934580830378 ] ] } },
{ "type": "Feature", "properties": { "ConType": "Certain" }, "geometry": { "type": "LineString", "coordinates": [ [ -39.995163744641417, 7.82401788329611 ], [ -40.030065409041818, 6.309285574447405 ], [ -41.132958055540591, 5.499566923422428 ], [ -38.731723433326458, 6.504734906961804 ], [ -38.83468334891392, 5.55802721475581 ] ] } },
{ "type": "Feature", "properties": { "ConType": "Certain" }, "geometry": { "type": "LineString", "coordinates": [ [ -35.414669090944322, 12.990860524643006 ], [ -36.001017081891924, 9.919513912303334 ], [ -34.451383108642794, 9.012070595021157 ], [ -35.3797674265439, 8.06274527979892 ] ] } },
{ "type": "Feature", "properties": { "ConType": "Certain" }, "geometry": { "type": "LineString", "coordinates": [ [ -34.088405781070371, 10.184766573618571 ], [ -33.69750712263717, 11.922869542544639 ], [ -34.995849098352565, 11.95777121024285 ], [ -34.604950439919335, 12.488276532873309 ], [ -35.414669090944322, 12.990860524643006 ] ] } },
{ "type": "Feature", "properties": { "ConType": "Certain" }, "geometry": { "type": "LineString", "coordinates": [ [ -35.414669090944322, 12.990860524643006 ], [ -36.704523455745985, 13.610042288444641 ], [ -36.488133125910487, 15.843748915600756 ], [ -37.102402451016651, 16.241627907573605 ], [ -35.957627803280012, 17.526009219507486 ], [ -34.574193347218355, 17.220331671665733 ] ] } },
{ "type": "Feature", "properties": { "ConType": "Certain" }, "geometry": { "type": "LineString", "coordinates": [ [ -27.729144640638228, -0.876679988462903 ], [ -28.226493383077656, -1.248382733784337 ], [ -27.896672638994065, 0.369309487354051 ], [ -29.069368617591483, 0.395485737303263 ], [ -29.304954863836571, 1.175537973258111 ], [ -30.435768844493911, 0.348368486735137 ], [ -31.048293082092936, 1.829944212094966 ] ] } },
{ "type": "Feature", "properties": { "ConType": "Certain" }, "geometry": { "type": "LineString", "coordinates": [ [ -27.352206649284327, 0.510661235760676 ], [ -27.656301970910018, 1.428948925297235 ], [ -28.035857588577976, 0.709102064885133 ], [ -29.11344652723222, 1.760514753590177 ], [ -30.382994629982122, 1.607819964418312 ], [ -30.867255247446931, 2.986435774190675 ] ] } },
{ "type": "Feature", "properties": { "ConType": "Certain" }, "geometry": { "type": "LineString", "coordinates": [ [ -24.001254169472716, 2.476887855379741 ], [ -24.048371420040844, 4.419165571271424 ], [ -22.158446204047586, 4.612869816278657 ] ] } },
{ "type": "Feature", "properties": { "ConType": "Certain" }, "geometry": { "type": "LineString", "coordinates": [ [ -26.960040518772256, 8.653802793210321 ], [ -26.497593444031072, 9.543795278292285 ], [ -26.375437612034009, 7.746359475928144 ], [ -26.925138854371831, 8.453118214663423 ] ] } },
{ "type": "Feature", "properties": { "ConType": "Certain" }, "geometry": { "type": "LineString", "coordinates": [ [ -28.644045906888337, 9.988791520833258 ], [ -28.41718507839224, 12.999060215525507 ], [ -27.867483836054447, 11.559366491403505 ] ] } },
{ "type": "Feature", "properties": { "ConType": "Certain" }, "geometry": { "type": "LineString", "coordinates": [ [ -28.982228507312101, 12.959112350825331 ], [ -29.178550378633389, 13.325579843518685 ], [ -30.147071613562975, 11.397262794706284 ], [ -29.108747046534756, 11.925150494320501 ], [ -28.982228507312101, 12.959112350825331 ] ] } },
{ "type": "Feature", "properties": { "ConType": "Certain" }, "geometry": { "type": "LineString", "coordinates": [ [ -28.274066450691279, 14.674557064961308 ], [ -29.676372380122313, 12.990025877427367 ], [ -29.35196328738019, 14.728451907620199 ] ] } },
{ "type": "Feature", "properties": { "ConType": "Certain" }, "geometry": { "type": "LineString", "coordinates": [ [ -32.785482959305433, 15.946420858392418 ], [ -34.033217522629535, 14.698686298366102 ], [ -33.492241698040715, 13.869771730931559 ], [ -32.890187959102278, 14.855743794763573 ], [ -32.453917134310274, 14.925547126862194 ], [ -33.35263503384347, 13.215365492094689 ] ] } },
{ "type": "Feature", "properties": { "ConType": "Certain" }, "geometry": { "type": "LineString", "coordinates": [ [ -29.271687560392522, 16.534290066466589 ], [ -27.660801163713295, 16.843169809931236 ], [ -29.176805050387667, 16.190349490833693 ] ] } },
{ "type": "Feature", "properties": { "ConType": "Certain" }, "geometry": { "type": "LineString", "coordinates": [ [ -29.271687560392522, 16.534290066466589 ], [ -29.098924316004204, 17.455694050828033 ], [ -26.439417362716679, 17.591810546606574 ], [ -25.968244870226492, 15.424417086428166 ], [ -24.113919351657845, 15.968883076137905 ], [ -23.401925366890051, 14.843304344810848 ], [ -23.009281620949714, 15.382535085190323 ] ] } },
{ "type": "Feature", "properties": { "ConType": "Certain" }, "geometry": { "type": "LineString", "coordinates": [ [ -43.628504409802758, 24.954958215875468 ], [ -43.460976411446936, 25.876362196939137 ], [ -44.356204145859181, 26.18524194370157 ], [ -45.021080883356618, 25.399954455118657 ], [ -44.947787386137065, 26.085772193235023 ], [ -44.131088401572448, 26.630238186242561 ], [ -43.089273669423299, 26.096242695193382 ] ] } },
{ "type": "Feature", "properties": { "ConType": "Certain" }, "geometry": { "type": "LineString", "coordinates": [ [ -41.93751868814703, 27.21658617389236 ], [ -41.633874194012655, 26.002008197354904 ], [ -42.016047437994651, 25.541306203525281 ], [ -42.618101176933109, 26.536003685106294 ], [ -41.93751868814703, 27.21658617389236 ] ] } },
{ "type": "Feature", "properties": { "ConType": "Certain" }, "geometry": { "type": "LineString", "coordinates": [ [ -35.550465440701274, 29.316564989204497 ], [ -34.72591358049231, 29.037351660809982 ], [ -33.700677138438706, 29.905530603168341 ], [ -34.520866291422045, 30.983119545120381 ], [ -35.637719605000093, 29.966608520815761 ] ] } },
{ "type": "Feature", "properties": { "ConType": "Certain" }, "geometry": { "type": "LineString", "coordinates": [ [ -38.113547458778754, 30.976108568528868 ], [ -37.476592055439866, 30.723071490083562 ], [ -36.935616230851075, 30.723071490083562 ], [ -38.34040829057264, 30.155919415545526 ], [ -39.003539943860702, 31.368752311171416 ], [ -38.113547458778754, 30.976108568528868 ] ] } },
{ "type": "Feature", "properties": { "ConType": "Certain" }, "geometry": { "type": "LineString", "coordinates": [ [ -38.72432661546619, 34.972349330350916 ], [ -37.991391630079477, 34.536078505558919 ], [ -38.061194962178114, 32.476880207000477 ], [ -38.558543701319735, 32.948052699490674 ], [ -38.72432661546619, 34.972349330350916 ] ] } },
{ "type": "Feature", "properties": { "ConType": "Certain" }, "geometry": { "type": "LineString", "coordinates": [ [ -35.590438322425911, 35.253679670853316 ], [ -34.690907269936488, 35.040760502756626 ], [ -36.616199221103216, 34.000459894446976 ], [ -36.692255734262737, 34.620763138473926 ], [ -35.590438322425911, 35.253679670853316 ] ] } },
{ "type": "Feature", "properties": { "ConType": "Certain" }, "geometry": { "type": "LineString", "coordinates": [ [ -40.948494382438525, 36.19223273316053 ], [ -42.566075184490543, 35.281672791274609 ], [ -44.209473545916751, 35.444320342782376 ], [ -45.825177362107915, 37.179274929400279 ] ] } },
{ "type": "Feature", "properties": { "ConType": "Certain" }, "geometry": { "type": "LineString", "coordinates": [ [ -39.199590575365654, 36.26280013979828 ], [ -37.830506789461275, 36.089782889836947 ], [ -37.699731540534884, 36.67292470143299 ], [ -39.145071164519713, 36.953205497622044 ], [ -38.588623484300243, 37.816911448107703 ], [ -37.242950670141049, 37.612947123140692 ], [ -37.807605913064485, 38.654158406141107 ] ] } },
{ "type": "Feature", "properties": { "ConType": "Certain" }, "geometry": { "type": "LineString", "coordinates": [ [ -34.623295174001143, 39.934532291510955 ], [ -36.716574812040335, 39.333826338995465 ], [ -36.610242663550864, 39.876467556731598 ], [ -37.126787322399828, 40.146457517784178 ], [ -37.807605913064485, 38.654158406141107 ] ] } },
{ "type": "Feature", "properties": { "ConType": "Certain" }, "geometry": { "type": "LineString", "coordinates": [ [ -33.107438909536597, 40.290673616560568 ], [ -36.042299690261039, 40.831693483116432 ], [ -33.276658350272065, 40.150523015108043 ] ] } },
{ "type": "Feature", "properties": { "ConType": "Certain" }, "geometry": { "type": "LineString", "coordinates": [ [ -37.664838255815368, 39.974759241466622 ], [ -37.287746373155393, 42.050858258211917 ], [ -38.525177579639653, 41.17724187910288 ], [ -37.884938393387372, 39.837940234266938 ] ] } },
{ "type": "Feature", "properties": { "ConType": "Certain" }, "geometry": { "type": "LineString", "coordinates": [ [ -39.559564435355313, 40.319298754873401 ], [ -40.149136532433396, 41.844492826540602 ], [ -39.015373797804308, 42.421434950523953 ], [ -39.067756225134467, 40.333839110534399 ] ] } },
{ "type": "Feature", "properties": { "ConType": "Certain" }, "geometry": { "type": "LineString", "coordinates": [ [ -32.876465966176688, 22.04757046792437 ], [ -35.240408386698675, 21.814314762302637 ], [ -34.597032399971852, 23.068241883420445 ], [ -35.940250185284974, 24.966333410079788 ], [ -31.459627074726761, 26.238230016507689 ], [ -31.155564486950944, 30.33380828087698 ], [ -30.385361287986495, 31.277256804863843 ], [ -30.851729463078946, 32.695638042372039 ], [ -28.234415680470235, 33.252713667714119 ], [ -25.158574878072631, 32.281711822992136 ], [ -21.928433563543148, 32.980957239590751 ], [ -20.860047793275523, 32.427396885434369 ], [ -19.773039423852421, 33.664189735677347 ], [ -19.943952971580735, 34.973698851410667 ], [ -17.448646623778892, 36.511190683542459 ], [ -16.697497176854316, 38.829893040522272 ], [ -19.110833166327286, 42.558439280253012 ], [ -23.308296115495107, 42.683039706892906 ], [ -25.31946835230146, 40.976200427062501 ], [ -22.744465326322693, 39.016637398279336 ], [ -22.879069967396553, 37.903271024584924 ], [ -25.223567828140251, 37.623161350647457 ], [ -25.534467477029057, 38.586147969591273 ], [ -29.035163980389697, 40.001457946875995 ], [ -30.084577051666187, 38.738041920476455 ], [ -31.701528394910614, 39.437787255447802 ], [ -33.938979802851591, 38.691148480928696 ], [ -37.243915144699137, 36.329485033509414 ], [ -36.141777246593264, 38.818474282530261 ], [ -34.623295174001143, 39.934532291510955 ] ] } },
{ "type": "Feature", "properties": { "ConType": "Certain" }, "geometry": { "type": "LineString", "coordinates": [ [ -41.863017893597593, 41.077828748369178 ], [ -41.121357490461904, 41.943545657378458 ], [ -42.40835642541203, 42.933565845783875 ], [ -45.331370955805426, 42.323692433336937 ], [ -45.025981377461704, 40.913188785100999 ], [ -43.488126719327965, 40.433409829395174 ] ] } },
{ "type": "Feature", "properties": { "ConType": "Certain" }, "geometry": { "type": "LineString", "coordinates": [ [ -36.270013689651456, 44.980609817896038 ], [ -35.915917646509456, 42.430242377680393 ], [ -33.278660503700067, 41.053359064458228 ], [ -33.107438909536597, 40.290673616560568 ] ] } },
{ "type": "Feature", "properties": { "ConType": "Certain" }, "geometry": { "type": "LineString", "coordinates": [ [ -34.429808602829659, 39.900629006233444 ], [ -32.932077934393, 39.678044324607221 ], [ -31.449891527833994, 42.336622096270489 ], [ -26.22264588436563, 41.525414431024835 ], [ -26.040065406860389, 42.261173138025491 ], [ -25.072358491577344, 42.271316812642503 ], [ -25.741412468668308, 43.373993467177705 ], [ -24.091011180552627, 43.917601507497423 ], [ -24.518902202438738, 45.556935120197785 ], [ -21.064195208169028, 45.812054864282509 ], [ -20.72873955575211, 44.667507265994686 ], [ -18.907258814758141, 44.118374160085025 ], [ -16.726208413832474, 41.35325813144118 ], [ -16.588131198042209, 39.588270293640242 ], [ -12.521389882353347, 38.016713841815978 ], [ -14.35650273174622, 36.399469473563578 ], [ -14.784587221699621, 36.907717859194669 ], [ -16.008586225135627, 36.375652804564332 ], [ -16.795298242980522, 33.694348299530212 ], [ -16.259501697653469, 33.121623150195504 ] ] } },
{ "type": "Feature", "properties": { "ConType": "Certain" }, "geometry": { "type": "LineString", "coordinates": [ [ -15.86074664813329, 2.181510531478662 ], [ -15.232516659245617, 2.920989582650464 ], [ -14.800608541679264, 2.842460832802828 ], [ -15.134355721936108, 1.677617729849753 ], [ -15.86074664813329, 2.181510531478662 ] ] } },
{ "type": "Feature", "properties": { "ConType": "Certain" }, "geometry": { "type": "LineString", "coordinates": [ [ -16.927428817074627, 1.564405451127874 ], [ -17.352792872153699, 2.703072304131738 ], [ -16.940516942049218, 2.055210127782178 ], [ -16.95360506702384, 2.79468917895398 ], [ -15.985083832094256, 3.071503016560626 ], [ -16.78345944235398, 1.657985542387836 ] ] } },
{ "type": "Feature", "properties": { "ConType": "Certain" }, "geometry": { "type": "LineString", "coordinates": [ [ -20.295017822631046, 1.347169532014067 ], [ -19.813054243555001, 2.568504730201982 ], [ -20.436048983112379, 2.914031222276407 ], [ -19.101060258787211, 3.424468089690411 ], [ -20.111463488359085, 3.319763089893563 ], [ -20.420343235121514, 4.82751506520262 ], [ -21.648157506276359, 4.842430587190583 ] ] } },
{ "type": "Feature", "properties": { "ConType": "Certain" }, "geometry": { "type": "LineString", "coordinates": [ [ -18.04170785706787, 3.34752857385967 ], [ -19.114934088496518, 4.028111062645737 ], [ -17.921297109280193, 5.829037030130809 ] ] } },
{ "type": "Feature", "properties": { "ConType": "Certain" }, "geometry": { "type": "LineString", "coordinates": [ [ -17.921297109280193, 5.829037030130809 ], [ -15.931902146118166, 5.268865289132423 ], [ -16.266958139532026, 5.954683027248772 ], [ -15.02620390974754, 6.5619720188153 ], [ -13.722626684701881, 5.012338045566183 ], [ -14.853440662061436, 4.546400802406281 ], [ -15.460729653627981, 3.138118577563773 ], [ -16.769542131301691, 3.415586821748942 ] ] } },
{ "type": "Feature", "properties": { "ConType": "Certain" }, "geometry": { "type": "LineString", "coordinates": [ [ -18.847257944981187, 13.791019114001145 ], [ -18.600218960330121, 13.080206591687167 ], [ -17.718951889699387, 13.548761457863328 ], [ -17.666599393098746, 11.954627860360112 ], [ -16.61954941161931, 11.544533285517332 ], [ -16.139651501380126, 7.694006976029719 ], [ -19.254625195869224, 5.722062845067909 ], [ -22.046758479814375, 5.381771602323767 ], [ -21.784995986917853, 6.882543240795393 ], [ -23.137435546740992, 7.135580319240699 ], [ -23.818018032229304, 6.481174080403829 ], [ -23.70458761798124, 7.126854904789483 ], [ -24.699285099562257, 6.987248240592224 ], [ -24.167034692722428, 7.807437390277768 ] ] } },
{ "type": "Feature", "properties": { "ConType": "Certain" }, "geometry": { "type": "LineString", "coordinates": [ [ -19.721544682072302, 14.733364098981518 ], [ -17.501798718697668, 15.094596342344587 ], [ -17.622209466485376, 14.026605360246238 ], [ -18.156204957534555, 14.434954854177436 ], [ -18.847257944981187, 13.791019114001145 ] ] } },
{ "type": "Feature", "properties": { "ConType": "Certain" }, "geometry": { "type": "LineString", "coordinates": [ [ -12.264984159000035, 18.530261499484698 ], [ -11.762400167230341, 19.360921151128604 ], [ -11.057386512704412, 19.563350813884838 ], [ -11.350560508178194, 18.641946829523381 ], [ -12.264984159000035, 18.530261499484698 ] ] } },
{ "type": "Feature", "properties": { "ConType": "Certain" }, "geometry": { "type": "LineString", "coordinates": [ [ -21.199540225873005, 20.935744260449944 ], [ -20.20833290941291, 21.194016588225537 ], [ -19.789512916821145, 20.370337270121276 ], [ -20.710916901182607, 19.846812281030449 ], [ -21.199540225873005, 20.935744260449944 ] ] } },
{ "type": "Feature", "properties": { "ConType": "Certain" }, "geometry": { "type": "LineString", "coordinates": [ [ -5.513590716771505, 4.173329471509065 ], [ -5.342572553294751, 5.054596538842031 ], [ -4.288542238275697, 4.35656321785575 ], [ -4.040740409160658, 4.977812876501543 ], [ -3.449157168882793, 3.801626729485429 ] ] } },
{ "type": "Feature", "properties": { "ConType": "Certain" }, "geometry": { "type": "LineString", "coordinates": [ [ -6.55835511967764, 9.069306100851605 ], [ -7.391184010507843, 8.833719854606512 ], [ -7.323125762618587, 7.716430269976117 ], [ -8.495821741215972, 7.856036934173375 ], [ -7.933904919306017, 8.519168590759229 ], [ -9.511460223415927, 7.863017267713007 ], [ -8.492331576095054, 7.510510442098934 ], [ -8.706976821721232, 5.843955886183056 ], [ -10.291512459370759, 6.772340204084163 ], [ -8.933837650217328, 3.671327176674362 ], [ -6.984695940173001, 4.558992883909781 ], [ -7.277869935646785, 3.669000398827818 ], [ -8.740249741299282, 3.162926241937205 ], [ -8.26733216789753, 1.635978350218584 ], [ -7.667023513168417, 1.91170151349217 ] ] } },
{ "type": "Feature", "properties": { "ConType": "Certain" }, "geometry": { "type": "LineString", "coordinates": [ [ -4.871719992469899, 10.685689508832979 ], [ -5.355980609934705, 10.652969199694256 ], [ -5.66355154024234, 10.332310141114219 ], [ -5.323260297498183, 9.121658600750028 ] ] } },
{ "type": "Feature", "properties": { "ConType": "Certain" }, "geometry": { "type": "LineString", "coordinates": [ [ -2.614853790590783, 8.952223675910444 ], [ -3.341244716787994, 11.124852385419151 ], [ -4.342486260856286, 10.719120517801981 ], [ -3.923666268264524, 10.084346466427013 ] ] } },
{ "type": "Feature", "properties": { "ConType": "Certain" }, "geometry": { "type": "LineString", "coordinates": [ [ -2.614853790590783, 8.952223675910444 ], [ -1.230004546934773, 10.943090448729901 ], [ -1.895007006027829, 13.289599122894524 ] ] } },
{ "type": "Feature", "properties": { "ConType": "Certain" }, "geometry": { "type": "LineString", "coordinates": [ [ -6.535656922071768, 15.477688257898505 ], [ -4.66187372512168, 12.99552539504886 ] ] } },
{ "type": "Feature", "properties": { "ConType": "Certain" }, "geometry": { "type": "LineString", "coordinates": [ [ -8.879740069407337, 15.718509753473882 ], [ -8.204713886162814, 15.158140257283002 ], [ -8.885296374948881, 12.213312184165998 ], [ -9.650951672772111, 12.141327496805673 ], [ -9.664039797746701, 11.369128136495149 ], [ -10.233373227546425, 11.859932813149452 ], [ -12.235856315683069, 11.015748765478618 ] ] } },
{ "type": "Feature", "properties": { "ConType": "Certain" }, "geometry": { "type": "LineString", "coordinates": [ [ -6.348758501523659, 17.833027193107977 ], [ -5.234784592720433, 16.829811843402659 ], [ -6.504332695470341, 16.463344350709306 ], [ -6.535656922071768, 15.477688257898505 ] ] } },
{ "type": "Feature", "properties": { "ConType": "Certain" }, "geometry": { "type": "LineString", "coordinates": [ [ -0.48379530278806, 21.311840168074895 ], [ 1.067147483618054, 22.620652645748635 ], [ 0.196787185998007, 20.094644565223398 ], [ -0.941879670303655, 20.578905182688185 ], [ -2.767673074580912, 19.407518017247799 ], [ -2.846201824428548, 17.627533047083872 ], [ -3.696929931288879, 18.491349282216643 ], [ -4.835596787590572, 17.136728367131788 ], [ -5.216635707709307, 18.454974881480187 ] ] } },
{ "type": "Feature", "properties": { "ConType": "Certain" }, "geometry": { "type": "LineString", "coordinates": [ [ -3.688815277183795, 22.919596000397885 ], [ -3.381680614630715, 23.017320666655085 ], [ -2.823253957841678, 22.724146671181284 ], [ -3.584110277386948, 21.921408353695956 ], [ -4.212340266274591, 22.333248012748083 ], [ -3.723716941584192, 20.717300875819049 ] ] } },
{ "type": "Feature", "properties": { "ConType": "Certain" }, "geometry": { "type": "LineString", "coordinates": [ [ -0.59652766422521, 24.420367642167292 ], [ -2.236905970191863, 24.287741311509681 ], [ -2.111259969776101, 23.324455329208163 ], [ -3.786539940143181, 23.910803316857965 ], [ -3.688815277183795, 22.919596000397885 ] ] } },
{ "type": "Feature", "properties": { "ConType": "Certain" }, "geometry": { "type": "LineString", "coordinates": [ [ -20.404014917403501, 26.659239391178659 ], [ -21.66701895766613, 26.659239391178659 ], [ -21.830620516550898, 25.127928792234432 ], [ -20.031003358925073, 25.160649104670952 ], [ -20.404014917403501, 26.659239391178659 ] ] } },
{ "type": "Feature", "properties": { "ConType": "Certain" }, "geometry": { "type": "LineString", "coordinates": [ [ -3.688815277183795, 22.919596000397885 ], [ -5.00458152141203, 22.50493405426986 ], [ -8.087126754459828, 23.875422701424878 ], [ -9.423880296961446, 25.380851767193427 ], [ -9.634185576912341, 27.223728600338347 ] ] } },
{ "type": "Feature", "properties": { "ConType": "Certain" }, "geometry": { "type": "LineString", "coordinates": [ [ -14.266556942054459, 26.971173032009684 ], [ -13.69067945306524, 28.061850095638533 ], [ -12.818137800183475, 28.009497595740125 ], [ -11.692559068856403, 26.56980387161812 ], [ -13.167154460676629, 25.583831804488323 ], [ -14.266556942054459, 26.971173032009684 ] ] } },
{ "type": "Feature", "properties": { "ConType": "Certain" }, "geometry": { "type": "LineString", "coordinates": [ [ -0.473703436430302, 29.592090219205016 ], [ -1.951979862781294, 30.046575350538792 ], [ -2.69538535012635, 28.444588880689054 ], [ -2.669209100177138, 27.282363400752217 ], [ -1.59598286874849, 26.626648348758337 ] ] } },
{ "type": "Feature", "properties": { "ConType": "Certain" }, "geometry": { "type": "LineString", "coordinates": [ [ -4.104360235895379, 30.829609117186497 ], [ -2.70131326038314, 29.901224799285405 ], [ -3.538953245566695, 28.71456815360871 ], [ -5.402702211610742, 29.789539469246705 ], [ -4.104360235895379, 30.829609117186497 ] ] } },
{ "type": "Feature", "properties": { "ConType": "Certain" }, "geometry": { "type": "LineString", "coordinates": [ [ -6.07212154080972, 28.45505937934962 ], [ -5.88365254183497, 30.93656783562076 ], [ -0.894459382641292, 31.109331083306877 ] ] } },
{ "type": "Feature", "properties": { "ConType": "Certain" }, "geometry": { "type": "LineString", "coordinates": [ [ -15.790903056631182, 33.076476470133734 ], [ -15.118506163979035, 34.752389187203661 ], [ -11.0993400363819, 34.223148609380871 ], [ -11.292370025420912, 32.63194667341098 ], [ -15.282441198547, 32.376187395774451 ], [ -17.14941112133344, 30.75136106191519 ], [ -17.421433034631995, 26.712759324738101 ], [ -18.68776658164726, 24.473609793097769 ], [ -19.483825096367827, 24.452912436399998 ], [ -19.045888149617248, 25.922508489496764 ], [ -19.635973606854531, 27.504438491591692 ], [ -18.635338918550577, 28.489483078756152 ], [ -19.357939524799875, 29.585799219123171 ], [ -21.470843584008787, 28.880277348988326 ], [ -22.635226757573957, 27.716133034253037 ], [ -22.557228206394207, 26.360103053237054 ], [ -23.9433990256492, 25.803632987628426 ], [ -23.757698111296556, 25.023378102562791 ], [ -20.426112030375119, 23.913099682497858 ], [ -19.828761716289304, 22.996114174265387 ], [ -19.204778744904608, 20.416956666732347 ], [ -19.970804226096178, 16.674134458352214 ], [ -22.119733430439801, 16.480293140760903 ], [ -22.795242419831904, 19.769606290687925 ], [ -25.648091854012659, 21.905307824131413 ], [ -28.423755909029804, 22.626821960728126 ] ] } },
{ "type": "Feature", "properties": { "ConType": "Certain" }, "geometry": { "type": "LineString", "coordinates": [ [ -5.094749394082931, 36.073498478876665 ], [ -5.836409797218637, 34.145181430064255 ], [ -4.928966479936475, 33.455873526826977 ], [ -4.614851487141529, 35.846637650380551 ], [ -5.094749394082931, 36.073498478876665 ] ] } },
{ "type": "Feature", "properties": { "ConType": "Certain" }, "geometry": { "type": "LineString", "coordinates": [ [ -0.265176970470791, 32.033716595063403 ], [ -1.696145280141562, 33.93934756234529 ], [ -0.711918297221115, 36.026467191764517 ], [ 0.495679349074479, 36.3336018543176 ] ] } },
{ "type": "Feature", "properties": { "ConType": "Certain" }, "geometry": { "type": "LineString", "coordinates": [ [ -21.089178248941362, 40.802267015146398 ], [ -20.33661107279497, 41.221087007738177 ], [ -19.518603275073318, 40.239477651131772 ], [ -21.154618870516593, 39.729040783717771 ], [ -21.089178248941362, 40.802267015146398 ] ] } },
{ "type": "Feature", "properties": { "ConType": "Certain" }, "geometry": { "type": "LineString", "coordinates": [ [ -38.939996233385195, 44.980604264419988 ], [ -38.768075732283563, 46.551383117473996 ], [ -40.64076083157839, 47.248693711594896 ], [ -42.609576063567204, 45.913537631092773 ], [ -41.750196547930088, 44.980594262227108 ] ] } },
{ "type": "Feature", "properties": { "ConType": "Certain" }, "geometry": { "type": "LineString", "coordinates": [ [ -45.593874362871581, 47.556662361805877 ], [ -44.169122961865675, 48.265605202860783 ], [ -43.564721645927847, 47.731195202866381 ], [ -43.859523024237298, 49.520931869193937 ], [ -42.533962219188908, 49.878799804241048 ] ] } },
{ "type": "Feature", "properties": { "ConType": "Certain" }, "geometry": { "type": "LineString", "coordinates": [ [ -32.656828808447067, 47.84736043034713 ], [ -33.173967385835645, 49.720840659456535 ], [ -35.194135396399986, 50.447470220233967 ], [ -36.65745362408046, 48.743795613787526 ], [ -35.104768404887025, 47.374594878405254 ] ] } },
{ "type": "Feature", "properties": { "ConType": "Approx" }, "geometry": { "type": "LineString", "coordinates": [ [ -37.652704072261962, 53.166550052993337 ], [ -39.743706900547835, 53.653933386077455 ], [ -38.333787198338719, 52.757114495037577 ], [ -39.635173148374506, 52.886254337608555 ], [ -38.342012559207852, 51.765308145167729 ], [ -39.479866144559729, 51.374982269746845 ] ] } },
{ "type": "Feature", "properties": { "ConType": "Certain" }, "geometry": { "type": "LineString", "coordinates": [ [ -45.499442960670066, 53.201066542278326 ], [ -45.856348492170348, 52.261489031829164 ], [ -44.223193032522971, 51.008714626341757 ], [ -41.123092803323551, 52.444622746353559 ], [ -41.348227193307153, 53.561495935703654 ], [ -43.037943879732239, 54.436601952315407 ], [ -45.039672318409622, 54.166993937843195 ], [ -45.499442960670066, 53.201066542278326 ] ] } },
{ "type": "Feature", "properties": { "ConType": "Certain" }, "geometry": { "type": "LineString", "coordinates": [ [ -35.717307109884736, 53.902081525869015 ], [ -37.081900702650955, 55.095664418054177 ], [ -37.996758269904035, 54.426784356441743 ], [ -36.022721764613117, 53.836071567470555 ] ] } },
{ "type": "Feature", "properties": { "ConType": "Certain" }, "geometry": { "type": "LineString", "coordinates": [ [ -37.529634508780376, 63.128831178743106 ], [ -38.509736192278076, 62.8043151782894 ], [ -37.337451029102631, 60.993433912469008 ], [ -36.417794002094467, 62.002195624883157 ], [ -37.529634508780376, 63.128831178743106 ] ] } },
{ "type": "Feature", "properties": { "ConType": "Certain" }, "geometry": { "type": "LineString", "coordinates": [ [ -41.887833657339883, 64.749611769032327 ], [ -45.761284989632564, 64.132738698004417 ], [ -43.837890299263819, 65.157892299607852 ] ] } },
{ "type": "Feature", "properties": { "ConType": "Certain" }, "geometry": { "type": "LineString", "coordinates": [ [ -43.837890299263819, 65.157892299607852 ], [ -37.771839588274183, 64.599512702262444 ] ] } },
{ "type": "Feature", "properties": { "ConType": "Certain" }, "geometry": { "type": "LineString", "coordinates": [ [ -32.656828808447067, 47.84736043034713 ], [ -28.683761594078412, 47.707063288359429 ], [ -25.695341481113857, 45.98983591171276 ], [ -24.357181243791143, 47.174325742077777 ], [ -24.32518705494229, 49.122805130850914 ], [ -22.195081545606516, 49.847291125726464 ] ] } },
{ "type": "Feature", "properties": { "ConType": "Certain" }, "geometry": { "type": "LineString", "coordinates": [ [ -23.449816163246233, 53.197684439094935 ], [ -25.686100553047538, 51.436365107525802 ], [ -27.749530864170701, 52.320017148781126 ], [ -25.542457781418605, 52.598681543770603 ] ] } },
{ "type": "Feature", "properties": { "ConType": "Certain" }, "geometry": { "type": "LineString", "coordinates": [ [ -24.417013744969999, 53.956933940814416 ], [ -25.038630315577862, 54.513931111765174 ], [ -21.469276877185987, 54.375949169088145 ], [ -23.266856153141884, 53.42969976067355 ] ] } },
{ "type": "Feature", "properties": { "ConType": "Certain" }, "geometry": { "type": "LineString", "coordinates": [ [ -31.078555288846616, 54.115533291899645 ], [ -30.483528266844779, 55.162485223527753 ], [ -29.067540927074948, 54.504360447707903 ], [ -30.558205493085445, 53.75495541224381 ] ] } },
{ "type": "Feature", "properties": { "ConType": "Certain" }, "geometry": { "type": "LineString", "coordinates": [ [ -24.747618060119041, 55.507580810051934 ], [ -25.82084429154769, 55.52240155689271 ], [ -25.984445850432458, 55.067853012381491 ], [ -26.298560846525184, 55.224924847563905 ], [ -26.069518662767372, 55.022861714226224 ], [ -25.572169920327976, 55.06035796988715 ], [ -24.381150567425671, 55.526105870513341 ], [ -24.747618060119041, 55.507580810051934 ] ] } },
{ "type": "Feature", "properties": { "ConType": "Certain" }, "geometry": { "type": "LineString", "coordinates": [ [ -25.795228273227309, 54.013620361541555 ], [ -28.704453100499169, 54.484908283229068 ], [ -27.639532972996275, 55.074112103060628 ], [ -28.795739975507392, 55.683063668165197 ], [ -31.178832512750542, 55.404114786142479 ], [ -30.90171143666695, 56.359135243807231 ], [ -32.02581075363603, 55.481283438922233 ] ] } },
{ "type": "Feature", "properties": { "ConType": "Certain" }, "geometry": { "type": "LineString", "coordinates": [ [ -34.765488475192768, 58.885800501053424 ], [ -32.310375232141936, 56.757967929867171 ], [ -33.808429126734758, 57.470825417500997 ], [ -34.65737627604112, 56.401671513116462 ] ] } },
{ "type": "Feature", "properties": { "ConType": "Certain" }, "geometry": { "type": "LineString", "coordinates": [ [ -39.367637612672631, 59.522521537150517 ], [ -35.126048052121725, 60.615077324574848 ], [ -31.504782371910196, 60.537769524901996 ], [ -30.189003289390861, 61.754645212577088 ], [ -28.720255790284327, 60.582907205298596 ], [ -27.040622986270783, 60.915395312944199 ] ] } },
{ "type": "Feature", "properties": { "ConType": "Certain" }, "geometry": { "type": "LineString", "coordinates": [ [ -23.65874912122683, 61.984359416402398 ], [ -22.667902411356966, 61.064531244058145 ], [ -21.823718363686098, 61.706978899990176 ], [ -22.707995385352074, 62.179236143985044 ], [ -23.65874912122683, 61.984359416402398 ] ] } },
{ "type": "Feature", "properties": { "ConType": "Certain" }, "geometry": { "type": "LineString", "coordinates": [ [ -27.040622986270783, 60.915395312944199 ], [ -26.332673656802765, 61.369676014361339 ], [ -29.10551245343645, 61.817600317250452 ], [ -28.012765364591992, 62.369466824939309 ], [ -28.804596912364403, 62.381604082031679 ], [ -28.457761603835184, 62.937608674669725 ], [ -27.01658162574158, 62.472158053198825 ], [ -27.040419835896088, 63.081030365847255 ], [ -24.832351045229881, 63.730513959332832 ], [ -25.66650571633954, 63.097201870418488 ], [ -25.392361369368601, 61.809712534513594 ], [ -24.416353171526772, 61.588075228411441 ], [ -23.841173577054604, 62.361667099754207 ] ] } },
{ "type": "Feature", "properties": { "ConType": "Certain" }, "geometry": { "type": "LineString", "coordinates": [ [ -22.125790369974215, 65.05463692854218 ], [ -24.731574681231308, 65.492542097801604 ], [ -24.095307107558618, 65.12030144358252 ], [ -24.443709512049747, 64.540768959401461 ], [ -22.519065302763376, 64.724772924067466 ] ] } },
{ "type": "Feature", "properties": { "ConType": "Certain" }, "geometry": { "type": "LineString", "coordinates": [ [ -25.52787683657526, 66.498700595238006 ], [ -25.201904097358163, 65.545058745128685 ], [ -24.305640237334444, 66.517681449660401 ], [ -23.094147797147386, 65.857032625576466 ], [ -20.901454144567111, 66.605612732407991 ] ] } },
{ "type": "Feature", "properties": { "ConType": "Approx" }, "geometry": { "type": "LineString", "coordinates": [ [ -29.185035618465044, 68.535861632390564 ], [ -29.197899289350474, 67.260608975309381 ], [ -30.937842994844885, 67.269179700389728 ], [ -34.060433822558679, 65.119222677564181 ], [ -33.044549477025839, 63.949887162061223 ], [ -35.001155814060056, 64.891138178217702 ], [ -37.771839588274183, 64.599512702262444 ] ] } },
{ "type": "Feature", "properties": { "ConType": "Certain" }, "geometry": { "type": "LineString", "coordinates": [ [ -25.52787683657526, 66.498700595238006 ], [ -28.098707045295065, 68.010420845764585 ], [ -27.967151143846142, 68.664425723939473 ], [ -29.185035618465044, 68.535861632390564 ] ] } },
{ "type": "Feature", "properties": { "ConType": "Certain" }, "geometry": { "type": "LineString", "coordinates": [ [ -22.090823966685345, 67.709509232358783 ], [ -26.199552252223899, 69.023575440170248 ] ] } },
{ "type": "Feature", "properties": { "ConType": "Certain" }, "geometry": { "type": "LineString", "coordinates": [ [ -40.432235424209011, 71.508596773432558 ], [ -38.037921735765849, 69.526904550790064 ], [ -29.688832259875532, 68.796765786757973 ] ] } },
{ "type": "Feature", "properties": { "ConType": "Certain" }, "geometry": { "type": "LineString", "coordinates": [ [ -44.294037166497347, 71.444740313875286 ], [ -42.49926154181383, 71.528797331465611 ], [ -40.748010283057518, 72.65893406506045 ], [ -46.285538133748844, 73.587681265025907 ], [ -48.669277970836042, 73.032551552624653 ], [ -48.291853806292359, 72.09364957109014 ] ] } },
{ "type": "Feature", "properties": { "ConType": "Certain" }, "geometry": { "type": "LineString", "coordinates": [ [ -40.105574792667753, 74.505193153087021 ], [ -42.588378620309477, 73.989256134876115 ], [ -39.32892189743739, 73.19266695649948 ] ] } },
{ "type": "Feature", "properties": { "ConType": "Certain" }, "geometry": { "type": "LineString", "coordinates": [ [ -26.199552252223899, 69.023575440170248 ], [ -25.149112836576982, 69.454135032609031 ], [ -23.869400190803663, 72.296344300202435 ], [ -24.85703462371082, 74.402956142445504 ], [ -26.451648893692393, 74.694637641233854 ] ] } },
{ "type": "Feature", "properties": { "ConType": "Certain" }, "geometry": { "type": "LineString", "coordinates": [ [ -31.514419420452398, 74.984363023723347 ], [ -25.530798281559417, 75.481525711524299 ] ] } },
{ "type": "Feature", "properties": { "ConType": "Certain" }, "geometry": { "type": "LineString", "coordinates": [ [ -32.416776762806244, 75.122355430283648 ], [ -36.047669001294388, 74.682677791978165 ], [ -37.412095785316552, 75.716979845059427 ], [ -35.418337649940732, 76.04876378909178 ] ] } },
{ "type": "Feature", "properties": { "ConType": "Certain" }, "geometry": { "type": "LineString", "coordinates": [ [ -46.940580156551874, 76.963767006477127 ], [ -38.765048665725431, 74.633042040026382 ] ] } },
{ "type": "Feature", "properties": { "ConType": "Certain" }, "geometry": { "type": "LineString", "coordinates": [ [ -25.530798281559417, 75.481525711524299 ], [ -22.538131889796571, 74.621023674809408 ], [ -23.649582416489014, 72.785983060178467 ], [ -22.051320884629945, 71.502731742111393 ], [ -22.675847153498921, 72.837653607070052 ], [ -21.265484192223354, 74.510882718968958 ], [ -21.154854866865939, 75.996875736551701 ], [ -24.284470406460848, 77.186490564577809 ], [ -24.92404793429742, 77.069742901457431 ], [ -23.906692989395591, 75.948429520040278 ], [ -26.467937621457995, 76.224305370927027 ] ] } },
{ "type": "Feature", "properties": { "ConType": "Certain" }, "geometry": { "type": "LineString", "coordinates": [ [ -35.567225560968012, 76.327530240745745 ], [ -31.398601239055047, 75.768464917723307 ], [ -30.549816245312982, 76.558489194886334 ], [ -33.255429953970342, 77.421933469142644 ] ] } },
{ "type": "Feature", "properties": { "ConType": "Certain" }, "geometry": { "type": "LineString", "coordinates": [ [ -35.567225560968012, 76.327530240745745 ], [ -38.431237188483799, 75.373414656705322 ], [ -42.75373902837331, 76.408372712494781 ], [ -42.060117693468008, 77.353303292368324 ], [ -46.940580156551874, 76.963767006477127 ] ] } },
{ "type": "Feature", "properties": { "ConType": "Certain" }, "geometry": { "type": "LineString", "coordinates": [ [ -27.31998047749488, 76.977496294111134 ], [ -26.814481250476987, 77.155937661054907 ], [ -31.581789436345286, 78.031114286618831 ] ] } },
{ "type": "Feature", "properties": { "ConType": "Certain" }, "geometry": { "type": "LineString", "coordinates": [ [ -33.255429953970342, 77.421933469142644 ], [ -38.844060370121099, 78.219263482542004 ] ] } },
{ "type": "Feature", "properties": { "ConType": "Certain" }, "geometry": { "type": "LineString", "coordinates": [ [ -22.308905643264641, 79.488354412855301 ], [ -21.3559643753701, 78.540340410513863 ], [ -26.936331947986247, 79.04740009504512 ], [ -31.581789436345286, 78.031114286618831 ] ] } },
{ "type": "Feature", "properties": { "ConType": "Certain" }, "geometry": { "type": "LineString", "coordinates": [ [ -31.581789436345286, 78.031114286618831 ], [ -31.920825415424044, 78.931734400095834 ], [ -30.528590523517831, 79.328609894777827 ], [ -22.308905643264641, 79.488354412855301 ] ] } },
{ "type": "Feature", "properties": { "ConType": "Certain" }, "geometry": { "type": "LineString", "coordinates": [ [ -41.367862108040249, 79.690428448682169 ], [ -35.228103519499598, 79.608783812935428 ] ] } },
{ "type": "Feature", "properties": { "ConType": "Certain" }, "geometry": { "type": "LineString", "coordinates": [ [ -41.367862108040249, 79.690428448682169 ], [ -36.661898357202446, 80.473394947037576 ] ] } },
{ "type": "Feature", "properties": { "ConType": "Certain" }, "geometry": { "type": "LineString", "coordinates": [ [ -40.250525750873848, 81.447089304257588 ], [ -45.030105077456959, 80.156662832490241 ] ] } },
{ "type": "Feature", "properties": { "ConType": "Certain" }, "geometry": { "type": "LineString", "coordinates": [ [ -22.727817396824822, 80.205053428498772 ], [ -21.638205878379754, 81.372933603500698 ], [ -25.012216730377123, 81.319239484044033 ] ] } },
{ "type": "Feature", "properties": { "ConType": "Certain" }, "geometry": { "type": "LineString", "coordinates": [ [ -31.757214355610241, 80.305996815597666 ], [ -34.574385143306806, 80.887810340594854 ], [ -29.713016480607845, 81.78245601531539 ], [ -26.117891134129657, 81.295956374159246 ], [ -26.480496969111638, 80.508083376425688 ], [ -31.757214355610241, 80.305996815597666 ] ] } },
{ "type": "Feature", "properties": { "ConType": "Certain" }, "geometry": { "type": "LineString", "coordinates": [ [ -29.459577170884327, 82.065145954919586 ], [ -25.012216730377123, 81.319239484044033 ] ] } },
{ "type": "Feature", "properties": { "ConType": "Certain" }, "geometry": { "type": "LineString", "coordinates": [ [ -36.909166435931262, 81.488781244043821 ], [ -37.321919094358869, 81.806353717576641 ], [ -32.418932665735376, 82.111875095340395 ] ] } },
{ "type": "Feature", "properties": { "ConType": "Certain" }, "geometry": { "type": "LineString", "coordinates": [ [ -42.859085177638391, 82.672865423323842 ], [ -40.023514022166012, 82.659806111128404 ], [ -43.569040937766246, 82.123109536628562 ], [ -38.096820847342158, 81.64755162834031 ], [ -42.186403299986942, 81.647318329582077 ], [ -40.250525750873848, 81.447089304257588 ] ] } },
{ "type": "Feature", "properties": { "ConType": "Certain" }, "geometry": { "type": "LineString", "coordinates": [ [ -23.765505388417608, 82.878447491690395 ], [ -30.299548695921203, 82.124947094128672 ] ] } },
{ "type": "Feature", "properties": { "ConType": "Certain" }, "geometry": { "type": "LineString", "coordinates": [ [ -32.418932665735376, 82.111875095340395 ], [ -40.827656270925559, 84.096678455066396 ] ] } },
{ "type": "Feature", "properties": { "ConType": "Certain" }, "geometry": { "type": "LineString", "coordinates": [ [ -16.993865680805737, 84.500698496672456 ], [ -40.827656270925559, 84.096678455066396 ] ] } },
{ "type": "Feature", "properties": { "ConType": "Certain" }, "geometry": { "type": "LineString", "coordinates": [ [ -42.83573801480523, 84.484033352717987 ], [ -43.337776555634662, 84.599231157417634 ], [ -35.232824435823083, 84.568993641207356 ], [ -37.724361434314865, 84.298410539893268 ], [ -42.83573801480523, 84.484033352717987 ] ] } },
{ "type": "Feature", "properties": { "ConType": "Certain" }, "geometry": { "type": "LineString", "coordinates": [ [ -31.453752199506567, 84.767396921710571 ], [ -32.28545327630826, 85.026248519248739 ], [ -18.833350345916411, 84.926544724723698 ], [ -25.600069558335196, 84.381763469719488 ], [ -31.453752199506567, 84.767396921710571 ] ] } },
{ "type": "Feature", "properties": { "ConType": "Certain" }, "geometry": { "type": "LineString", "coordinates": [ [ -43.859656789139379, 84.33569126857887 ], [ -45.297006105436843, 84.691235651016669 ], [ -27.721082414776628, 85.71770829551744 ], [ -15.793005060503052, 85.014276095525034 ], [ -16.993865680805737, 84.500698496672456 ] ] } },
{ "type": "Feature", "properties": { "ConType": "Certain" }, "geometry": { "type": "LineString", "coordinates": [ [ -43.96365016572512, 86.882952300739873 ], [ -41.072654478448285, 86.771981459690593 ], [ -47.724729383711917, 86.182321430376689 ] ] } },
{ "type": "Feature", "properties": { "ConType": "Approx" }, "geometry": { "type": "LineString", "coordinates": [ [ -25.849796824421507, 87.820812553720089 ], [ -37.851219142255147, 86.933281436257388 ], [ -20.686047485717243, 86.242569716744967 ] ] } },
{ "type": "Feature", "properties": { "ConType": "Certain" }, "geometry": { "type": "LineString", "coordinates": [ [ -25.849796824421507, 87.820812553720089 ], [ -37.965653227525586, 87.960642748625702 ] ] } },
{ "type": "Feature", "properties": { "ConType": "Certain" }, "geometry": { "type": "LineString", "coordinates": [ [ -48.005691008361914, 88.473760170756208 ], [ -37.965653227525586, 87.960642748625702 ] ] } },
{ "type": "Feature", "properties": { "ConType": "Certain" }, "geometry": { "type": "LineString", "coordinates": [ [ -13.796960719974081, 47.958687759048644 ], [ -12.161678648356135, 48.224756543900817 ], [ -12.832136302791605, 47.76364321359862 ], [ -11.503434347485511, 46.961517684599386 ], [ -14.359883664214641, 47.952406751266317 ], [ -13.796960719974081, 47.958687759048644 ] ] } },
{ "type": "Feature", "properties": { "ConType": "Certain" }, "geometry": { "type": "LineString", "coordinates": [ [ -20.94416265407828, 48.751812396121942 ], [ -18.406370008358159, 48.735404509360059 ], [ -17.717225470973624, 48.374547181692037 ], [ -21.81580548477783, 48.427263391399734 ], [ -20.94416265407828, 48.751812396121942 ] ] } },
{ "type": "Feature", "properties": { "ConType": "Certain" }, "geometry": { "type": "LineString", "coordinates": [ [ -19.921552795132587, 50.176133224654251 ], [ -17.174745663501575, 50.646580612573437 ], [ -17.783343464927317, 49.952689182184443 ], [ -16.703573171011389, 49.70785600589771 ], [ -15.76777225181611, 50.325973909685594 ], [ -16.131061668912515, 51.560935191212579 ] ] } },
{ "type": "Feature", "properties": { "ConType": "Certain" }, "geometry": { "type": "LineString", "coordinates": [ [ -19.146624959939082, 52.16221969127492 ], [ -17.277043003888142, 52.550926919702199 ], [ -16.888720901109462, 52.078057632521428 ], [ -19.099030664460106, 51.845250795504583 ] ] } },
{ "type": "Feature", "properties": { "ConType": "Certain" }, "geometry": { "type": "LineString", "coordinates": [ [ -19.680283001469764, 53.024559562504152 ], [ -19.17361124240966, 53.77162270635646 ], [ -18.225685324002288, 53.812938035384285 ], [ -19.221057750789345, 52.931224190244457 ], [ -20.044877475541963, 52.876717370355458 ], [ -19.680283001469764, 53.024559562504152 ] ] } },
{ "type": "Feature", "properties": { "ConType": "Certain" }, "geometry": { "type": "LineString", "coordinates": [ [ -16.520749326599219, 54.628832732175319 ], [ -19.765882543198931, 55.006144405851337 ], [ -20.643751935190661, 53.575850401615625 ] ] } },
{ "type": "Feature", "properties": { "ConType": "Certain" }, "geometry": { "type": "LineString", "coordinates": [ [ -20.450427822980028, 55.141772713491292 ], [ -18.880656694981894, 55.950110095645442 ], [ -18.676175362501496, 56.372702072480394 ], [ -21.91490903230687, 55.683118737937392 ], [ -21.49411009282565, 54.925677809453859 ], [ -20.450427822980028, 55.141772713491292 ] ] } },
{ "type": "Feature", "properties": { "ConType": "Approx" }, "geometry": { "type": "LineString", "coordinates": [ [ -27.040622986270783, 60.915395312944199 ], [ -20.575798167840492, 59.41307268491034 ], [ -16.718774057244364, 61.037280996692957 ], [ -19.985250426594249, 62.403795703029608 ] ] } },
{ "type": "Feature", "properties": { "ConType": "Certain" }, "geometry": { "type": "LineString", "coordinates": [ [ -19.861834387546658, 63.539032070993215 ], [ -18.903764619739523, 63.939060136174959 ], [ -17.789965869681119, 63.513888005798087 ], [ -18.908201108389953, 62.917684494407688 ], [ -19.861834387546658, 63.539032070993215 ] ] } },
{ "type": "Feature", "properties": { "ConType": "Certain" }, "geometry": { "type": "LineString", "coordinates": [ [ -11.426570967700659, 63.296239813639737 ], [ -17.003863533805465, 64.700847860054026 ], [ -17.891012596284273, 64.509475389043061 ], [ -16.974783102795531, 64.244422187877049 ], [ -17.536420743814123, 63.920245427641106 ] ] } },
{ "type": "Feature", "properties": { "ConType": "Certain" }, "geometry": { "type": "LineString", "coordinates": [ [ -15.458669795494661, 52.097072045240857 ], [ -15.10310819530244, 51.356587564274086 ], [ -12.694893236250868, 51.792576781002275 ], [ -13.972294214645098, 51.369662758619498 ], [ -13.804766219587076, 50.391991466189033 ], [ -10.373628322729207, 48.598066891921739 ], [ -9.43850669192758, 49.265660670869018 ], [ -6.781668144303288, 48.361009607701739 ], [ -4.356970692617834, 48.632167681759817 ] ] } },
{ "type": "Feature", "properties": { "ConType": "Certain" }, "geometry": { "type": "LineString", "coordinates": [ [ 0.140121264324943, 50.832669759091573 ], [ -2.399453994439021, 50.86799160793143 ], [ -1.425411443505161, 52.195607479426258 ], [ -2.641826608190408, 51.688707490309 ] ] } },
{ "type": "Feature", "properties": { "ConType": "Certain" }, "geometry": { "type": "LineString", "coordinates": [ [ -2.449918111319112, 52.528889872652535 ], [ -0.600407222333202, 52.729282682648922 ], [ -0.979110757377108, 51.29302387909285 ], [ 0.522614321251888, 51.770758901686648 ], [ 0.140121264324943, 50.832669759091573 ] ] } },
{ "type": "Feature", "properties": { "ConType": "Certain" }, "geometry": { "type": "LineString", "coordinates": [ [ -11.528665698549867, 51.860876572121349 ], [ -9.323477371248609, 53.118845796050529 ], [ -6.973758774742378, 51.869455112960736 ], [ -7.607711541541201, 50.654924984038374 ], [ -9.286764099646769, 50.113769037532805 ], [ -11.24670290814559, 50.614027422170913 ], [ -11.528665698549867, 51.860876572121349 ] ] } },
{ "type": "Feature", "properties": { "ConType": "Certain" }, "geometry": { "type": "LineString", "coordinates": [ [ -7.325260661931975, 56.101234042567533 ], [ -7.997644432683159, 53.962114044523354 ], [ -5.355464261979058, 54.104055872843624 ] ] } },
{ "type": "Feature", "properties": { "ConType": "Approx" }, "geometry": { "type": "LineString", "coordinates": [ [ -12.485673782883763, 55.685577767001057 ], [ -8.446153215840891, 55.542945157493776 ], [ -8.341493524361917, 56.227333056908499 ] ] } },
{ "type": "Feature", "properties": { "ConType": "Certain" }, "geometry": { "type": "LineString", "coordinates": [ [ -12.488749778731671, 55.779811836126996 ], [ -10.745112457642906, 56.463333736249666 ], [ -11.000094881809419, 57.060456199524047 ], [ -8.89539483688389, 56.660709340075861 ] ] } },
{ "type": "Feature", "properties": { "ConType": "Certain" }, "geometry": { "type": "LineString", "coordinates": [ [ -5.796000773055382, 59.579776361426724 ], [ -4.141661800009433, 59.521408045417985 ], [ -3.248179149806537, 58.921331376927277 ], [ -4.476717793423292, 58.630041371817377 ], [ -5.796000773055382, 59.579776361426724 ] ] } },
{ "type": "Feature", "properties": { "ConType": "Certain" }, "geometry": { "type": "LineString", "coordinates": [ [ -6.76526789192206, 60.434836113641659 ], [ -1.611737034871897, 61.77046735271955 ] ] } },
{ "type": "Feature", "properties": { "ConType": "Certain" }, "geometry": { "type": "LineString", "coordinates": [ [ -1.611737034871897, 61.77046735271955 ], [ -2.138586330102691, 62.906839010798507 ], [ -1.394332846093683, 63.43015600176539 ], [ 0.4120487553397, 63.449570386777765 ], [ 1.021365319688915, 62.662951505079143 ] ] } },
{ "type": "Feature", "properties": { "ConType": "Certain" }, "geometry": { "type": "LineString", "coordinates": [ [ -5.930494684280734, 66.465360397474285 ], [ -7.54683946856175, 65.577501215576021 ], [ -6.353411734033458, 65.120452126140208 ], [ -4.866989578515193, 66.531958579131398 ] ] } },
{ "type": "Feature", "properties": { "ConType": "Certain" }, "geometry": { "type": "LineString", "coordinates": [ [ -1.15120496619657, 63.761272282108983 ], [ -2.896572007097522, 65.319436259344528 ], [ -0.293631863743819, 66.603645047466671 ] ] } },
{ "type": "Feature", "properties": { "ConType": "Certain" }, "geometry": { "type": "LineString", "coordinates": [ [ 0.570695851808566, 69.398544879264435 ], [ -4.616876520626976, 66.278396720284945 ], [ -4.391837126742402, 65.259558779626659 ], [ -2.996024045141374, 66.54506375367319 ], [ -1.566181649972871, 66.431288769980995 ], [ -3.882997388251265, 65.15058529702074 ], [ -3.786470066597885, 63.083962310990387 ], [ -2.552087886646204, 63.987544000241272 ], [ -1.15120496619657, 63.761272282108983 ] ] } },
{ "type": "Feature", "properties": { "ConType": "Certain" }, "geometry": { "type": "LineString", "coordinates": [ [ -17.28508165715667, 67.880089489080021 ], [ -15.733665120330503, 68.118933808678449 ], [ -14.996278199451472, 67.534009238935838 ], [ -16.64597463801389, 67.131981440902976 ], [ -17.28508165715667, 67.880089489080021 ] ] } },
{ "type": "Feature", "properties": { "ConType": "Certain" }, "geometry": { "type": "LineString", "coordinates": [ [ -3.891982450791817, 68.256933292293155 ], [ -3.378376260111863, 68.762136707671658 ], [ -7.57181360860257, 68.04275379665178 ], [ -7.443895425230892, 67.091257158040861 ], [ -5.930494684280734, 66.465360397474285 ] ] } },
{ "type": "Feature", "properties": { "ConType": "Approx" }, "geometry": { "type": "LineString", "coordinates": [ [ -4.105556930834808, 69.713703608966995 ], [ -2.356615540771047, 69.400351550782204 ], [ -4.266965618076942, 68.889325711371768 ], [ -4.584399192553905, 69.642764828459164 ] ] } },
{ "type": "Feature", "properties": { "ConType": "Approx" }, "geometry": { "type": "LineString", "coordinates": [ [ -11.336664471160347, 69.805046236389643 ], [ -9.36758041795933, 68.572041411308007 ], [ -13.181241901346095, 68.996349520591707 ] ] } },
{ "type": "Feature", "properties": { "ConType": "Approx" }, "geometry": { "type": "LineString", "coordinates": [ [ -5.821724998416021, 69.501030206793573 ], [ -7.58640677562583, 68.979248678227293 ], [ -11.336664471160347, 69.805046236389643 ] ] } },
{ "type": "Feature", "properties": { "ConType": "Certain" }, "geometry": { "type": "LineString", "coordinates": [ [ -20.901454144567111, 66.605612732407991 ], [ -18.732804352239807, 69.052591623662281 ], [ -19.525736114847771, 70.284184533997717 ], [ -20.183536516881002, 69.873218287666461 ] ] } },
{ "type": "Feature", "properties": { "ConType": "Certain" }, "geometry": { "type": "LineString", "coordinates": [ [ -4.986973645219865, 69.719566826504405 ], [ -6.447310942404997, 70.406087785066447 ], [ -2.831484308265003, 70.418627540557878 ] ] } },
{ "type": "Feature", "properties": { "ConType": "Certain" }, "geometry": { "type": "LineString", "coordinates": [ [ -13.351094151442368, 71.214976933426044 ], [ -6.951444301224925, 70.964761733130842 ] ] } },
{ "type": "Feature", "properties": { "ConType": "Certain" }, "geometry": { "type": "LineString", "coordinates": [ [ 1.281484056229263, 72.306223973649125 ], [ -0.023551942315425, 71.59484428775464 ], [ -5.193583950887493, 71.572679467884825 ] ] } },
{ "type": "Feature", "properties": { "ConType": "Certain" }, "geometry": { "type": "LineString", "coordinates": [ [ -5.193583950887493, 71.572679467884825 ], [ -2.837802188621879, 72.952376586270574 ], [ -4.65089010704054, 74.680482694831284 ] ] } },
{ "type": "Feature", "properties": { "ConType": "Certain" }, "geometry": { "type": "LineString", "coordinates": [ [ 1.281484056229263, 72.306223973649125 ], [ 2.662519272134968, 73.152178145638317 ], [ 1.793802321945294, 74.027743448569211 ], [ -4.65089010704054, 74.680482694831284 ] ] } },
{ "type": "Feature", "properties": { "ConType": "Certain" }, "geometry": { "type": "LineString", "coordinates": [ [ -15.897672521571996, 74.87047202382746 ], [ -18.026019297151311, 76.331988943300345 ], [ -19.466978224473579, 76.393041824136532 ], [ -19.826481730765494, 75.256510170544814 ], [ -18.204784665231575, 73.655950848401204 ] ] } },
{ "type": "Feature", "properties": { "ConType": "Certain" }, "geometry": { "type": "LineString", "coordinates": [ [ 2.626896523167892, 77.677776556779222 ], [ -5.658285374143714, 76.217905998915498 ], [ -4.427715602728142, 76.805782458826869 ] ] } },
{ "type": "Feature", "properties": { "ConType": "Certain" }, "geometry": { "type": "LineString", "coordinates": [ [ -10.781538112610139, 76.158252976584592 ], [ -11.889130008961136, 76.895385555516185 ], [ -15.157330650176384, 76.681985314135034 ], [ -15.651594726881573, 77.335647443245051 ], [ -4.427715602728142, 76.805782458826869 ] ] } },
{ "type": "Feature", "properties": { "ConType": "Certain" }, "geometry": { "type": "LineString", "coordinates": [ [ -14.407030710302966, 75.957160204357692 ], [ -17.04687094498393, 77.51643024340801 ], [ -13.152021673778673, 78.055400537633304 ] ] } },
{ "type": "Feature", "properties": { "ConType": "Approx" }, "geometry": { "type": "LineString", "coordinates": [ [ -4.072499056754985, 76.844800037143585 ], [ -3.57954391852281, 77.067025985323568 ], [ -7.968055627770465, 77.417665401854933 ], [ -4.289044392549119, 78.416861838798454 ], [ -5.296481426145215, 78.563359529121669 ], [ -4.638185439033484, 78.923984095571015 ], [ -10.199987622531159, 79.714977051972625 ] ] } },
{ "type": "Feature", "properties": { "ConType": "Certain" }, "geometry": { "type": "LineString", "coordinates": [ [ -11.070536045800942, 80.360101902174549 ], [ -10.558632562746576, 81.145164946561664 ], [ -8.516483471903257, 80.877239200021151 ], [ -9.855637065816826, 80.106179294932986 ], [ -11.070536045800942, 80.360101902174549 ] ] } },
{ "type": "Feature", "properties": { "ConType": "Certain" }, "geometry": { "type": "LineString", "coordinates": [ [ -14.345405023369905, 79.056819017954538 ], [ -17.633591173822186, 78.020834222060017 ], [ -19.152952671003877, 78.582479286400812 ], [ -16.866462694461468, 79.005917436222632 ], [ -16.099998501853985, 80.310676981147139 ], [ -13.62674737521489, 80.197244515674569 ], [ -13.856929099937537, 80.932572604032586 ], [ -12.831389914292879, 81.817190211414015 ], [ -11.078855759700348, 81.43837713042771 ], [ -12.784630602403947, 79.675184519712118 ] ] } },
{ "type": "Feature", "properties": { "ConType": "Certain" }, "geometry": { "type": "LineString", "coordinates": [ [ -18.068466110646387, 82.225533202106078 ], [ -19.139923662188096, 81.79798038493206 ], [ -17.020308006234327, 81.343710701426701 ], [ -21.991627319285733, 79.665169340130944 ] ] } },
{ "type": "Feature", "properties": { "ConType": "Certain" }, "geometry": { "type": "LineString", "coordinates": [ [ -18.068466110646387, 82.225533202106078 ], [ -6.532763396166043, 82.250275840683457 ] ] } },
{ "type": "Feature", "properties": { "ConType": "Certain" }, "geometry": { "type": "LineString", "coordinates": [ [ -22.585682360962579, 82.784938048956064 ], [ -18.944544166943352, 83.015405774396939 ], [ -22.53458972514467, 82.948139421191598 ] ] } },
{ "type": "Feature", "properties": { "ConType": "Certain" }, "geometry": { "type": "LineString", "coordinates": [ [ -18.068466110646387, 82.225533202106078 ], [ -11.847753845626597, 83.747104989346781 ], [ -14.938417066843794, 84.10634471871802 ], [ -22.53458972514467, 82.948139421191598 ] ] } },
{ "type": "Feature", "properties": { "ConType": "Certain" }, "geometry": { "type": "LineString", "coordinates": [ [ -4.282656783749585, 84.343504478421636 ], [ -6.836396344742446, 83.199077806744768 ], [ -2.037063115915001, 82.473800444831468 ] ] } },
{ "type": "Feature", "properties": { "ConType": "Certain" }, "geometry": { "type": "LineString", "coordinates": [ [ -4.282656783749585, 84.343504478421636 ], [ -9.504680721905553, 83.904004175401482 ], [ -8.050773363934693, 83.309756473615536 ], [ -11.967083291396499, 83.311394969998858 ], [ -4.674811315939087, 82.599174915225504 ], [ -6.532763396166043, 82.250275840683457 ] ] } },
{ "type": "Feature", "properties": { "ConType": "Certain" }, "geometry": { "type": "LineString", "coordinates": [ [ -23.765505388417608, 82.878447491690395 ], [ -23.016393344983594, 83.628653322569889 ], [ -14.226577293267546, 84.535557032593275 ] ] } },
{ "type": "Feature", "properties": { "ConType": "Approx" }, "geometry": { "type": "LineString", "coordinates": [ [ -20.686047485717243, 86.242569716744967 ], [ -11.450870366998354, 86.03438303184052 ] ] } },
{ "type": "Feature", "properties": { "ConType": "Certain" }, "geometry": { "type": "LineString", "coordinates": [ [ 1.113518945884976, 87.365359910564891 ], [ -11.450870366998354, 86.03438303184052 ] ] } },
{ "type": "Feature", "properties": { "ConType": "Approx" }, "geometry": { "type": "LineString", "coordinates": [ [ -20.686047485717243, 86.242569716744967 ], [ -23.610720736660145, 86.736088716959372 ], [ -12.00769424245483, 87.580207416162807 ] ] } },
{ "type": "Feature", "properties": { "ConType": "Certain" }, "geometry": { "type": "LineString", "coordinates": [ [ 1.113518945884976, 87.365359910564891 ], [ 1.792715670914335, 87.528248273193412 ], [ -12.00769424245483, 87.580207416162807 ] ] } },
{ "type": "Feature", "properties": { "ConType": "Certain" }, "geometry": { "type": "LineString", "coordinates": [ [ -12.00769424245483, 87.580207416162807 ], [ -25.849796824421507, 87.820812553720089 ] ] } },
{ "type": "Feature", "properties": { "ConType": "Certain" }, "geometry": { "type": "LineString", "coordinates": [ [ -18.627547942398692, -88.317784174243869 ], [ -27.483803618094939, -87.607217244844136 ], [ -5.115121674565117, -86.357266455441447 ], [ 19.33057228178772, -87.528889798609555 ], [ 45.41605134118776, -86.839782816441812 ] ] } },
{ "type": "Feature", "properties": { "ConType": "Certain" }, "geometry": { "type": "LineString", "coordinates": [ [ 4.419692458959507, -85.029516591497142 ], [ -2.527597433262508, -85.219924221895454 ] ] } },
{ "type": "Feature", "properties": { "ConType": "Certain" }, "geometry": { "type": "LineString", "coordinates": [ [ -1.951149397161635, -77.701371314284344 ], [ 2.969009685298504, -76.906733473710815 ] ] } },
{ "type": "Feature", "properties": { "ConType": "Certain" }, "geometry": { "type": "LineString", "coordinates": [ [ 12.749635508354096, -84.996743860710495 ], [ 5.404129154853979, -84.808313670112241 ] ] } },
{ "type": "Feature", "properties": { "ConType": "Certain" }, "geometry": { "type": "LineString", "coordinates": [ [ 4.094045768805658, -84.306253809079351 ], [ 12.749635508354096, -84.996743860710495 ] ] } },
{ "type": "Feature", "properties": { "ConType": "Certain" }, "geometry": { "type": "LineString", "coordinates": [ [ 1.179621407254293, -84.102802593639552 ], [ 0.540718963130868, -83.777906473580416 ], [ 15.691325827935652, -83.229341085279771 ], [ 22.23647467606353, -83.744837307872345 ], [ 23.141960426019882, -83.997627358865373 ], [ 21.234064178053622, -84.543229881956748 ], [ 27.619111476316704, -85.273285099811872 ], [ 16.0994017604073, -86.007086981489152 ], [ 14.738735916334216, -85.890726000573594 ], [ 15.952362695210564, -85.233407725343483 ], [ 12.749635508354096, -84.996743860710495 ] ] } },
{ "type": "Feature", "properties": { "ConType": "Certain" }, "geometry": { "type": "LineString", "coordinates": [ [ 16.56681741209967, -82.289855566644206 ], [ 10.945282660311733, -82.951049544867416 ], [ 6.11059622727019, -82.452253620656009 ] ] } },
{ "type": "Feature", "properties": { "ConType": "Certain" }, "geometry": { "type": "LineString", "coordinates": [ [ 8.0485607291479, -81.767526006142006 ], [ 13.422731176032833, -81.628592298584266 ] ] } },
{ "type": "Feature", "properties": { "ConType": "Approx" }, "geometry": { "type": "LineString", "coordinates": [ [ 5.461196170068174, -80.985827896650704 ], [ 0.520859409632431, -80.867732760397288 ] ] } },
{ "type": "Feature", "properties": { "ConType": "Certain" }, "geometry": { "type": "LineString", "coordinates": [ [ 5.461196170068174, -80.985827896650704 ], [ 8.808235019019738, -80.247135879222427 ], [ 15.01784333294936, -80.583946830424765 ], [ 13.422731176032833, -81.628592298584266 ] ] } },
{ "type": "Feature", "properties": { "ConType": "Certain" }, "geometry": { "type": "LineString", "coordinates": [ [ 29.378539512920149, -81.552560617792025 ], [ 21.217809282301516, -81.365548865440161 ], [ 15.898239239951051, -80.186517801922605 ], [ 13.57458791796901, -78.605944951970329 ] ] } },
{ "type": "Feature", "properties": { "ConType": "Certain" }, "geometry": { "type": "LineString", "coordinates": [ [ 7.104488375678628, -77.927424349457553 ], [ 2.38102801933456, -78.414937107553925 ], [ 5.348131098034774, -79.505591337294348 ], [ 10.351953138727223, -78.827392453848361 ] ] } },
{ "type": "Feature", "properties": { "ConType": "Certain" }, "geometry": { "type": "LineString", "coordinates": [ [ 9.540646572800831, -76.057671934010529 ], [ 2.969009685298504, -76.906733473710815 ] ] } },
{ "type": "Feature", "properties": { "ConType": "Certain" }, "geometry": { "type": "LineString", "coordinates": [ [ 1.52943428913003, -76.234779385030279 ], [ 6.900150302433754, -75.522222757950161 ] ] } },
{ "type": "Feature", "properties": { "ConType": "Certain" }, "geometry": { "type": "LineString", "coordinates": [ [ 14.384761993602645, -73.876781871567673 ], [ 20.322961984082426, -72.63632319949285 ] ] } },
{ "type": "Feature", "properties": { "ConType": "Certain" }, "geometry": { "type": "LineString", "coordinates": [ [ 18.210980382306772, -70.875266543382992 ], [ 22.902154303072162, -72.410343193848661 ] ] } },
{ "type": "Feature", "properties": { "ConType": "Certain" }, "geometry": { "type": "LineString", "coordinates": [ [ 15.909557009762105, -70.341996239349513 ], [ 18.216385335839536, -69.875060791849492 ], [ 15.436525580208171, -69.550919482841238 ] ] } },
{ "type": "Feature", "properties": { "ConType": "Certain" }, "geometry": { "type": "LineString", "coordinates": [ [ 15.064451751222116, -68.792927394945337 ], [ 19.828036476508984, -69.595847552495258 ], [ 19.707038653093086, -70.367213096632909 ], [ 18.210980382306772, -70.875266543382992 ] ] } },
{ "type": "Feature", "properties": { "ConType": "Certain" }, "geometry": { "type": "LineString", "coordinates": [ [ 19.808485886230947, -68.338249491377667 ], [ 15.048914698310387, -67.447947109801135 ] ] } },
{ "type": "Feature", "properties": { "ConType": "Certain" }, "geometry": { "type": "LineString", "coordinates": [ [ 10.450805678373152, -66.154078924023295 ], [ 8.646694726424002, -66.951566594803268 ], [ -0.497619678859206, -66.210794625815609 ] ] } },
{ "type": "Feature", "properties": { "ConType": "Internal" }, "geometry": { "type": "LineString", "coordinates": [ [ 3.070800679922277, -62.520210955652495 ], [ 0.888328470410287, -64.323054250846624 ], [ -2.76715435551525, -63.725608416313378 ] ] } },
{ "type": "Feature", "properties": { "ConType": "Certain" }, "geometry": { "type": "LineString", "coordinates": [ [ -0.431866397242517, -61.404759007669121 ], [ 0.693712334084524, -61.030864004596808 ], [ 1.732036897814962, -61.592121156657612 ], [ 0.274892341492762, -62.078091334552738 ], [ -0.431866397242517, -61.404759007669121 ] ] } },
{ "type": "Feature", "properties": { "ConType": "Certain" }, "geometry": { "type": "LineString", "coordinates": [ [ 3.462167812313732, -59.224556527558306 ], [ 3.815742270611748, -58.648091461676977 ], [ 14.50634458419475, -58.807062978101534 ] ] } },
{ "type": "Feature", "properties": { "ConType": "Certain" }, "geometry": { "type": "LineString", "coordinates": [ [ 1.436309803857082, -56.861791595654857 ], [ 4.224106169283653, -56.159989687147679 ], [ 6.413649210250634, -57.757808738218422 ], [ 9.392529770495781, -57.855421899646736 ] ] } },
{ "type": "Feature", "properties": { "ConType": "Certain" }, "geometry": { "type": "LineString", "coordinates": [ [ 3.577049560249646, -46.954008722139264 ], [ 1.573310832499754, -47.720022097148814 ], [ 4.378289214184805, -48.046518261375944 ] ] } },
{ "type": "Feature", "properties": { "ConType": "Certain" }, "geometry": { "type": "LineString", "coordinates": [ [ 5.878712889787794, -54.377197718455911 ], [ 6.698902042771135, -54.019908057239185 ], [ 7.388209946008418, -54.630516550067682 ], [ 5.329011647449972, -55.032567297411575 ], [ 6.428414128827832, -54.585035015847055 ], [ 5.878712889787794, -54.377197718455911 ] ] } },
{ "type": "Feature", "properties": { "ConType": "Certain" }, "geometry": { "type": "LineString", "coordinates": [ [ 10.557572877733193, -49.721637266680411 ], [ 10.911535564898912, -50.66986925284975 ], [ 10.149291440265776, -51.050096343152333 ], [ 8.526542746216087, -50.457947555210353 ], [ 9.906060804573011, -49.967984747928753 ] ] } },
{ "type": "Feature", "properties": { "ConType": "Certain" }, "geometry": { "type": "LineString", "coordinates": [ [ 16.208615691377236, -65.756003103536557 ], [ 14.409745575212312, -65.174595018565867 ], [ 16.137484755322035, -64.347869054932417 ], [ 17.873926479718875, -65.304832592737597 ] ] } },
{ "type": "Feature", "properties": { "ConType": "Certain" }, "geometry": { "type": "LineString", "coordinates": [ [ 9.392529770495781, -57.855421899646736 ], [ 12.617358235430912, -58.337416811012474 ], [ 14.94400014713116, -57.435691437083349 ] ] } },
{ "type": "Feature", "properties": { "ConType": "Certain" }, "geometry": { "type": "LineString", "coordinates": [ [ 18.496542619951335, -64.432184615852876 ], [ 20.718119779391813, -66.240743011706257 ], [ 22.009632585602372, -64.853337506986875 ] ] } },
{ "type": "Feature", "properties": { "ConType": "Certain" }, "geometry": { "type": "LineString", "coordinates": [ [ 18.190619548448922, -63.613042322782974 ], [ 25.014336252102154, -63.379717884650795 ] ] } },
{ "type": "Feature", "properties": { "ConType": "Certain" }, "geometry": { "type": "LineString", "coordinates": [ [ 24.775798874179731, -59.639523410306808 ], [ 19.998038818858809, -59.439700322974936 ] ] } },
{ "type": "Feature", "properties": { "ConType": "Certain" }, "geometry": { "type": "LineString", "coordinates": [ [ 23.159984163250598, -58.006863977641615 ], [ 20.510528104594968, -58.822382334092943 ], [ 17.868718361295578, -58.435589752272584 ] ] } },
{ "type": "Feature", "properties": { "ConType": "Certain" }, "geometry": { "type": "LineString", "coordinates": [ [ 10.704795448377794, -52.400645132358186 ], [ 12.477203056647776, -53.60523744122488 ], [ 14.368396875861414, -53.1938781611479 ], [ 10.982495771139417, -52.002251754613916 ] ] } },
{ "type": "Feature", "properties": { "ConType": "Certain" }, "geometry": { "type": "LineString", "coordinates": [ [ 18.05787154588009, -52.098412141220727 ], [ 16.25305860685819, -52.493599316528922 ], [ 14.752146924494976, -51.754462407628829 ], [ 17.031472616848401, -54.720464545980022 ] ] } },
{ "type": "Feature", "properties": { "ConType": "Certain" }, "geometry": { "type": "LineString", "coordinates": [ [ 17.031472616848401, -54.720464545980022 ], [ 19.703408216533123, -55.102851110716806 ], [ 17.138398004533062, -53.393297305649298 ], [ 17.268286349485312, -52.709899422165542 ], [ 18.922792170848773, -52.810469704055343 ] ] } },
{ "type": "Feature", "properties": { "ConType": "Certain" }, "geometry": { "type": "LineString", "coordinates": [ [ 23.069250482390292, -50.0305803276866 ], [ 22.161578667930083, -50.345134846451238 ], [ 20.951415579527577, -49.52929045083004 ], [ 21.989328374775127, -48.475656734466192 ], [ 23.115138103003982, -48.72958649461129 ] ] } },
{ "type": "Feature", "properties": { "ConType": "Certain" }, "geometry": { "type": "LineString", "coordinates": [ [ 16.879159381820074, -44.171332945230397 ], [ 16.229988392313484, -44.296978942348368 ], [ 17.135686625386295, -44.888562182626252 ], [ 16.826806881921648, -45.81520141631799 ], [ 18.00997336247741, -45.134618927531911 ] ] } },
{ "type": "Feature", "properties": { "ConType": "Certain" }, "geometry": { "type": "LineString", "coordinates": [ [ 45.41605134118776, -86.839782816441812 ], [ 39.711577350667213, -86.525751956830206 ], [ 40.645310203533356, -86.273774025858742 ] ] } },
{ "type": "Feature", "properties": { "ConType": "Certain" }, "geometry": { "type": "LineString", "coordinates": [ [ 40.645310203533356, -86.273774025858742 ], [ 33.700577588093587, -85.479994062123907 ], [ 42.391459997648155, -83.891683752533467 ] ] } },
{ "type": "Feature", "properties": { "ConType": "Certain" }, "geometry": { "type": "LineString", "coordinates": [ [ 42.391459997648155, -83.891683752533467 ], [ 36.470232627040552, -83.258140475445586 ], [ 36.062399293091033, -82.757066389387489 ], [ 36.945651045465659, -82.047197463331841 ] ] } },
{ "type": "Feature", "properties": { "ConType": "Approx" }, "geometry": { "type": "LineString", "coordinates": [ [ 29.378539512920149, -81.552560617792025 ], [ 27.190132388648323, -82.507557209360527 ], [ 16.56681741209967, -82.289855566644206 ] ] } },
{ "type": "Feature", "properties": { "ConType": "Certain" }, "geometry": { "type": "LineString", "coordinates": [ [ 39.935428495249013, -80.934308672087852 ], [ 41.671461471937349, -81.414002874626078 ], [ 36.945651045465659, -82.047197463331841 ] ] } },
{ "type": "Feature", "properties": { "ConType": "Certain" }, "geometry": { "type": "LineString", "coordinates": [ [ 36.945651045465659, -82.047197463331841 ], [ 30.93691775407806, -81.166324808220253 ], [ 35.54536618557816, -80.526901399237104 ], [ 39.935428495249013, -80.934308672087852 ] ] } },
{ "type": "Feature", "properties": { "ConType": "Certain" }, "geometry": { "type": "LineString", "coordinates": [ [ 48.720276428406486, -80.278222592491716 ], [ 39.935428495249013, -80.934308672087852 ] ] } },
{ "type": "Feature", "properties": { "ConType": "Certain" }, "geometry": { "type": "LineString", "coordinates": [ [ 27.425010101710285, -79.54600221151702 ], [ 20.894598233294378, -79.865385279830178 ], [ 18.491435720554193, -78.833535904271685 ] ] } },
{ "type": "Feature", "properties": { "ConType": "Certain" }, "geometry": { "type": "LineString", "coordinates": [ [ 18.491435720554193, -78.833535904271685 ], [ 24.400379168218272, -77.078901773947265 ], [ 28.485630846124682, -78.515203234399152 ], [ 27.425010101710285, -79.54600221151702 ] ] } },
{ "type": "Feature", "properties": { "ConType": "Certain" }, "geometry": { "type": "LineString", "coordinates": [ [ 39.602557830932135, -75.353411616423969 ], [ 42.108972321313495, -76.806348204358258 ], [ 38.393359975579102, -78.941995485881122 ], [ 30.988405962938923, -80.352164161237837 ], [ 29.378539512920149, -81.552560617792025 ] ] } },
{ "type": "Feature", "properties": { "ConType": "Certain" }, "geometry": { "type": "LineString", "coordinates": [ [ 18.491435720554193, -78.833535904271685 ], [ 16.225232094015876, -78.529178378770467 ], [ 16.45425999834892, -77.794153710050168 ], [ 14.285603445554941, -77.146347385048699 ], [ 20.84999593239154, -74.05053426456854 ], [ 27.853687893516806, -74.262113974932277 ], [ 32.594019050509381, -75.299589519684275 ], [ 34.15159839907588, -76.430662930776919 ], [ 33.183525617229776, -78.649758121736085 ], [ 27.425010101710285, -79.54600221151702 ] ] } },
{ "type": "Feature", "properties": { "ConType": "Certain" }, "geometry": { "type": "LineString", "coordinates": [ [ 29.994918951160415, -72.38273396240524 ], [ 30.841789581905388, -72.917012073939304 ], [ 29.388307727707009, -73.476509720561111 ], [ 27.07462914276655, -72.768381255215161 ] ] } },
{ "type": "Feature", "properties": { "ConType": "Certain" }, "geometry": { "type": "LineString", "coordinates": [ [ 45.903006980767728, -72.363263284141084 ], [ 41.756566328884318, -72.185344606800484 ], [ 40.2621044549118, -72.999850406935622 ], [ 43.3706019224255, -73.892270687725201 ], [ 46.606543878953289, -73.392625520285719 ] ] } },
{ "type": "Feature", "properties": { "ConType": "Certain" }, "geometry": { "type": "LineString", "coordinates": [ [ 38.247219287363102, -70.610269302392098 ], [ 47.026767182835037, -70.20597719982031 ] ] } },
{ "type": "Feature", "properties": { "ConType": "Certain" }, "geometry": { "type": "LineString", "coordinates": [ [ 23.998520728120081, -72.105272508366852 ], [ 24.568020349977388, -71.267201515401624 ], [ 21.595178060485289, -70.602831377596672 ], [ 27.352021745574099, -70.131982474019395 ] ] } },
{ "type": "Feature", "properties": { "ConType": "Internal" }, "geometry": { "type": "LineString", "coordinates": [ [ 35.364609220291271, -70.278588186706727 ], [ 38.685039123044135, -69.110937811509331 ], [ 42.701552839252862, -69.595858306583963 ], [ 42.464209181664543, -68.771165683565499 ], [ 43.22445516627846, -68.320450373125553 ] ] } },
{ "type": "Feature", "properties": { "ConType": "Certain" }, "geometry": { "type": "LineString", "coordinates": [ [ 33.267340339694485, -70.445558937932404 ], [ 35.65844247339065, -69.187659663397696 ], [ 33.588966560530324, -68.853238998855147 ], [ 34.185085246201808, -68.04045746398981 ] ] } },
{ "type": "Feature", "properties": { "ConType": "Certain" }, "geometry": { "type": "LineString", "coordinates": [ [ 30.382435849380279, -66.178352323555487 ], [ 31.103140523973074, -67.081187073576942 ], [ 30.482829267568508, -68.707769542535218 ], [ 27.601862386335441, -69.415421817097538 ] ] } },
{ "type": "Feature", "properties": { "ConType": "Certain" }, "geometry": { "type": "LineString", "coordinates": [ [ 23.777269378709263, -66.083410918343631 ], [ 29.583334907002158, -65.370542211632895 ], [ 30.382435849380279, -66.178352323555487 ] ] } },
{ "type": "Feature", "properties": { "ConType": "Certain" }, "geometry": { "type": "LineString", "coordinates": [ [ 25.721916077546275, -63.590511735283783 ], [ 26.588349269541975, -64.657211900257636 ], [ 29.123757231545124, -65.271210605531707 ], [ 31.749494041175144, -65.065589112102202 ], [ 33.022012884253577, -63.961282152890611 ] ] } },
{ "type": "Feature", "properties": { "ConType": "Certain" }, "geometry": { "type": "LineString", "coordinates": [ [ 30.39802112585501, -63.086293563936088 ], [ 28.296920960180042, -62.991955634255284 ], [ 28.129571441442209, -63.734435973171564 ], [ 29.942353331672336, -64.670688794937263 ], [ 31.751714986389246, -63.51544328578332 ] ] } },
{ "type": "Feature", "properties": { "ConType": "Certain" }, "geometry": { "type": "LineString", "coordinates": [ [ 33.368322574743324, -63.339644413777592 ], [ 32.864860998550178, -61.92788923497298 ], [ 29.887211047702685, -61.959428190484914 ], [ 27.592023203137426, -62.227307065555749 ], [ 25.721916077546275, -63.590511735283783 ] ] } },
{ "type": "Feature", "properties": { "ConType": "Certain" }, "geometry": { "type": "LineString", "coordinates": [ [ 23.906794534902815, -61.56854090612466 ], [ 24.647726212495652, -62.787877944506604 ], [ 21.27718472316856, -62.88529102580145 ] ] } },
{ "type": "Feature", "properties": { "ConType": "Approx" }, "geometry": { "type": "LineString", "coordinates": [ [ 28.43677706910864, -60.952323438772552 ], [ 29.670009517928634, -60.099416337867154 ], [ 30.961109553128583, -61.446111436818946 ], [ 32.431646030010995, -60.833736377986021 ], [ 34.487362477173647, -61.336433299229263 ] ] } },
{ "type": "Feature", "properties": { "ConType": "Certain" }, "geometry": { "type": "LineString", "coordinates": [ [ 28.4874133569371, -58.161444505005335 ], [ 32.754173427650109, -58.57792393829191 ], [ 32.235898897290703, -59.111527084833185 ], [ 28.038295485412114, -58.741607189996415 ] ] } },
{ "type": "Feature", "properties": { "ConType": "Certain" }, "geometry": { "type": "LineString", "coordinates": [ [ 22.961033805997342, -56.306838539194501 ], [ 24.968225268967334, -56.927453465868723 ], [ 26.2488016220696, -56.444517833916343 ], [ 27.530036668875606, -57.410206838937341 ] ] } },
{ "type": "Feature", "properties": { "ConType": "Certain" }, "geometry": { "type": "LineString", "coordinates": [ [ 25.529864638027174, -53.138143274456283 ], [ 25.649026427521338, -52.51497132492954 ], [ 23.768948381970084, -51.867467018005627 ], [ 23.454528564679492, -52.768202936627851 ], [ 22.059994688689248, -52.946110470740685 ], [ 23.445410439665835, -53.966896187590393 ], [ 22.448166188057122, -53.880682722935838 ] ] } },
{ "type": "Feature", "properties": { "ConType": "Certain" }, "geometry": { "type": "LineString", "coordinates": [ [ 23.83722390796051, -46.200734058208695 ], [ 24.730542351374542, -45.726043115464577 ], [ 25.880006507295803, -46.224754072152137 ], [ 24.792962033682901, -47.03078906030882 ], [ 23.83722390796051, -46.200734058208695 ] ] } },
{ "type": "Feature", "properties": { "ConType": "Certain" }, "geometry": { "type": "LineString", "coordinates": [ [ 29.426257238031699, -50.334962510753321 ], [ 30.954950210661885, -49.806297100244038 ], [ 32.029921523002095, -50.561651606906949 ], [ 31.073615874240211, -51.313817541111746 ], [ 30.668756548727714, -50.20110839690291 ], [ 30.647815548108806, -51.361786409315755 ], [ 29.426257238031699, -50.334962510753321 ] ] } },
{ "type": "Feature", "properties": { "ConType": "Certain" }, "geometry": { "type": "LineString", "coordinates": [ [ 28.936631721974742, -48.766850246281024 ], [ 30.989043484839684, -48.649116963181918 ], [ 33.823818422227269, -49.848128153945467 ], [ 33.478252637001397, -51.920992036755116 ], [ 31.572327553143495, -52.952171654529067 ] ] } },
{ "type": "Feature", "properties": { "ConType": "Certain" }, "geometry": { "type": "LineString", "coordinates": [ [ 29.817512097209487, -47.999635094439753 ], [ 31.205968392806355, -46.206817310798527 ], [ 33.653819994352524, -47.399635092938922 ], [ 32.162127336143627, -47.180323628111353 ], [ 29.817512097209487, -47.999635094439753 ] ] } },
{ "type": "Feature", "properties": { "ConType": "Certain" }, "geometry": { "type": "LineString", "coordinates": [ [ 26.929014039612134, -48.076078540417079 ], [ 28.043483154248168, -46.788612585833505 ], [ 29.005677749894275, -47.039398204626593 ], [ 30.070470836686084, -46.212035085146901 ] ] } },
{ "type": "Feature", "properties": { "ConType": "Certain" }, "geometry": { "type": "LineString", "coordinates": [ [ 27.77445615736648, -45.364240651470929 ], [ 28.024390996162012, -46.128663226013998 ], [ 29.503406648214845, -45.314814002402279 ], [ 29.262456453140722, -45.118913667613775 ], [ 27.77445615736648, -45.364240651470929 ] ] } },
{ "type": "Feature", "properties": { "ConType": "Certain" }, "geometry": { "type": "LineString", "coordinates": [ [ 32.828270744357255, -67.153092020408408 ], [ 34.787815335204279, -66.925646853448626 ], [ 35.30592107155087, -66.129187954211503 ], [ 32.43137115932938, -65.703423132072388 ] ] } },
{ "type": "Feature", "properties": { "ConType": "Certain" }, "geometry": { "type": "LineString", "coordinates": [ [ 33.368322574743324, -63.339644413777592 ], [ 35.729119986594888, -63.508649488359282 ], [ 36.021014156473669, -65.095363823252882 ], [ 37.883240193838851, -65.208304865456199 ], [ 35.795458342082092, -66.25233998219538 ], [ 37.549224474654537, -67.386115320972593 ], [ 34.185085246201808, -68.04045746398981 ] ] } },
{ "type": "Feature", "properties": { "ConType": "Certain" }, "geometry": { "type": "LineString", "coordinates": [ [ 37.073528253813727, -62.569199951895364 ], [ 38.044892782732724, -62.668957945576395 ], [ 37.192488188964134, -64.085985068205289 ], [ 38.244385177714996, -65.091861858644265 ], [ 41.212008558419427, -66.269217840111523 ], [ 43.020921337935896, -65.557888940161803 ] ] } },
{ "type": "Feature", "properties": { "ConType": "Certain" }, "geometry": { "type": "LineString", "coordinates": [ [ 47.125369060865616, -62.401101089840189 ], [ 45.063176647252924, -63.662072702975266 ], [ 42.199368414148175, -63.810829233401655 ], [ 40.756655848152853, -62.27065645741429 ], [ 40.936597728706218, -61.238897761149531 ] ] } },
{ "type": "Feature", "properties": { "ConType": "Certain" }, "geometry": { "type": "LineString", "coordinates": [ [ 43.704195119038232, -61.845766406684966 ], [ 42.317777203077391, -61.277180057919594 ], [ 42.577390929459369, -60.392919756041941 ], [ 44.453459711578326, -61.178329546413678 ] ] } },
{ "type": "Feature", "properties": { "ConType": "Certain" }, "geometry": { "type": "LineString", "coordinates": [ [ 39.777509850606535, -58.941574789723482 ], [ 40.296167244331556, -58.249614623498275 ], [ 37.776034932727221, -58.14042043309103 ], [ 38.291067598364421, -59.213736219267489 ] ] } },
{ "type": "Feature", "properties": { "ConType": "Certain" }, "geometry": { "type": "LineString", "coordinates": [ [ 42.4462047793685, -56.44939436958709 ], [ 41.152052307722556, -55.578015850049994 ], [ 42.890806662452761, -54.413764578136323 ], [ 44.71313411727094, -55.398067258496788 ], [ 43.926372926099923, -56.325583542370254 ] ] } },
{ "type": "Feature", "properties": { "ConType": "Certain" }, "geometry": { "type": "LineString", "coordinates": [ [ 38.811595873743563, -53.340043305764318 ], [ 37.618167318065915, -52.859285840112044 ], [ 39.141042839869186, -52.430223483280962 ], [ 40.382166191134061, -53.462550342356202 ], [ 39.197814821722105, -54.097599689827511 ], [ 37.975767317680862, -53.823730091519991 ], [ 39.252863840931759, -53.649554522985397 ], [ 38.811595873743563, -53.340043305764318 ] ] } },
{ "type": "Feature", "properties": { "ConType": "Certain" }, "geometry": { "type": "LineString", "coordinates": [ [ 0.747239519481157, -32.707630988234321 ], [ 1.048266387301481, -33.728504719764551 ], [ 2.206565431065045, -34.055707840831879 ], [ 0.845400453492911, -34.965332510077957 ], [ -1.117818259719933, -33.610711598290891 ] ] } },
{ "type": "Feature", "properties": { "ConType": "Certain" }, "geometry": { "type": "LineString", "coordinates": [ [ 2.998125445517938, -43.364466894554326 ], [ 4.500642168198914, -43.228350398775781 ], [ 4.69958166583426, -44.154989632467526 ], [ 3.924764679209694, -44.259694628966571 ], [ 2.998125445517938, -43.364466894554326 ] ] } },
{ "type": "Feature", "properties": { "ConType": "Certain" }, "geometry": { "type": "LineString", "coordinates": [ [ 4.521583168817858, -42.34359316302411 ], [ 3.757876547482337, -40.82944255111039 ], [ 4.848553611111199, -39.808568819580159 ], [ 7.038633156117889, -39.616609655484488 ], [ 7.91117480570184, -40.558954640464876 ] ] } },
{ "type": "Feature", "properties": { "ConType": "Certain" }, "geometry": { "type": "LineString", "coordinates": [ [ 9.011746692818328, -38.898665922503646 ], [ 9.548112677200002, -38.117104061149249 ], [ 9.640061131476998, -39.779838610424051 ], [ 9.4944760777725, -39.795163351704289 ], [ 9.011746692818328, -38.898665922503646 ] ] } },
{ "type": "Feature", "properties": { "ConType": "Certain" }, "geometry": { "type": "LineString", "coordinates": [ [ 3.474151029699577, -37.488789622490565 ], [ 5.336107228808603, -37.036709720096852 ], [ 5.412730941805338, -35.833717442206996 ], [ 6.845594355387663, -35.50423547994852 ] ] } },
{ "type": "Feature", "properties": { "ConType": "Certain" }, "geometry": { "type": "LineString", "coordinates": [ [ 8.161654307266124, -34.577876733072415 ], [ 9.09003862516723, -34.905952392946638 ], [ 9.062117294306452, -35.883199042327441 ], [ 7.742834314674361, -35.178185387801513 ], [ 8.161654307266124, -34.577876733072415 ] ] } },
{ "type": "Feature", "properties": { "ConType": "Certain" }, "geometry": { "type": "LineString", "coordinates": [ [ 19.37320656137479, -42.063858388292729 ], [ 19.217539412660241, -40.760566755039491 ], [ 19.983194710483435, -40.367923012396929 ], [ 19.547993104611741, -42.12896882537779 ] ] } },
{ "type": "Feature", "properties": { "ConType": "Certain" }, "geometry": { "type": "LineString", "coordinates": [ [ 12.763215966787598, -33.876636741364067 ], [ 12.435140306913388, -34.553729061731431 ], [ 12.916783298064139, -34.763139058027313 ], [ 14.005715277483619, -34.093027071199593 ], [ 12.860940633044798, -34.169810736837867 ] ] } },
{ "type": "Feature", "properties": { "ConType": "Certain" }, "geometry": { "type": "LineString", "coordinates": [ [ 22.274670547687165, -31.548686112142668 ], [ 21.55360239742809, -31.160418647125883 ], [ 20.733926637581803, -32.060213086670082 ], [ 21.911054982593843, -32.972333482771589 ], [ 22.53351552326577, -32.220450455959273 ] ] } },
{ "type": "Feature", "properties": { "ConType": "Certain" }, "geometry": { "type": "LineString", "coordinates": [ [ 19.07924046345639, -26.51620467241138 ], [ 18.562695804607429, -26.914083664384222 ], [ 19.505040789587799, -25.678564687227833 ], [ 19.051319129297827, -25.217862693398214 ], [ 20.251936442053772, -25.252764361096418 ], [ 19.707470452344033, -25.818171351425097 ], [ 20.335700441231705, -26.697693334548703 ] ] } },
{ "type": "Feature", "properties": { "ConType": "Certain" }, "geometry": { "type": "LineString", "coordinates": [ [ 9.624020951444232, -20.888953256812371 ], [ 9.541513495473689, -21.979175420180958 ], [ 9.149358293833128, -21.768475239935977 ], [ 8.946928631076865, -21.056481251870405 ], [ 9.35876829012901, -21.593966908040507 ], [ 9.512335621405551, -20.770287589936242 ], [ 9.058613961115578, -20.644641592818278 ], [ 8.807321966879622, -21.307773249404139 ], [ 8.821282633958887, -20.763307256396608 ] ] } },
{ "type": "Feature", "properties": { "ConType": "Certain" }, "geometry": { "type": "LineString", "coordinates": [ [ 8.092916164190097, -20.326457738955085 ], [ 8.757223874856447, -19.957936673713537 ], [ 7.932900439274179, -19.860957446191975 ], [ 8.50022892241895, -18.702055675495384 ], [ 7.205556234511273, -17.268702692001 ] ] } },
{ "type": "Feature", "properties": { "ConType": "Certain" }, "geometry": { "type": "LineString", "coordinates": [ [ 8.213170408823164, -15.674849086645134 ], [ 9.153868916771764, -14.583832776202993 ], [ 8.368337170879002, -14.157124176427187 ], [ 7.791310768609668, -11.829622712611625 ] ] } },
{ "type": "Feature", "properties": { "ConType": "Certain" }, "geometry": { "type": "LineString", "coordinates": [ [ 4.36121872254192, -10.016375685785359 ], [ 5.759030448723831, -10.963955920096028 ], [ 5.240740708963302, -12.351297144319608 ], [ 4.000411844444221, -12.931161059554928 ] ] } },
{ "type": "Feature", "properties": { "ConType": "Certain" }, "geometry": { "type": "LineString", "coordinates": [ [ 8.983411911602465, -3.409806536999782 ], [ 9.318467905016325, -4.56156151827605 ], [ 8.151007175749209, -4.865206012410415 ], [ 8.658826416849173, -3.362689286431641 ] ] } },
{ "type": "Feature", "properties": { "ConType": "Certain" }, "geometry": { "type": "LineString", "coordinates": [ [ 2.877087326422862, -5.760619306792832 ], [ 3.167049262587985, -3.483100034219336 ], [ 4.978445732031422, -3.551158285406391 ] ] } },
{ "type": "Feature", "properties": { "ConType": "Certain" }, "geometry": { "type": "LineString", "coordinates": [ [ 1.856695372130168, -3.304390289939755 ], [ 1.970734324014798, -2.690572204548489 ], [ 2.710213371888817, -3.763798435977121 ], [ 3.043960555443447, -2.631675642162754 ], [ 4.719240525810526, -2.775645013585621 ], [ 4.64071177596289, -1.794035656979215 ], [ 4.372405217281274, -2.284840336931317 ], [ 2.245584941885911, -1.335951289463635 ], [ 3.043960555443447, 0.385137118314573 ] ] } },
{ "type": "Feature", "properties": { "ConType": "Certain" }, "geometry": { "type": "LineString", "coordinates": [ [ 3.043960555443447, 0.385137118314573 ], [ 1.466187112509584, 0.521035478566948 ], [ 0.013887403407252, -0.969468831405507 ] ] } },
{ "type": "Feature", "properties": { "ConType": "Certain" }, "geometry": { "type": "LineString", "coordinates": [ [ 13.23704142139691, -18.771818194162034 ], [ 14.584245731889778, -18.827660859181375 ], [ 14.954203389704064, -19.665300844364914 ], [ 13.544176083949989, -20.893839487981669 ], [ 12.915946095062315, -19.518713846628021 ] ] } },
{ "type": "Feature", "properties": { "ConType": "Certain" }, "geometry": { "type": "LineString", "coordinates": [ [ 12.686260044458464, -17.40027183407123 ], [ 13.895602771665656, -17.965678824399895 ], [ 13.591958277531274, -16.845335345700907 ], [ 14.262070267656776, -16.37416285321072 ], [ 12.686260044458464, -17.40027183407123 ] ] } },
{ "type": "Feature", "properties": { "ConType": "Certain" }, "geometry": { "type": "LineString", "coordinates": [ [ 18.87990969969005, -17.751033578773733 ], [ 15.04945185201446, -15.761638615611709 ] ] } },
{ "type": "Feature", "properties": { "ConType": "Certain" }, "geometry": { "type": "LineString", "coordinates": [ [ 14.58700477727327, -15.395171119620555 ], [ 15.424644762456825, -15.063605294625413 ], [ 16.000522251446046, -15.752913197862709 ], [ 15.346116012609189, -14.836744462831534 ], [ 14.656808109371907, -15.255564455423313 ] ] } },
{ "type": "Feature", "properties": { "ConType": "Certain" }, "geometry": { "type": "LineString", "coordinates": [ [ 21.786432012270947, -14.461753222056757 ], [ 19.954094545506379, -14.311239784848809 ], [ 21.164746085870583, -15.508803203536189 ], [ 21.629374515873486, -14.959101961198369 ] ] } },
{ "type": "Feature", "properties": { "ConType": "Certain" }, "geometry": { "type": "LineString", "coordinates": [ [ 13.224529805935777, -13.499776049614466 ], [ 14.475754534380794, -13.363659553835923 ], [ 14.376284783914246, -14.342651284128305 ], [ 13.109354307478364, -14.24841678628982 ], [ 13.224529805935777, -13.499776049614466 ] ] } },
{ "type": "Feature", "properties": { "ConType": "Certain" }, "geometry": { "type": "LineString", "coordinates": [ [ 17.773831092581744, -10.831434614112641 ], [ 17.344671483964234, -13.489829074897592 ], [ 18.71630695689915, -14.50023230776725 ] ] } },
{ "type": "Feature", "properties": { "ConType": "Certain" }, "geometry": { "type": "LineString", "coordinates": [ [ 15.889880714377377, -10.611997252906651 ], [ 16.235407209749585, -9.533535772147721 ], [ 16.549522202544534, -11.585753737166531 ], [ 15.900351213037943, -10.957523748278874 ], [ 15.889880714377377, -10.611997252906651 ] ] } },
{ "type": "Feature", "properties": { "ConType": "Certain" }, "geometry": { "type": "LineString", "coordinates": [ [ 10.428340885054752, -0.070240622167648 ], [ 11.391626867356253, 1.016073734235591 ], [ 11.606272112982431, -1.009967980833994 ], [ 13.044395261975559, -1.443970197472928 ] ] } },
{ "type": "Feature", "properties": { "ConType": "Certain" }, "geometry": { "type": "LineString", "coordinates": [ [ 28.582665555642013, -44.8660258998461 ], [ 28.58920961812932, -43.668462484456519 ], [ 30.022359279764, -44.067650289586375 ], [ 29.924198342454464, -44.931466524719127 ], [ 29.538098662299223, -43.943313102327636 ], [ 28.582665555642013, -44.8660258998461 ] ] } },
{ "type": "Feature", "properties": { "ConType": "Certain" }, "geometry": { "type": "LineString", "coordinates": [ [ 27.489807136751462, -43.197289991966322 ], [ 27.646864633148919, -42.667220940388205 ], [ 27.993699938380388, -42.523251565667543 ], [ 28.792075551937895, -42.922439370797413 ], [ 27.758113695433078, -42.778469999374551 ], [ 27.967523691728957, -43.786255605930165 ], [ 27.489807136751462, -43.197289991966322 ] ] } },
{ "type": "Feature", "properties": { "ConType": "Certain" }, "geometry": { "type": "LineString", "coordinates": [ [ 29.799861158493531, -43.288906866788558 ], [ 30.185960838648764, -43.321627175927276 ], [ 30.362650522508154, -42.287665319422445 ], [ 29.24361585696618, -43.040232495568858 ], [ 29.799861158493531, -43.288906866788558 ] ] } },
{ "type": "Feature", "properties": { "ConType": "Certain" }, "geometry": { "type": "LineString", "coordinates": [ [ 27.313117452892104, -41.438246022421318 ], [ 27.838130084323531, -42.149765320197112 ], [ 29.164393394197454, -40.73624784602432 ], [ 29.852213658391946, -41.973550326627517 ] ] } },
{ "type": "Feature", "properties": { "ConType": "Certain" }, "geometry": { "type": "LineString", "coordinates": [ [ 29.061339158557612, -39.626132650007229 ], [ 30.150365461327251, -39.663021614595678 ], [ 29.932230047282371, -40.718797013824116 ], [ 30.289972125524525, -40.256349935785131 ], [ 30.874575032262776, -40.954383256771415 ], [ 30.284121775958301, -42.019358764038635 ] ] } },
{ "type": "Feature", "properties": { "ConType": "Certain" }, "geometry": { "type": "LineString", "coordinates": [ [ 29.421322977868911, -34.449822591769234 ], [ 29.288199987053709, -35.560088556086548 ], [ 29.052613740808614, -35.001661899297517 ], [ 27.682723348785267, -35.516461470639342 ], [ 28.12771959132624, -34.722448570903005 ] ] } },
{ "type": "Feature", "properties": { "ConType": "Certain" }, "geometry": { "type": "LineString", "coordinates": [ [ 29.061339158557612, -39.626132650007229 ], [ 29.244572904904281, -38.605258918476999 ], [ 30.300348300834933, -38.997902661119568 ], [ 29.253298319355501, -37.907225597490708 ], [ 29.262023737104496, -36.205769377174413 ], [ 30.55338537928024, -35.682244384785804 ], [ 29.915811587810197, -34.377896977696487 ] ] } },
{ "type": "Feature", "properties": { "ConType": "Certain" }, "geometry": { "type": "LineString", "coordinates": [ [ 31.362128112420624, -29.132468950280174 ], [ 33.00017114543725, -29.018847468754963 ], [ 32.791865097073632, -30.287620686814662 ], [ 31.788208671437932, -30.514863649865088 ], [ 31.362128112420624, -29.132468950280174 ] ] } },
{ "type": "Feature", "properties": { "ConType": "Certain" }, "geometry": { "type": "LineString", "coordinates": [ [ 28.160322891626887, -26.152275451344462 ], [ 25.368189607681735, -24.197782152582853 ], [ 28.495378888338525, -26.815407104632538 ] ] } },
{ "type": "Feature", "properties": { "ConType": "Certain" }, "geometry": { "type": "LineString", "coordinates": [ [ 39.886562879171812, -45.676602243033592 ], [ 38.65093483425234, -42.837678915107361 ], [ 39.907394812027654, -40.982437227988349 ] ] } },
{ "type": "Feature", "properties": { "ConType": "Certain" }, "geometry": { "type": "LineString", "coordinates": [ [ 39.239900448216183, -40.779571294179767 ], [ 36.425197418829775, -41.744805952968989 ], [ 35.869479018181671, -43.264693833277079 ] ] } },
{ "type": "Feature", "properties": { "ConType": "Certain" }, "geometry": { "type": "LineString", "coordinates": [ [ 41.452606826683009, -39.774879141965044 ], [ 43.820744116776474, -38.646206956297092 ], [ 45.422671338555844, -40.123895802458186 ] ] } },
{ "type": "Feature", "properties": { "ConType": "Certain" }, "geometry": { "type": "LineString", "coordinates": [ [ 37.486208067388475, -40.607011638772008 ], [ 37.360562070270497, -38.163895015320008 ], [ 38.323848052572025, -40.539302409043721 ] ] } },
{ "type": "Feature", "properties": { "ConType": "Certain" }, "geometry": { "type": "LineString", "coordinates": [ [ 33.716877999924272, -37.298808379672096 ], [ 34.428663485304241, -37.395515582503634 ], [ 34.784660479337013, -38.323899897106941 ], [ 33.716877999924272, -37.455865876069559 ] ] } },
{ "type": "Feature", "properties": { "ConType": "Certain" }, "geometry": { "type": "LineString", "coordinates": [ [ 40.850553084446766, -38.980866238930922 ], [ 41.496002222692802, -38.52257728650261 ], [ 40.952231248530651, -38.721704685538015 ], [ 40.523341464978166, -37.036780540107507 ], [ 39.91830051985265, -36.822335648331254 ], [ 40.623692255950672, -38.666751246135981 ] ] } },
{ "type": "Feature", "properties": { "ConType": "Certain" }, "geometry": { "type": "LineString", "coordinates": [ [ 34.833731313502341, -36.635676723086227 ], [ 36.029113376928024, -36.164504233893823 ], [ 36.317052119773749, -37.578021708066615 ], [ 35.016965059849014, -37.639099622416239 ], [ 34.833731313502341, -36.635676723086227 ] ] } },
{ "type": "Feature", "properties": { "ConType": "Certain" }, "geometry": { "type": "LineString", "coordinates": [ [ 38.041907720108256, -36.362810879297065 ], [ 37.559406713611693, -35.573960027876971 ], [ 37.053929469652758, -36.286223418890629 ], [ 36.586745955897058, -35.819039905134922 ], [ 37.858097813813686, -35.053165291177201 ], [ 38.041907720108256, -36.362810879297065 ] ] } },
{ "type": "Feature", "properties": { "ConType": "Certain" }, "geometry": { "type": "LineString", "coordinates": [ [ 34.185660634467169, -35.579538270308433 ], [ 33.31966304737049, -34.93429371697512 ], [ 33.878089704159535, -36.941139515635136 ], [ 34.360168966362622, -35.863114305928555 ] ] } },
{ "type": "Feature", "properties": { "ConType": "Certain" }, "geometry": { "type": "LineString", "coordinates": [ [ 40.086792936704143, -34.700862971328931 ], [ 40.43909525655242, -34.149433249147464 ], [ 40.063816695943977, -36.46237458046366 ], [ 40.117427918888055, -34.90764911508586 ] ] } },
{ "type": "Feature", "properties": { "ConType": "Certain" }, "geometry": { "type": "LineString", "coordinates": [ [ 34.687372084132157, -31.762168544309677 ], [ 36.377921534735549, -33.725387260820277 ], [ 34.687372084132157, -32.874659150662126 ], [ 34.796439791154597, -35.372309625976456 ] ] } },
{ "type": "Feature", "properties": { "ConType": "Certain" }, "geometry": { "type": "LineString", "coordinates": [ [ 41.955086370891479, -26.205421989489412 ], [ 37.95012019132043, -24.261835460440718 ] ] } },
{ "type": "Feature", "properties": { "ConType": "Certain" }, "geometry": { "type": "LineString", "coordinates": [ [ 37.075444809840249, -25.208611057412213 ], [ 35.308547967948726, -25.195522932437616 ], [ 35.877881394450661, -24.704718252485513 ], [ 35.184210780689973, -22.604074227039352 ], [ 36.543623887203786, -22.755383443726231 ] ] } },
{ "type": "Feature", "properties": { "ConType": "Certain" }, "geometry": { "type": "LineString", "coordinates": [ [ 31.643873031121803, -21.622464870432946 ], [ 32.272103020009475, -22.649882664450466 ], [ 33.463122372911748, -22.774219851709216 ], [ 34.418555482866743, -22.329223609168231 ], [ 34.800910247027836, -20.964294631299161 ] ] } },
{ "type": "Feature", "properties": { "ConType": "Certain" }, "geometry": { "type": "LineString", "coordinates": [ [ 27.644348552342151, -16.032484715568359 ], [ 30.698244332481575, -13.527853906714387 ], [ 31.4224539034171, -11.381401443857106 ] ] } },
{ "type": "Feature", "properties": { "ConType": "Certain" }, "geometry": { "type": "LineString", "coordinates": [ [ 34.582118579642831, -11.088853098245034 ], [ 34.680500801866664, -12.088229455940187 ], [ 34.240739811953773, -12.58383311417022 ], [ 33.577608155367891, -12.688538113967068 ], [ 34.226779144874477, -11.578665133928643 ], [ 33.312355494052667, -11.5367831326908 ], [ 32.970319167099156, -12.451206783512609 ], [ 32.837692836441533, -11.152864807797231 ] ] } },
{ "type": "Feature", "properties": { "ConType": "Certain" }, "geometry": { "type": "LineString", "coordinates": [ [ 23.837794481454459, -5.428135637970706 ], [ 24.535827802440739, -4.887159813381882 ], [ 23.794167399305035, -4.215302742344814 ], [ 24.265339888497433, -3.717954003203199 ], [ 25.390918619824507, -4.049519828198343 ], [ 25.277488205576446, -1.030525715757096 ], [ 24.6492582166888, -1.178857797703353 ] ] } },
{ "type": "Feature", "properties": { "ConType": "Certain" }, "geometry": { "type": "LineString", "coordinates": [ [ 43.94278387650742, -21.550480183072615 ], [ 43.419258887416596, -20.850265510122423 ], [ 44.224178560163629, -20.523062389055092 ], [ 44.714983236817929, -21.085851756367514 ], [ 43.94278387650742, -21.550480183072615 ] ] } },
{ "type": "Feature", "properties": { "ConType": "Certain" }, "geometry": { "type": "LineString", "coordinates": [ [ 42.934719560644226, -19.168701880550962 ], [ 43.086541807711413, -17.231659413989576 ], [ 41.913845829114003, -16.867809544312465 ], [ 43.186011554880182, -16.475165801669903 ], [ 42.636310315840142, -15.663702066435572 ] ] } },
{ "type": "Feature", "properties": { "ConType": "Certain" }, "geometry": { "type": "LineString", "coordinates": [ [ 39.324343303777454, -14.537785872398844 ], [ 38.249371991437236, -15.619737518278706 ], [ 37.651322298829498, -19.698510528846157 ] ] } },
{ "type": "Feature", "properties": { "ConType": "Certain" }, "geometry": { "type": "LineString", "coordinates": [ [ 45.16346932129656, -9.55995600239253 ], [ 45.786631605004871, -10.047155605779183 ], [ 45.771524639791849, -10.455043643446338 ], [ 44.124865520612389, -10.047155605779183 ], [ 45.16346932129656, -9.55995600239253 ] ] } },
{ "type": "Feature", "properties": { "ConType": "Certain" }, "geometry": { "type": "LineString", "coordinates": [ [ 38.763100747729105, -11.941732121778122 ], [ 40.31971505451785, -11.425187462929145 ], [ 39.527120029106051, -9.50930413251286 ] ] } },
{ "type": "Feature", "properties": { "ConType": "Certain" }, "geometry": { "type": "LineString", "coordinates": [ [ 41.439149346085003, -8.13235883075795 ], [ 41.837028338057848, -8.409827074943117 ], [ 41.617147839803586, -9.378348306574919 ], [ 40.957506351636432, -8.53547307206108 ], [ 41.439149346085003, -8.13235883075795 ] ] } },
{ "type": "Feature", "properties": { "ConType": "Certain" }, "geometry": { "type": "LineString", "coordinates": [ [ 41.689585353115142, -3.237760980455826 ], [ 40.422347763518296, -3.897770637042498 ], [ 41.017728282078075, -5.378978190685041 ] ] } },
{ "type": "Feature", "properties": { "ConType": "Certain" }, "geometry": { "type": "LineString", "coordinates": [ [ 36.784487172356584, 0.412929716698721 ], [ 36.952015170712421, -0.658551430520561 ], [ 37.709381325136739, -0.037301775172551 ], [ 37.730322322457901, -0.794667929596888 ], [ 36.924093836553823, -0.808628596676184 ], [ 36.501783678841143, -0.016360777851405 ] ] } },
{ "type": "Feature", "properties": { "ConType": "Certain" }, "geometry": { "type": "LineString", "coordinates": [ [ 52.009394279993558, -87.770232760308517 ], [ 38.155970722765304, -87.761111307826155 ], [ 32.528193154885066, -88.085061796891395 ], [ 58.02595653805799, -88.10982109919469 ], [ 52.009394279993558, -87.770232760308517 ] ] } },
{ "type": "Feature", "properties": { "ConType": "Certain" }, "geometry": { "type": "LineString", "coordinates": [ [ 113.701702647414692, -87.417774834304126 ], [ 75.956607415837766, -87.944719494986302 ], [ 76.675624466890142, -88.358812813315666 ], [ 60.247915739714699, -88.9207433507285 ], [ 4.992312501175277, -88.525893631534387 ] ] } },
{ "type": "Feature", "properties": { "ConType": "Certain" }, "geometry": { "type": "LineString", "coordinates": [ [ 68.398116906244681, -86.959914267915565 ], [ 55.81227924115413, -86.882891825892145 ] ] } },
{ "type": "Feature", "properties": { "ConType": "Certain" }, "geometry": { "type": "LineString", "coordinates": [ [ 55.81227924115413, -86.882891825892145 ], [ 45.41605134118776, -86.839782816441812 ] ] } },
{ "type": "Feature", "properties": { "ConType": "Certain" }, "geometry": { "type": "LineString", "coordinates": [ [ 68.398116906244681, -86.959914267915565 ], [ 59.123200049563302, -86.493514740746676 ] ] } },
{ "type": "Feature", "properties": { "ConType": "Certain" }, "geometry": { "type": "LineString", "coordinates": [ [ 40.645310203533356, -86.273774025858742 ], [ 55.43656957383034, -85.953702244072034 ] ] } },
{ "type": "Feature", "properties": { "ConType": "Certain" }, "geometry": { "type": "LineString", "coordinates": [ [ 60.886795030064192, -84.214331384247942 ], [ 54.860536152203892, -85.787976223374869 ], [ 55.43656957383034, -85.953702244072034 ] ] } },
{ "type": "Feature", "properties": { "ConType": "Certain" }, "geometry": { "type": "LineString", "coordinates": [ [ 62.446913144925396, -82.410910267020483 ], [ 71.078109438840258, -82.054372142150555 ] ] } },
{ "type": "Feature", "properties": { "ConType": "Certain" }, "geometry": { "type": "LineString", "coordinates": [ [ 71.078109438840258, -82.054372142150555 ], [ 62.055527828527516, -82.121436918026376 ] ] } },
{ "type": "Feature", "properties": { "ConType": "Certain" }, "geometry": { "type": "LineString", "coordinates": [ [ 57.710606213432101, -81.045492856976438 ], [ 48.720276428406486, -80.278222592491716 ] ] } },
{ "type": "Feature", "properties": { "ConType": "Certain" }, "geometry": { "type": "LineString", "coordinates": [ [ 62.927589953263571, -79.091315832632603 ], [ 68.635994571446716, -79.418042838765459 ], [ 63.363693623043687, -79.607104146958974 ], [ 64.472354316198064, -80.131168690543973 ], [ 60.720035973783517, -79.73225619140382 ] ] } },
{ "type": "Feature", "properties": { "ConType": "Certain" }, "geometry": { "type": "LineString", "coordinates": [ [ 62.927589953263571, -79.091315832632603 ], [ 63.630052992540257, -78.609154181776361 ], [ 62.109236880371057, -77.777767281998877 ], [ 58.444000577476018, -78.474834433363725 ], [ 57.55929345492023, -78.376943944401262 ], [ 58.497720155860826, -78.085273443737975 ], [ 57.781738992951141, -77.685125932652369 ], [ 55.15991778625876, -78.013005852282959 ], [ 54.356238959245253, -78.995751221220374 ], [ 60.720035973783517, -79.73225619140382 ] ] } },
{ "type": "Feature", "properties": { "ConType": "Certain" }, "geometry": { "type": "LineString", "coordinates": [ [ 48.720276428406486, -80.278222592491716 ], [ 45.982601305479228, -79.62831333364197 ], [ 54.623715362299336, -76.536798999350552 ], [ 63.041036665183, -76.183505891888785 ], [ 70.199463572624211, -77.926421785440894 ], [ 70.241652043954232, -79.323609870114353 ], [ 68.820375433778722, -80.200031588963569 ], [ 57.710606213432101, -81.045492856976438 ] ] } },
{ "type": "Feature", "properties": { "ConType": "Certain" }, "geometry": { "type": "LineString", "coordinates": [ [ 50.663095037694546, -75.049233362010028 ], [ 54.005275172225048, -74.773203972680605 ], [ 55.677079260193736, -75.525366407931685 ], [ 51.635943924356695, -76.019640041628307 ], [ 50.031695748625481, -75.46008500359109 ], [ 50.663095037694546, -75.049233362010028 ] ] } },
{ "type": "Feature", "properties": { "ConType": "Certain" }, "geometry": { "type": "LineString", "coordinates": [ [ 45.903006980767728, -72.363263284141084 ], [ 49.885039629239074, -72.797261055360948 ], [ 46.606543878953289, -73.392625520285719 ] ] } },
{ "type": "Feature", "properties": { "ConType": "Certain" }, "geometry": { "type": "LineString", "coordinates": [ [ 50.739111126542177, -72.194354409351277 ], [ 50.114020533488706, -73.973829294060153 ], [ 48.700652900937506, -74.625536438012873 ], [ 45.139496775722527, -75.547127453158211 ], [ 39.602557830932135, -75.353411616423969 ] ] } },
{ "type": "Feature", "properties": { "ConType": "Certain" }, "geometry": { "type": "LineString", "coordinates": [ [ 60.348558262962051, -71.527274725970045 ], [ 50.739111126542177, -72.194354409351277 ] ] } },
{ "type": "Feature", "properties": { "ConType": "Certain" }, "geometry": { "type": "LineString", "coordinates": [ [ 52.162758536744562, -70.201855722534589 ], [ 53.513474794252204, -69.617801887708495 ], [ 55.787241575811073, -70.149221413407304 ], [ 54.069874402606935, -70.760203717171635 ], [ 52.162758536744562, -70.201855722534589 ] ] } },
{ "type": "Feature", "properties": { "ConType": "Certain" }, "geometry": { "type": "LineString", "coordinates": [ [ 49.615476349269514, -69.530737652949767 ], [ 50.217667124516339, -70.833294093696608 ], [ 52.865015032222082, -71.50912825164238 ], [ 56.329710925995386, -71.33074686487808 ], [ 58.21859210828007, -70.247947984123442 ], [ 57.039977581847765, -68.693225288888073 ], [ 51.864624142835375, -68.598493425165245 ] ] } },
{ "type": "Feature", "properties": { "ConType": "Certain" }, "geometry": { "type": "LineString", "coordinates": [ [ 65.779760174899849, -68.444984998989057 ], [ 63.619668496909163, -68.584309144932888 ], [ 63.418341743281765, -68.46697996625592 ], [ 65.914527673967001, -67.519291366611114 ], [ 67.881835658261863, -68.482151548339189 ], [ 65.779760174899849, -68.444984998989057 ] ] } },
{ "type": "Feature", "properties": { "ConType": "Certain" }, "geometry": { "type": "LineString", "coordinates": [ [ 44.655428379760906, -65.431556636955975 ], [ 44.053123250395856, -65.8107098914342 ], [ 46.45668782292919, -67.557391292372628 ], [ 48.899182437278107, -67.66725621341206 ], [ 46.111480349032668, -66.578827565576518 ] ] } },
{ "type": "Feature", "properties": { "ConType": "Certain" }, "geometry": { "type": "LineString", "coordinates": [ [ 50.782188447541607, -62.69914674685316 ], [ 51.592306335452726, -63.76731022308315 ], [ 50.561802761048419, -64.307240803674958 ], [ 47.611771496404323, -63.592918184405647 ] ] } },
{ "type": "Feature", "properties": { "ConType": "Approx" }, "geometry": { "type": "LineString", "coordinates": [ [ 50.782188447541607, -62.69914674685316 ], [ 57.222774549282654, -62.758664790695789 ] ] } },
{ "type": "Feature", "properties": { "ConType": "Certain" }, "geometry": { "type": "LineString", "coordinates": [ [ 50.853911804940402, -60.671194695386383 ], [ 53.263132154213523, -60.646559808754425 ], [ 53.800086124413092, -61.328720167377789 ], [ 51.839610198485879, -62.109681916945547 ], [ 50.502294976626189, -60.896803020466166 ] ] } },
{ "type": "Feature", "properties": { "ConType": "Certain" }, "geometry": { "type": "LineString", "coordinates": [ [ 58.056650623209563, -58.607338431991451 ], [ 57.667426420246819, -59.371632923722238 ], [ 52.396504395986902, -59.30652303077229 ], [ 52.605504028657869, -58.520612767999332 ], [ 54.005143076004025, -59.190198173833309 ], [ 55.91130341091106, -58.891014571985181 ], [ 55.218007241261645, -56.885303793021805 ] ] } },
{ "type": "Feature", "properties": { "ConType": "Certain" }, "geometry": { "type": "LineString", "coordinates": [ [ 50.190421774367223, -49.088403714602087 ], [ 51.519114776177254, -49.548934431184065 ], [ 48.100104602504857, -46.409778306661913 ], [ 49.423971617148105, -46.535180722516714 ] ] } },
{ "type": "Feature", "properties": { "ConType": "Certain" }, "geometry": { "type": "LineString", "coordinates": [ [ 52.394384231193079, -54.396178612451763 ], [ 50.238733800561839, -54.894801191702058 ], [ 51.440045179102299, -55.766952610660631 ], [ 52.521552104995358, -55.478542218086233 ], [ 52.54952264875574, -54.694891280191349 ] ] } },
{ "type": "Feature", "properties": { "ConType": "Certain" }, "geometry": { "type": "LineString", "coordinates": [ [ 52.54952264875574, -54.694891280191349 ], [ 53.794452960609931, -55.029968471790468 ], [ 54.60214998806287, -54.373708285444046 ], [ 53.250205037172798, -53.70538429694902 ], [ 52.394384231193079, -54.396178612451763 ] ] } },
{ "type": "Feature", "properties": { "ConType": "Approx" }, "geometry": { "type": "LineString", "coordinates": [ [ 50.187152468745893, -50.509074725470711 ], [ 52.733226775182473, -49.715007438604424 ], [ 54.112486474885436, -51.500110316183893 ], [ 53.18952460198792, -52.288663423460491 ] ] } },
{ "type": "Feature", "properties": { "ConType": "Certain" }, "geometry": { "type": "LineString", "coordinates": [ [ 53.02015580440581, -47.025603940663366 ], [ 53.329300182216194, -48.593708099171231 ], [ 52.532191645002889, -49.075983959043015 ], [ 52.29737063082073, -48.221050472558822 ], [ 49.860420393911909, -47.745597351504024 ], [ 49.423971617148105, -46.535180722516714 ] ] } },
{ "type": "Feature", "properties": { "ConType": "Certain" }, "geometry": { "type": "LineString", "coordinates": [ [ 67.924479979615285, -66.149908893395704 ], [ 63.88005434773229, -66.432018593687488 ], [ 59.99283860635677, -68.277518233972373 ] ] } },
{ "type": "Feature", "properties": { "ConType": "Certain" }, "geometry": { "type": "LineString", "coordinates": [ [ 57.900478698479638, -64.06831515071579 ], [ 61.283489604764618, -63.575874296023557 ], [ 62.759276946006466, -64.582209353764995 ], [ 60.75305132947463, -66.198632249467323 ], [ 56.741042986125102, -66.843928274685439 ] ] } },
{ "type": "Feature", "properties": { "ConType": "Certain" }, "geometry": { "type": "LineString", "coordinates": [ [ 57.995507537961196, -64.706173336880994 ], [ 55.920069872937241, -64.931545421575095 ], [ 55.180849539878395, -64.139489528540508 ], [ 56.28753324832752, -63.533120636488377 ], [ 57.900478698479638, -64.06831515071579 ] ] } },
{ "type": "Feature", "properties": { "ConType": "Certain" }, "geometry": { "type": "LineString", "coordinates": [ [ 66.796813942660222, -64.004218816609765 ], [ 64.439425204274954, -63.925591057254351 ], [ 66.682431084186987, -63.79486674926882 ] ] } },
{ "type": "Feature", "properties": { "ConType": "Approx" }, "geometry": { "type": "LineString", "coordinates": [ [ 67.924479979615285, -66.149908893395704 ], [ 64.976981258338753, -65.730456830147759 ], [ 63.540065020834241, -63.619491408957984 ], [ 60.530543703977344, -62.726805755118022 ] ] } },
{ "type": "Feature", "properties": { "ConType": "Certain" }, "geometry": { "type": "LineString", "coordinates": [ [ 66.169018981558608, -62.430224603160688 ], [ 64.661588405430834, -62.941242982833508 ], [ 61.55699796330655, -62.24593365833325 ], [ 63.137020026496607, -60.671456312255522 ] ] } },
{ "type": "Feature", "properties": { "ConType": "Certain" }, "geometry": { "type": "LineString", "coordinates": [ [ 57.931735442432469, -61.812919383316242 ], [ 57.011291510294555, -60.607991145211599 ], [ 57.348197826948265, -59.965053028964604 ], [ 58.201816280646085, -60.123919893365041 ], [ 58.399531866692456, -61.768136198707502 ] ] } },
{ "type": "Feature", "properties": { "ConType": "Certain" }, "geometry": { "type": "LineString", "coordinates": [ [ 60.856170119326769, -58.233643129806914 ], [ 60.444064734360857, -59.9088949898238 ], [ 63.122606061882337, -60.385873189715625 ] ] } },
{ "type": "Feature", "properties": { "ConType": "Certain" }, "geometry": { "type": "LineString", "coordinates": [ [ 66.028340189791479, -59.156845230116559 ], [ 64.750859579695401, -58.419181674238978 ], [ 66.585039022996824, -57.847689742852701 ], [ 67.657705253641822, -58.627565012874534 ], [ 66.538735468793192, -59.391785241703346 ], [ 65.371095267273702, -59.355307824645926 ], [ 66.028340189791479, -59.156845230116559 ] ] } },
{ "type": "Feature", "properties": { "ConType": "Certain" }, "geometry": { "type": "LineString", "coordinates": [ [ 63.490951219780989, -56.711795043942097 ], [ 60.783185295122202, -55.88772300208425 ], [ 62.916179888242397, -55.736915408726816 ], [ 64.848319291721367, -56.711781282270181 ] ] } },
{ "type": "Feature", "properties": { "ConType": "Certain" }, "geometry": { "type": "LineString", "coordinates": [ [ 56.27902944856946, -55.464522814093812 ], [ 57.636913063805054, -56.358199021404268 ], [ 56.392052790385634, -57.546864297365808 ], [ 57.262595755815219, -58.200854744417676 ] ] } },
{ "type": "Feature", "properties": { "ConType": "Certain" }, "geometry": { "type": "LineString", "coordinates": [ [ 65.039257216423408, -53.587903871792477 ], [ 63.69218431291376, -54.412112824642747 ], [ 61.919261669207977, -54.503090231868924 ], [ 61.083405058857473, -53.723309225837063 ], [ 59.868128485373944, -54.713637200152334 ], [ 58.791655310628606, -53.941684451772723 ], [ 58.60906396361208, -54.712606126753037 ], [ 57.078224110802424, -54.802325853034773 ], [ 55.744556375069884, -53.902075114967936 ], [ 56.032880804188281, -53.422126003262598 ] ] } },
{ "type": "Feature", "properties": { "ConType": "Certain" }, "geometry": { "type": "LineString", "coordinates": [ [ 56.583615184341085, -53.045636455098823 ], [ 55.741032265810659, -51.767531893502138 ], [ 57.474059987514821, -50.946780658830555 ], [ 57.985264893409855, -52.008829936022302 ] ] } },
{ "type": "Feature", "properties": { "ConType": "Certain" }, "geometry": { "type": "LineString", "coordinates": [ [ 56.974613937254524, -48.402947348162883 ], [ 59.387702681621171, -49.961853146459937 ], [ 56.364591880283257, -50.126229115153372 ] ] } },
{ "type": "Feature", "properties": { "ConType": "Certain" }, "geometry": { "type": "LineString", "coordinates": [ [ 59.288923316606983, -47.848185998750694 ], [ 60.487159365452783, -49.027010109543276 ], [ 59.696342121824536, -49.05999922473034 ], [ 57.457029606874933, -46.746628603780316 ] ] } },
{ "type": "Feature", "properties": { "ConType": "Certain" }, "geometry": { "type": "LineString", "coordinates": [ [ 69.714252067490449, -55.384790753942745 ], [ 69.106638576821311, -54.229656446221128 ], [ 64.8334488439083, -54.358458717255445 ], [ 65.347272388538485, -53.732352738383142 ] ] } },
{ "type": "Feature", "properties": { "ConType": "Approx" }, "geometry": { "type": "LineString", "coordinates": [ [ 64.011117721152758, -50.744666284453274 ], [ 62.679306092981314, -50.709326456069846 ], [ 62.612255411854058, -49.899706257226384 ], [ 61.528161994069322, -49.629582376275657 ], [ 61.969241070520866, -50.531627896226382 ] ] } },
{ "type": "Feature", "properties": { "ConType": "Certain" }, "geometry": { "type": "LineString", "coordinates": [ [ 65.964419429951704, -49.833002562822308 ], [ 64.201656913530357, -48.237577175346935 ], [ 62.172496888687036, -48.95584106754054 ], [ 60.966975210222117, -48.529887582212162 ] ] } },
{ "type": "Feature", "properties": { "ConType": "Certain" }, "geometry": { "type": "LineString", "coordinates": [ [ 79.236797883207274, -86.949672381855621 ], [ 68.398116906244681, -86.959914267915565 ] ] } },
{ "type": "Feature", "properties": { "ConType": "Certain" }, "geometry": { "type": "LineString", "coordinates": [ [ 79.236797883207274, -86.949672381855621 ], [ 78.65995372333272, -87.092551477977835 ], [ 90.460277242828397, -87.259698413560642 ] ] } },
{ "type": "Feature", "properties": { "ConType": "Certain" }, "geometry": { "type": "LineString", "coordinates": [ [ 90.460277242828397, -87.259698413560642 ], [ 79.236797883207274, -86.949672381855621 ] ] } },
{ "type": "Feature", "properties": { "ConType": "Certain" }, "geometry": { "type": "LineString", "coordinates": [ [ 83.74043027836764, -84.658031437566763 ], [ 88.220475916458128, -84.80607607766116 ], [ 87.230313794528229, -84.500553093874331 ], [ 88.664625580384254, -84.139954906436174 ], [ 82.764398686013365, -84.481822521821584 ], [ 83.74043027836764, -84.658031437566763 ] ] } },
{ "type": "Feature", "properties": { "ConType": "Certain" }, "geometry": { "type": "LineString", "coordinates": [ [ 83.304330928690646, -83.996135966939093 ], [ 76.514029915778224, -84.235888774538154 ], [ 77.826113239140611, -84.972225092513682 ], [ 84.740919992586015, -85.360608989255539 ], [ 98.425166769272408, -84.68470532711676 ], [ 92.752580063186997, -83.641010153024283 ], [ 83.304330928690646, -83.996135966939093 ] ] } },
{ "type": "Feature", "properties": { "ConType": "Certain" }, "geometry": { "type": "LineString", "coordinates": [ [ 98.435911455972331, -82.297590968462245 ], [ 72.065008481373738, -82.131784224495192 ], [ 60.886795030064192, -84.214331384247942 ] ] } },
{ "type": "Feature", "properties": { "ConType": "Certain" }, "geometry": { "type": "LineString", "coordinates": [ [ 60.669009907126728, -81.574534723248036 ], [ 75.173657495465775, -81.453786558919745 ] ] } },
{ "type": "Feature", "properties": { "ConType": "Certain" }, "geometry": { "type": "LineString", "coordinates": [ [ 84.555634395136806, -81.252756233618172 ], [ 80.470952914776461, -80.906221347036791 ], [ 85.981680867414553, -80.036123972210177 ], [ 88.741265637221417, -80.750066699421453 ], [ 84.555634395136806, -81.252756233618172 ] ] } },
{ "type": "Feature", "properties": { "ConType": "Certain" }, "geometry": { "type": "LineString", "coordinates": [ [ 85.852725763664353, -79.854925769401291 ], [ 77.782755655575144, -80.511538077127781 ], [ 75.173657495465775, -81.453786558919745 ] ] } },
{ "type": "Feature", "properties": { "ConType": "Internal" }, "geometry": { "type": "LineString", "coordinates": [ [ 85.852725763664353, -79.854925769401291 ], [ 85.356557919756909, -79.477445469899692 ], [ 88.042325256176937, -77.997946606071281 ], [ 91.137028387176102, -77.746700477479493 ] ] } },
{ "type": "Feature", "properties": { "ConType": "Certain" }, "geometry": { "type": "LineString", "coordinates": [ [ 86.98247476305977, -77.240092012876389 ], [ 80.996255461401205, -76.902777637751996 ], [ 82.437562288934132, -75.896747180256611 ] ] } },
{ "type": "Feature", "properties": { "ConType": "Certain" }, "geometry": { "type": "LineString", "coordinates": [ [ 82.437562288934132, -75.896747180256611 ], [ 86.573790893149052, -75.779946821771844 ], [ 86.98247476305977, -77.240092012876389 ] ] } },
{ "type": "Feature", "properties": { "ConType": "Certain" }, "geometry": { "type": "LineString", "coordinates": [ [ 72.136391319012816, -75.46363691980396 ], [ 71.386278340669733, -74.945981635000777 ], [ 74.630762974585608, -74.490570695680503 ], [ 76.738970211114719, -75.135262958459975 ], [ 75.068157197667134, -75.663807900750911 ] ] } },
{ "type": "Feature", "properties": { "ConType": "Certain" }, "geometry": { "type": "LineString", "coordinates": [ [ 79.470542393654085, -72.620646828203036 ], [ 77.528423459688995, -73.122342253913118 ], [ 76.516934934477263, -74.258047725712601 ], [ 70.666820592932666, -75.009919160797935 ], [ 72.136391319012816, -75.46363691980396 ] ] } },
{ "type": "Feature", "properties": { "ConType": "Certain" }, "geometry": { "type": "LineString", "coordinates": [ [ 78.743373486143156, -75.20731408636766 ], [ 78.122967233639571, -74.257584495238291 ], [ 82.188360670567405, -73.292707165037399 ], [ 82.37686557586467, -72.589763568704967 ] ] } },
{ "type": "Feature", "properties": { "ConType": "Certain" }, "geometry": { "type": "LineString", "coordinates": [ [ 82.972888929062663, -71.782469026459921 ], [ 84.498653247742752, -71.736836252355289 ], [ 85.178024528021638, -72.61563835460511 ], [ 89.002831694040907, -71.995485270036212 ] ] } },
{ "type": "Feature", "properties": { "ConType": "Certain" }, "geometry": { "type": "LineString", "coordinates": [ [ 85.078546157135619, -71.766706032156378 ], [ 84.705249293772383, -71.231289794408781 ], [ 85.453220417765863, -70.820445747634892 ], [ 88.192585489174533, -71.186369863697053 ], [ 85.078546157135619, -71.766706032156378 ] ] } },
{ "type": "Feature", "properties": { "ConType": "Certain" }, "geometry": { "type": "LineString", "coordinates": [ [ 65.11139783642092, -70.397746368420144 ], [ 64.034723206364248, -72.377748662367964 ], [ 65.628976487212114, -72.857660291407825 ], [ 73.644546125797575, -73.605962434232012 ], [ 77.340371512254478, -72.38806423091907 ] ] } },
{ "type": "Feature", "properties": { "ConType": "Certain" }, "geometry": { "type": "LineString", "coordinates": [ [ 69.555269463900544, -71.884905714904676 ], [ 68.495837648133417, -70.819802111634033 ], [ 71.163077816805114, -70.195511690713928 ], [ 72.970335795671332, -71.142129653389304 ], [ 69.555269463900544, -71.884905714904676 ] ] } },
{ "type": "Feature", "properties": { "ConType": "Certain" }, "geometry": { "type": "LineString", "coordinates": [ [ 81.35295065664539, -70.961416908150056 ], [ 79.967477675845046, -69.738305389098954 ], [ 76.357198723529351, -70.463209649100975 ] ] } },
{ "type": "Feature", "properties": { "ConType": "Certain" }, "geometry": { "type": "LineString", "coordinates": [ [ 76.357198723529351, -70.463209649100975 ], [ 70.999631659613556, -69.157083876519536 ] ] } },
{ "type": "Feature", "properties": { "ConType": "Certain" }, "geometry": { "type": "LineString", "coordinates": [ [ 70.999631659613556, -69.157083876519536 ], [ 66.798744863853997, -68.99703634443236 ], [ 65.11139783642092, -70.397746368420144 ] ] } },
{ "type": "Feature", "properties": { "ConType": "Certain" }, "geometry": { "type": "LineString", "coordinates": [ [ 83.763930310192379, -68.410349822291593 ], [ 80.875466549596695, -68.427069554541106 ], [ 81.505935842487716, -67.659997526726016 ], [ 82.967865394464098, -67.868774519091545 ] ] } },
{ "type": "Feature", "properties": { "ConType": "Certain" }, "geometry": { "type": "LineString", "coordinates": [ [ 74.813613481618788, -68.43848332627671 ], [ 74.695819304852762, -67.792292683556866 ], [ 75.846036154644622, -67.332869704066283 ], [ 79.135103625914908, -68.143656268087256 ], [ 77.745583140525412, -68.998027455229149 ], [ 74.813613481618788, -68.43848332627671 ] ] } },
{ "type": "Feature", "properties": { "ConType": "Certain" }, "geometry": { "type": "LineString", "coordinates": [ [ 84.726784651536789, -67.544283364177346 ], [ 81.705743215856813, -67.27559029477591 ], [ 79.895915976044478, -68.43441063647586 ], [ 82.483761342811903, -69.147011618812925 ], [ 85.304170832651423, -68.224657459104847 ] ] } },
{ "type": "Feature", "properties": { "ConType": "Certain" }, "geometry": { "type": "LineString", "coordinates": [ [ 72.895600973552348, -66.324977618511653 ], [ 74.772026672036034, -66.051123107587074 ], [ 75.728848777580595, -66.701384065699941 ], [ 73.699897895193857, -67.324186046214592 ], [ 72.895600973552348, -66.324977618511653 ] ] } },
{ "type": "Feature", "properties": { "ConType": "Certain" }, "geometry": { "type": "LineString", "coordinates": [ [ 74.759488499483126, -64.313634328707266 ], [ 75.030429348204677, -63.334782348803309 ], [ 77.255947928969917, -63.703833919407046 ], [ 76.556858929783402, -64.409873760009546 ], [ 74.759488499483126, -64.313634328707266 ] ] } },
{ "type": "Feature", "properties": { "ConType": "Certain" }, "geometry": { "type": "LineString", "coordinates": [ [ 78.184862804997834, -63.050020029362422 ], [ 78.383805910413898, -64.481260630844105 ], [ 75.028696211883513, -65.087605511697305 ] ] } },
{ "type": "Feature", "properties": { "ConType": "Certain" }, "geometry": { "type": "LineString", "coordinates": [ [ 68.952829712208342, -64.486685407384272 ], [ 70.293770954888998, -63.989396486830472 ], [ 69.188097916420972, -62.431087749865583 ], [ 71.540692217583242, -62.068612853580831 ], [ 70.788941906976206, -61.28091750112474 ] ] } },
{ "type": "Feature", "properties": { "ConType": "Certain" }, "geometry": { "type": "LineString", "coordinates": [ [ 79.581056052373398, -60.518236188654015 ], [ 77.984097262442475, -60.768333156631556 ], [ 79.42140402737337, -62.001295005406156 ], [ 77.44015314118657, -61.880063833765171 ], [ 77.270578970520219, -62.688173457445956 ] ] } },
{ "type": "Feature", "properties": { "ConType": "Certain" }, "geometry": { "type": "LineString", "coordinates": [ [ 76.013438332471182, -61.505904661335322 ], [ 76.88451518019852, -61.633284869853568 ], [ 75.973870165259513, -60.651620918356542 ], [ 77.971663487983989, -60.218628702247607 ], [ 77.127333872625599, -58.536321170710018 ], [ 75.774544222860143, -58.428239040795056 ] ] } },
{ "type": "Feature", "properties": { "ConType": "Certain" }, "geometry": { "type": "LineString", "coordinates": [ [ 75.168570890659836, -58.583140080234919 ], [ 73.957081108490399, -58.359959712454376 ], [ 73.825372423792444, -57.620348904733774 ], [ 76.713060039942661, -57.397801191317996 ], [ 76.005786480127853, -56.945753920542685 ] ] } },
{ "type": "Feature", "properties": { "ConType": "Certain" }, "geometry": { "type": "LineString", "coordinates": [ [ 76.005786480127853, -56.945753920542685 ], [ 73.216798834730767, -57.420553129687256 ], [ 74.541680407447899, -58.846877470336466 ] ] } },
{ "type": "Feature", "properties": { "ConType": "Certain" }, "geometry": { "type": "LineString", "coordinates": [ [ 69.486026346941827, -58.329519824147546 ], [ 69.911706725905489, -57.29944345847246 ], [ 72.700392663217158, -57.250189207899588 ], [ 73.078633007360196, -56.189949371262152 ] ] } },
{ "type": "Feature", "properties": { "ConType": "Certain" }, "geometry": { "type": "LineString", "coordinates": [ [ 70.554477344170579, -56.90385370232049 ], [ 70.684840376114821, -55.921811036075923 ], [ 72.465580144138485, -56.250926185306 ], [ 72.056837319660602, -56.950432156885832 ], [ 70.554477344170579, -56.90385370232049 ] ] } },
{ "type": "Feature", "properties": { "ConType": "Certain" }, "geometry": { "type": "LineString", "coordinates": [ [ 79.919255718853279, -55.71792557112822 ], [ 77.12852465133227, -56.490941176993857 ] ] } },
{ "type": "Feature", "properties": { "ConType": "Certain" }, "geometry": { "type": "LineString", "coordinates": [ [ 73.780480303332169, -55.665430392405078 ], [ 74.112377856182576, -56.090916501938835 ], [ 70.124968381017624, -54.139308349402043 ] ] } },
{ "type": "Feature", "properties": { "ConType": "Certain" }, "geometry": { "type": "LineString", "coordinates": [ [ 71.938974515913358, -49.578881577106202 ], [ 72.54400022195766, -50.233955258679998 ], [ 70.945503913931063, -51.043673913002756 ], [ 70.366136263118662, -50.045486263003035 ], [ 71.510802997318237, -49.492769572216382 ] ] } },
{ "type": "Feature", "properties": { "ConType": "Certain" }, "geometry": { "type": "LineString", "coordinates": [ [ 72.667089585362163, -45.861211701477281 ], [ 71.186584206766327, -45.770779527537279 ], [ 70.603666446929225, -46.753649721071838 ], [ 71.51342194274774, -47.346144268959648 ], [ 72.963264278276299, -46.741142445500543 ] ] } },
{ "type": "Feature", "properties": { "ConType": "Certain" }, "geometry": { "type": "LineString", "coordinates": [ [ 74.852595090955006, -54.195048341070446 ], [ 74.563360805253666, -54.761142240982281 ], [ 77.02334463476457, -54.194539663771124 ], [ 77.549532696994433, -53.247910178622305 ] ] } },
{ "type": "Feature", "properties": { "ConType": "Certain" }, "geometry": { "type": "LineString", "coordinates": [ [ 76.740575317388235, -51.948966735729158 ], [ 76.827358214501871, -50.969007496913164 ], [ 78.116269243570542, -50.519005343156024 ], [ 79.313700282427092, -50.991594562340296 ], [ 79.307518673291611, -52.045134473106806 ] ] } },
{ "type": "Feature", "properties": { "ConType": "Certain" }, "geometry": { "type": "LineString", "coordinates": [ [ 78.346531764114431, -52.432162207042616 ], [ 76.532688048606119, -52.529376029353372 ], [ 76.516709626260877, -50.68920386765317 ], [ 79.434488910621795, -50.668262867034237 ], [ 80.432676557323717, -51.743234179374447 ], [ 79.985935233871174, -52.10621150694687 ] ] } },
{ "type": "Feature", "properties": { "ConType": "Certain" }, "geometry": { "type": "LineString", "coordinates": [ [ 75.758443666913308, -51.059961354630801 ], [ 76.412849902452379, -50.148155330123018 ], [ 74.562196062588185, -48.825166981577915 ], [ 75.230527800886478, -48.210246877460726 ], [ 75.519249250777051, -49.037467862250828 ], [ 76.880173799771924, -49.077191952206284 ], [ 76.149537666557706, -48.322529938282671 ], [ 76.685999224151473, -47.510178177826091 ] ] } },
{ "type": "Feature", "properties": { "ConType": "Certain" }, "geometry": { "type": "LineString", "coordinates": [ [ 79.177294897067483, -49.814448217997935 ], [ 78.135597345241436, -49.659397026944333 ], [ 77.427190741105363, -48.456943578035165 ], [ 78.265818160051353, -46.74782364982547 ], [ 78.903121852739957, -47.433227254944505 ] ] } },
{ "type": "Feature", "properties": { "ConType": "Certain" }, "geometry": { "type": "LineString", "coordinates": [ [ 86.006117220575888, -68.362549349067962 ], [ 89.796528896472481, -66.426419466360684 ], [ 89.500888623395667, -65.338769225253657 ], [ 92.856611344555176, -65.98688333286718 ] ] } },
{ "type": "Feature", "properties": { "ConType": "Certain" }, "geometry": { "type": "LineString", "coordinates": [ [ 77.683483722959053, -65.7215981025915 ], [ 79.435560810644205, -65.179981392357533 ], [ 81.199474895065521, -65.983819004595389 ], [ 78.843773008538108, -66.638384078123423 ], [ 77.683483722959053, -65.7215981025915 ] ] } },
{ "type": "Feature", "properties": { "ConType": "Certain" }, "geometry": { "type": "LineString", "coordinates": [ [ 82.135321449059745, -64.560607390563788 ], [ 81.068077280874874, -65.291979161485813 ], [ 84.256692547576961, -66.491874726819631 ], [ 83.874179694024917, -65.838045347061822 ], [ 84.576048043079453, -65.479779223825389 ], [ 83.671957234625566, -64.811550699715383 ], [ 88.122628885754125, -65.830687416725013 ], [ 88.272607992165078, -66.763202702947467 ], [ 86.006117220575888, -68.362549349067962 ] ] } },
{ "type": "Feature", "properties": { "ConType": "Certain" }, "geometry": { "type": "LineString", "coordinates": [ [ 84.08860249061739, -63.154187502805065 ], [ 86.472268938716596, -62.750388699944274 ], [ 88.761878850842493, -63.376454867912329 ], [ 86.756749960085855, -64.261751229445679 ], [ 84.2593250996823, -63.377874529638298 ] ] } },
{ "type": "Feature", "properties": { "ConType": "Certain" }, "geometry": { "type": "LineString", "coordinates": [ [ 91.638385782956902, -62.694345156726627 ], [ 85.716133789424518, -62.327763131834423 ] ] } },
{ "type": "Feature", "properties": { "ConType": "Certain" }, "geometry": { "type": "LineString", "coordinates": [ [ 81.755585485225424, -61.364844305531328 ], [ 81.939268918028588, -62.048244672249908 ], [ 78.184862804997834, -63.050020029362422 ] ] } },
{ "type": "Feature", "properties": { "ConType": "Certain" }, "geometry": { "type": "LineString", "coordinates": [ [ 88.512626680673989, -62.032039032268628 ], [ 87.373758464696877, -62.055699297046907 ], [ 86.873992284903935, -61.372561892695224 ], [ 87.865182132977665, -60.756083382289191 ], [ 89.749718356735102, -61.340057552435539 ], [ 88.512626680673989, -62.032039032268628 ] ] } },
{ "type": "Feature", "properties": { "ConType": "Certain" }, "geometry": { "type": "LineString", "coordinates": [ [ 81.354451856195027, -59.558428403798509 ], [ 80.303936073657027, -60.642964477154344 ], [ 81.27508075219977, -61.237536437304279 ], [ 82.810030678542077, -60.67690737546878 ], [ 82.058567836169189, -59.713975869168415 ] ] } },
{ "type": "Feature", "properties": { "ConType": "Certain" }, "geometry": { "type": "LineString", "coordinates": [ [ 87.718335543213854, -59.382487324551832 ], [ 89.191549224259546, -59.371189110627327 ], [ 89.089882173723325, -60.407738896859634 ], [ 90.969766925990072, -61.511022746831465 ] ] } },
{ "type": "Feature", "properties": { "ConType": "Certain" }, "geometry": { "type": "LineString", "coordinates": [ [ 85.337051526441954, -61.214383158059753 ], [ 83.885354854264818, -60.419062751090685 ], [ 85.138770541131976, -60.38236083377506 ], [ 85.406567990503959, -59.179957837734008 ], [ 86.569259804134219, -59.386148348101244 ], [ 87.025915012292614, -58.547278479033565 ], [ 84.368706053752533, -59.082291027880402 ] ] } },
{ "type": "Feature", "properties": { "ConType": "Certain" }, "geometry": { "type": "LineString", "coordinates": [ [ 87.320000839724742, -57.959218675266015 ], [ 82.745381796654712, -57.999347037830823 ], [ 85.587630868556758, -57.222630884419125 ] ] } },
{ "type": "Feature", "properties": { "ConType": "Certain" }, "geometry": { "type": "LineString", "coordinates": [ [ 88.041910015122653, -57.298351036311431 ], [ 88.263529420828192, -56.488114085039946 ], [ 87.199685975141236, -56.040298490454937 ], [ 85.619238167440074, -56.554868964421203 ], [ 86.509481973695145, -57.242015971877407 ] ] } },
{ "type": "Feature", "properties": { "ConType": "Certain" }, "geometry": { "type": "LineString", "coordinates": [ [ 81.533800372237266, -57.591796004480699 ], [ 81.607333499969229, -56.052549128817908 ], [ 83.055583310287872, -55.89038746359229 ], [ 82.862475625348921, -56.537760521826854 ], [ 83.715147217977702, -56.751430423383638 ], [ 81.533800372237266, -57.591796004480699 ] ] } },
{ "type": "Feature", "properties": { "ConType": "Certain" }, "geometry": { "type": "LineString", "coordinates": [ [ 79.822126379291419, -60.204228644407941 ], [ 78.515759769206952, -58.897661700260272 ], [ 80.744490692890679, -56.288942446170168 ], [ 79.919255718853279, -55.71792557112822 ] ] } },
{ "type": "Feature", "properties": { "ConType": "Certain" }, "geometry": { "type": "LineString", "coordinates": [ [ 80.397654988626797, -54.034514975465726 ], [ 82.055550893822115, -55.435905748767517 ], [ 85.111210186213739, -54.953303058256594 ] ] } },
{ "type": "Feature", "properties": { "ConType": "Certain" }, "geometry": { "type": "LineString", "coordinates": [ [ 82.395541008891641, -53.577112607126047 ], [ 81.42917726642527, -54.415007310204942 ], [ 82.872031759349511, -55.137111572884351 ], [ 84.177845636976485, -54.77088629946747 ], [ 83.627661169671939, -53.644819927434717 ] ] } },
{ "type": "Feature", "properties": { "ConType": "Certain" }, "geometry": { "type": "LineString", "coordinates": [ [ 81.164896169913661, -48.840997755330996 ], [ 86.934337776889606, -47.496853195779309 ] ] } },
{ "type": "Feature", "properties": { "ConType": "Certain" }, "geometry": { "type": "LineString", "coordinates": [ [ 86.460674573480475, -54.085101634873197 ], [ 85.70675004402635, -55.062867474903449 ], [ 87.033556789891676, -55.408652724664286 ], [ 88.207144460852305, -55.057151685006367 ], [ 87.403547250809382, -54.094971678777107 ] ] } },
{ "type": "Feature", "properties": { "ConType": "Certain" }, "geometry": { "type": "LineString", "coordinates": [ [ 82.897487933855359, -52.095396020023017 ], [ 85.834581920972028, -52.717754137975909 ], [ 87.502009018992567, -51.479617534505486 ], [ 87.469724974310594, -49.827896187773575 ] ] } },
{ "type": "Feature", "properties": { "ConType": "Certain" }, "geometry": { "type": "LineString", "coordinates": [ [ 87.469724974310594, -49.827896187773575 ], [ 82.729555155030781, -51.425885586115562 ] ] } },
{ "type": "Feature", "properties": { "ConType": "Certain" }, "geometry": { "type": "LineString", "coordinates": [ [ 82.053395713108699, -51.487415521755985 ], [ 81.441770977036356, -50.154663037788559 ], [ 83.25447625633899, -48.658254106542543 ], [ 85.996874666699753, -48.424849212261357 ], [ 87.469724974310594, -49.827896187773575 ] ] } },
{ "type": "Feature", "properties": { "ConType": "Certain" }, "geometry": { "type": "LineString", "coordinates": [ [ 56.56973127329195, -45.46514180708872 ], [ 54.86292087879211, -44.640672203621371 ], [ 53.820418300487823, -42.900958894831227 ], [ 52.880167028738747, -43.227608650265637 ] ] } },
{ "type": "Feature", "properties": { "ConType": "Certain" }, "geometry": { "type": "LineString", "coordinates": [ [ 50.000000003051319, -40.51760119559615 ], [ 52.706861552051876, -40.815426662560633 ], [ 52.269781773115426, -42.508047760891642 ] ] } },
{ "type": "Feature", "properties": { "ConType": "Certain" }, "geometry": { "type": "LineString", "coordinates": [ [ 44.571180172875266, -35.854779501348432 ], [ 44.086919555410468, -36.823300736278021 ], [ 48.145001290402355, -40.935359537692527 ] ] } },
{ "type": "Feature", "properties": { "ConType": "Certain" }, "geometry": { "type": "LineString", "coordinates": [ [ 50.865343615579761, -32.271325681764509 ], [ 52.577330674195053, -35.05753152703663 ], [ 55.442576400168853, -35.521648723954023 ], [ 56.847704550720003, -34.168102548287607 ], [ 56.935751404469826, -31.691712398464439 ] ] } },
{ "type": "Feature", "properties": { "ConType": "Certain" }, "geometry": { "type": "LineString", "coordinates": [ [ 50.240710485168307, -26.079196867711588 ], [ 51.365938565929035, -27.03519747102596 ], [ 50.522925091413953, -27.763236882608204 ], [ 50.18852644950384, -26.723620548692352 ] ] } },
{ "type": "Feature", "properties": { "ConType": "Certain" }, "geometry": { "type": "LineString", "coordinates": [ [ 49.795671803385567, -23.932529356058289 ], [ 49.696202052919027, -25.026696584808061 ], [ 48.921385066294455, -24.974344088207435 ], [ 50.031258049630665, -25.764866822822842 ], [ 49.973670300401942, -27.037032551886806 ], [ 48.560152822931386, -26.801446305641704 ] ] } },
{ "type": "Feature", "properties": { "ConType": "Certain" }, "geometry": { "type": "LineString", "coordinates": [ [ 48.560152822931386, -26.801446305641704 ], [ 49.73808405415685, -26.340744311812088 ], [ 48.429271576483139, -24.859168589750031 ], [ 49.298323060946174, -24.508406845047524 ], [ 49.067972064031352, -23.676002109194268 ], [ 49.717143053537939, -23.796412856981959 ] ] } },
{ "type": "Feature", "properties": { "ConType": "Certain" }, "geometry": { "type": "LineString", "coordinates": [ [ 57.084944710510229, -43.931066698325246 ], [ 56.480129393486614, -43.176796082444199 ], [ 55.991111798379755, -44.353523726351995 ], [ 57.908378185068329, -44.290925185179979 ] ] } },
{ "type": "Feature", "properties": { "ConType": "Certain" }, "geometry": { "type": "LineString", "coordinates": [ [ 57.651396397403005, -42.599128408688415 ], [ 57.227848701638763, -42.108703548243021 ], [ 55.937800479630738, -42.76042025248497 ], [ 55.94029579096479, -41.016166977033016 ], [ 58.404981551430076, -42.215345283234974 ] ] } },
{ "type": "Feature", "properties": { "ConType": "Certain" }, "geometry": { "type": "LineString", "coordinates": [ [ 63.625231434303629, -41.241527249048261 ], [ 64.533872666707055, -40.467785011735515 ], [ 64.605900271488522, -41.355842522641495 ], [ 67.16269477854452, -40.625953843111752 ], [ 67.402427598246732, -41.195722307293082 ] ] } },
{ "type": "Feature", "properties": { "ConType": "Certain" }, "geometry": { "type": "LineString", "coordinates": [ [ 66.914948316002665, -32.237587427722993 ], [ 65.258950858676556, -33.268075967508956 ], [ 66.993859213595769, -35.199781840397939 ] ] } },
{ "type": "Feature", "properties": { "ConType": "Certain" }, "geometry": { "type": "LineString", "coordinates": [ [ 58.899641207773783, -32.293094546047875 ], [ 59.057324746469845, -29.968009718223229 ], [ 59.139247807914309, -32.311920064732824 ] ] } },
{ "type": "Feature", "properties": { "ConType": "Certain" }, "geometry": { "type": "LineString", "coordinates": [ [ 57.510185164471764, -28.232660293969232 ], [ 58.910614513669962, -29.340699967357079 ], [ 59.596432251786318, -28.623994705701961 ], [ 59.811077497412469, -29.14198685961285 ], [ 58.845173888796907, -29.666479561690188 ], [ 57.837388282241307, -29.276788438027641 ], [ 57.510185164471764, -28.232660293969232 ] ] } },
{ "type": "Feature", "properties": { "ConType": "Certain" }, "geometry": { "type": "LineString", "coordinates": [ [ 63.948298452392699, -32.459240183964837 ], [ 64.205379744234122, -29.473791078449675 ], [ 67.529111805178587, -26.932790386829652 ] ] } },
{ "type": "Feature", "properties": { "ConType": "Certain" }, "geometry": { "type": "LineString", "coordinates": [ [ 61.743312451018973, -25.374982151946089 ], [ 61.174961336813794, -24.83794840164418 ], [ 62.606779249171574, -24.822798047426261 ], [ 62.439263498802696, -26.439891376959796 ], [ 61.743312451018973, -25.374982151946089 ] ] } },
{ "type": "Feature", "properties": { "ConType": "Certain" }, "geometry": { "type": "LineString", "coordinates": [ [ 61.015197381570175, -26.824073904188783 ], [ 59.440400051062468, -25.915976440853402 ], [ 60.017632584907425, -24.511702803396521 ], [ 58.890114110802045, -24.553272441393915 ], [ 58.694805395994457, -26.155838187601798 ], [ 60.622586316715072, -27.295207182674474 ] ] } },
{ "type": "Feature", "properties": { "ConType": "Certain" }, "geometry": { "type": "LineString", "coordinates": [ [ 60.865291340963935, -23.604663161823954 ], [ 59.924974212376057, -23.547394592364785 ], [ 61.536139763564329, -23.370704793082815 ], [ 62.079931292842957, -23.991957643988009 ], [ 60.865291340963935, -23.604663161823954 ] ] } },
{ "type": "Feature", "properties": { "ConType": "Certain" }, "geometry": { "type": "LineString", "coordinates": [ [ 45.271228541643062, -22.041284863024718 ], [ 46.298646335660564, -20.300564267784608 ], [ 44.68880698686872, -19.554541157423294 ] ] } },
{ "type": "Feature", "properties": { "ConType": "Certain" }, "geometry": { "type": "LineString", "coordinates": [ [ 48.120217323937972, -11.97539307565434 ], [ 47.204048588906808, -12.778131393139684 ], [ 47.614143167047352, -11.905589743555719 ], [ 46.488564435720313, -11.312261419068488 ] ] } },
{ "type": "Feature", "properties": { "ConType": "Certain" }, "geometry": { "type": "LineString", "coordinates": [ [ 50.458803456673643, -17.56541841681862 ], [ 51.240600776837852, -20.183043372166086 ], [ 51.16381711119957, -21.641933012697653 ], [ 50.411873289654004, -21.424433389214506 ] ] } },
{ "type": "Feature", "properties": { "ConType": "Certain" }, "geometry": { "type": "LineString", "coordinates": [ [ 53.567227779235736, -12.744778248257825 ], [ 53.120004968751061, -14.116120053116004 ], [ 53.906019533982537, -15.495802262199371 ], [ 50.790626070575406, -15.770728903991602 ] ] } },
{ "type": "Feature", "properties": { "ConType": "Certain" }, "geometry": { "type": "LineString", "coordinates": [ [ 56.851731823375957, -6.662518289506157 ], [ 57.128693207343325, -7.318811757135338 ], [ 55.799574958988359, -7.45749882308207 ], [ 56.168253839904359, -8.600299727839682 ], [ 53.966949314965085, -8.838476584914416 ], [ 55.44439760063738, -9.760227358131759 ], [ 54.297378619769759, -11.462402694234903 ], [ 56.170503106527157, -12.331055934446189 ], [ 53.835054097449323, -14.012117439424328 ], [ 57.621778740137628, -13.411692214463031 ], [ 58.639119385828018, -15.387863134292411 ], [ 57.985886862939481, -16.149786948014523 ] ] } },
{ "type": "Feature", "properties": { "ConType": "Certain" }, "geometry": { "type": "LineString", "coordinates": [ [ 56.18701434598443, -21.741996203524469 ], [ 55.213636794126131, -20.766674852607832 ], [ 55.237963363904285, -18.958192810454403 ], [ 57.686074775131416, -18.98372500558359 ] ] } },
{ "type": "Feature", "properties": { "ConType": "Certain" }, "geometry": { "type": "LineString", "coordinates": [ [ 65.300147404656045, -19.438577606205691 ], [ 64.951044022215484, -20.250051294166095 ], [ 66.019741077346694, -20.029540872116065 ], [ 66.675193892487187, -20.933691805852106 ], [ 67.027322685995983, -23.97276138131063 ] ] } },
{ "type": "Feature", "properties": { "ConType": "Certain" }, "geometry": { "type": "LineString", "coordinates": [ [ 65.431052748045744, -17.587748518556353 ], [ 65.890287387530378, -18.4730675688754 ], [ 66.726756766580223, -17.798308955008483 ], [ 67.048218988387916, -18.454252115041324 ], [ 65.649404325539209, -18.934178501685274 ], [ 66.769920915056289, -19.364485519791305 ] ] } },
{ "type": "Feature", "properties": { "ConType": "Certain" }, "geometry": { "type": "LineString", "coordinates": [ [ 61.978715699675675, -4.330987320431753 ], [ 60.759186044055909, -3.934379345660523 ], [ 60.728802419320751, -4.991248575205728 ], [ 59.407584297325471, -4.568041076017913 ], [ 58.26513166213082, -5.213426537263454 ] ] } },
{ "type": "Feature", "properties": { "ConType": "Certain" }, "geometry": { "type": "LineString", "coordinates": [ [ 63.57336701701459, -1.74393188946182 ], [ 63.38881426734406, -0.6886518675512 ], [ 64.366310401029665, -0.450570488052628 ], [ 64.571009928396435, -1.846003308243274 ], [ 64.080065593691756, -2.378760726999155 ], [ 63.57336701701459, -1.74393188946182 ] ] } },
{ "type": "Feature", "properties": { "ConType": "Certain" }, "geometry": { "type": "LineString", "coordinates": [ [ 67.180035448115831, -1.18980197093481 ], [ 66.518649779333387, -0.88029956540492 ], [ 68.155515709572768, 0.745436687695238 ], [ 68.343350289865853, -0.884670210407739 ] ] } },
{ "type": "Feature", "properties": { "ConType": "Certain" }, "geometry": { "type": "LineString", "coordinates": [ [ 62.640712389329487, 0.898992641601042 ], [ 63.5244098477297, -0.116814855563559 ], [ 64.557152336998314, 0.119588180371791 ], [ 64.826585037729586, -1.016919481807715 ], [ 66.220844343137003, -0.874638251678083 ], [ 66.478688901559323, 0.708816515963964 ] ] } },
{ "type": "Feature", "properties": { "ConType": "Internal" }, "geometry": { "type": "LineString", "coordinates": [ [ 72.393659301965869, -43.97358360631749 ], [ 72.226802779542481, -41.478494962031498 ], [ 70.486140189106408, -41.118851263447496 ], [ 69.846321187293597, -42.617752392915115 ] ] } },
{ "type": "Feature", "properties": { "ConType": "Certain" }, "geometry": { "type": "LineString", "coordinates": [ [ 73.665346482327379, -37.278092634504972 ], [ 73.389491074432271, -36.615505594518829 ], [ 71.849572023705875, -36.566807529188154 ], [ 73.80387679448755, -35.957347906768533 ], [ 74.1289103795676, -37.56370876790897 ] ] } },
{ "type": "Feature", "properties": { "ConType": "Certain" }, "geometry": { "type": "LineString", "coordinates": [ [ 77.592573864337226, -43.753961034706919 ], [ 75.935579858160906, -42.7623976428182 ], [ 74.732224177156084, -43.933276836686041 ], [ 76.535915950491344, -44.878196438221252 ], [ 77.592573864337226, -43.753961034706919 ] ] } },
{ "type": "Feature", "properties": { "ConType": "Certain" }, "geometry": { "type": "LineString", "coordinates": [ [ 76.023377171543515, -34.744167602302497 ], [ 78.185717835844912, -32.52289772750801 ], [ 75.923439807841561, -35.072533223539061 ] ] } },
{ "type": "Feature", "properties": { "ConType": "Certain" }, "geometry": { "type": "LineString", "coordinates": [ [ 68.328736838720076, -27.389646901898885 ], [ 67.243444054787076, -28.91302964008111 ], [ 67.5957367154125, -27.085075890753469 ] ] } },
{ "type": "Feature", "properties": { "ConType": "Certain" }, "geometry": { "type": "LineString", "coordinates": [ [ 71.937397909129103, -24.283256427811221 ], [ 69.900176888499345, -25.046357881850135 ], [ 70.418429125807677, -25.859500580631966 ], [ 71.974222115042394, -25.688828658578178 ] ] } },
{ "type": "Feature", "properties": { "ConType": "Certain" }, "geometry": { "type": "LineString", "coordinates": [ [ 74.324589891132206, -32.197612484880437 ], [ 76.836307370719922, -30.643122382676573 ], [ 73.496537461279246, -33.44682950971923 ] ] } },
{ "type": "Feature", "properties": { "ConType": "Certain" }, "geometry": { "type": "LineString", "coordinates": [ [ 90.213235042833432, -40.478395016748145 ], [ 88.476964968334343, -41.127925026608608 ], [ 87.85049196537517, -40.422064137207883 ], [ 88.607136289932654, -39.480876962941316 ], [ 90.060218435661156, -39.649957101787606 ] ] } },
{ "type": "Feature", "properties": { "ConType": "Certain" }, "geometry": { "type": "LineString", "coordinates": [ [ 84.29133837942949, -39.145470638846597 ], [ 84.157996019715142, -38.4475948730095 ], [ 85.33119315995161, -37.720289822890891 ], [ 85.2575650954808, -38.487957827065692 ], [ 87.341728742175604, -38.638166304568657 ] ] } },
{ "type": "Feature", "properties": { "ConType": "Certain" }, "geometry": { "type": "LineString", "coordinates": [ [ 85.372041512217251, -35.874649528623522 ], [ 85.010754423331619, -34.629267818760589 ], [ 85.777596496346135, -34.438106666746748 ], [ 84.998651489623214, -33.955817813587799 ], [ 86.057326281523316, -33.179196098948864 ] ] } },
{ "type": "Feature", "properties": { "ConType": "Certain" }, "geometry": { "type": "LineString", "coordinates": [ [ 86.057326281523316, -33.179196098948864 ], [ 85.657720877420275, -32.139572875952588 ], [ 87.508262674916068, -32.241531035481614 ], [ 88.841295662188074, -33.430467181907169 ] ] } },
{ "type": "Feature", "properties": { "ConType": "Certain" }, "geometry": { "type": "LineString", "coordinates": [ [ 83.257394383747808, -32.142414896995597 ], [ 83.049733208055812, -33.046571628244031 ], [ 84.237431397610678, -33.08830634694425 ], [ 84.517876173041145, -31.664683333782087 ], [ 83.257394383747808, -32.142414896995597 ] ] } },
{ "type": "Feature", "properties": { "ConType": "Certain" }, "geometry": { "type": "LineString", "coordinates": [ [ 88.684251231629119, -31.700123137925374 ], [ 87.331020179452238, -30.934371495207571 ], [ 89.191076426900437, -33.054988234470926 ] ] } },
{ "type": "Feature", "properties": { "ConType": "Certain" }, "geometry": { "type": "LineString", "coordinates": [ [ 86.398282912482088, -29.144294028808257 ], [ 85.775452821617193, -29.058256369265127 ], [ 85.829825091730427, -30.238842010338931 ], [ 87.080414596833393, -30.194015858842238 ], [ 86.398282912482088, -29.144294028808257 ] ] } },
{ "type": "Feature", "properties": { "ConType": "Certain" }, "geometry": { "type": "LineString", "coordinates": [ [ 83.657150566044422, -25.918612267662841 ], [ 84.106498412156739, -26.871541406290852 ], [ 83.407289201979381, -28.521833451860662 ], [ 81.484993836043259, -29.560486976601695 ] ] } },
{ "type": "Feature", "properties": { "ConType": "Certain" }, "geometry": { "type": "LineString", "coordinates": [ [ 82.81422407070427, -25.702477269111352 ], [ 80.736442373803683, -27.222795270096 ], [ 79.699437631248685, -26.358737066318707 ], [ 78.688829259437824, -26.705822390096717 ] ] } },
{ "type": "Feature", "properties": { "ConType": "Certain" }, "geometry": { "type": "LineString", "coordinates": [ [ 91.599769964334584, -29.944672583965254 ], [ 89.061807835363865, -29.527558118608326 ], [ 90.941153237599323, -26.239819237333418 ], [ 89.073058699639333, -24.10648936134184 ], [ 89.404135159185344, -23.254993671095264 ], [ 87.618800760355668, -22.424650155361999 ], [ 87.57272062143781, -21.709004397341886 ], [ 85.412161584141458, -21.484609279229183 ], [ 82.265151436344567, -23.955227431646001 ], [ 84.584058094627267, -21.883708789366487 ] ] } },
{ "type": "Feature", "properties": { "ConType": "Certain" }, "geometry": { "type": "LineString", "coordinates": [ [ 72.481047313611512, -20.554903590191987 ], [ 69.737763202969475, -19.210203686334204 ], [ 68.198017503799761, -19.933864267802267 ] ] } },
{ "type": "Feature", "properties": { "ConType": "Certain" }, "geometry": { "type": "LineString", "coordinates": [ [ 70.351422654834664, -14.145320536822933 ], [ 69.369872420982659, -16.563787318171578 ], [ 70.34428427147752, -16.164055255900955 ] ] } },
{ "type": "Feature", "properties": { "ConType": "Certain" }, "geometry": { "type": "LineString", "coordinates": [ [ 68.567593435985501, -12.993722094976953 ], [ 67.720628442316908, -13.087514220854146 ], [ 67.353004428345102, -14.167431381786351 ], [ 68.500229844184858, -16.285214212566718 ], [ 67.173808725232007, -16.173278408886631 ], [ 66.772048024992955, -17.563824140482936 ], [ 66.525724838553387, -16.565493201567588 ] ] } },
{ "type": "Feature", "properties": { "ConType": "Certain" }, "geometry": { "type": "LineString", "coordinates": [ [ 74.304398415209022, -19.138179296896659 ], [ 75.026854060563863, -20.439190252090484 ], [ 76.529001945374219, -20.309696797538944 ], [ 77.05863890749599, -18.70416112225859 ], [ 76.126374517031849, -17.990053630932206 ] ] } },
{ "type": "Feature", "properties": { "ConType": "Certain" }, "geometry": { "type": "LineString", "coordinates": [ [ 73.242610369045153, -14.594372261303732 ], [ 73.930323570532011, -13.751403237681506 ], [ 73.527985998022743, -14.826203282667436 ], [ 75.021385838956377, -15.311006600716752 ], [ 74.595294199369306, -13.873793206075115 ] ] } },
{ "type": "Feature", "properties": { "ConType": "Certain" }, "geometry": { "type": "LineString", "coordinates": [ [ 71.446133167877562, -8.879364978929496 ], [ 72.591320065574195, -8.945249512533314 ], [ 73.447207651773482, -10.199030119498229 ], [ 73.144021883334162, -11.779274611935252 ], [ 73.95684719634346, -12.030194437534083 ] ] } },
{ "type": "Feature", "properties": { "ConType": "Certain" }, "geometry": { "type": "LineString", "coordinates": [ [ 68.519110594233638, -8.92733491231923 ], [ 69.026138652972008, -8.063969283725957 ], [ 69.975125694228581, -8.356300938243281 ], [ 69.808043932842324, -9.443091739359847 ], [ 68.519110594233638, -8.92733491231923 ] ] } },
{ "type": "Feature", "properties": { "ConType": "Certain" }, "geometry": { "type": "LineString", "coordinates": [ [ 72.045471807763676, -4.138907582588481 ], [ 72.884464166594142, -6.372028947900125 ], [ 73.71492558486618, -6.272127068403744 ], [ 73.058568855757883, -3.989426963310003 ], [ 72.045471807763676, -4.138907582588481 ] ] } },
{ "type": "Feature", "properties": { "ConType": "Certain" }, "geometry": { "type": "LineString", "coordinates": [ [ 68.331846349993739, -3.414778197383324 ], [ 69.464053174759968, -4.566965007590662 ], [ 68.561990921829775, -4.794270846278946 ], [ 67.814043251708952, -3.759925351428177 ] ] } },
{ "type": "Feature", "properties": { "ConType": "Certain" }, "geometry": { "type": "LineString", "coordinates": [ [ 78.915745233555256, -5.082761968718795 ], [ 77.551000740577237, -5.86814068402836 ], [ 77.501556280152244, -7.311388243676195 ], [ 78.371703342760043, -8.332721284610059 ], [ 80.044295641782782, -8.099850780486072 ] ] } },
{ "type": "Feature", "properties": { "ConType": "Certain" }, "geometry": { "type": "LineString", "coordinates": [ [ 76.597218764131568, -22.32016142454297 ], [ 77.476446901097844, -23.122006057800771 ], [ 77.366410224631423, -21.089612310475324 ], [ 79.302397075650603, -21.568512435193561 ], [ 80.372925303763139, -20.457670419755399 ], [ 81.856990615495974, -21.16799322705462 ], [ 81.473461492317739, -23.082455988853088 ], [ 82.558069599270453, -23.106523830624909 ], [ 82.993209952016286, -21.920411976330733 ] ] } },
{ "type": "Feature", "properties": { "ConType": "Certain" }, "geometry": { "type": "LineString", "coordinates": [ [ 82.278368475174162, -13.808856598726091 ], [ 82.693188622817956, -12.44103854037037 ], [ 81.611683748149417, -10.68702353028621 ], [ 79.446531719048025, -10.25358484636253 ], [ 78.385596523892971, -11.004279449089257 ] ] } },
{ "type": "Feature", "properties": { "ConType": "Approx" }, "geometry": { "type": "LineString", "coordinates": [ [ 89.514624549478171, -13.070508247147844 ], [ 88.900808825303528, -14.870027984800005 ], [ 88.04410235202046, -13.85591816613335 ], [ 88.153287872541426, -14.701410769733693 ], [ 87.145854238965413, -14.069763015376504 ], [ 87.117970199498345, -14.935483654184726 ] ] } },
{ "type": "Feature", "properties": { "ConType": "Certain" }, "geometry": { "type": "LineString", "coordinates": [ [ 89.254411314804841, -12.166493294427834 ], [ 86.761388741685934, -11.900691356737569 ], [ 86.841963327469642, -13.495087840758545 ] ] } },
{ "type": "Feature", "properties": { "ConType": "Certain" }, "geometry": { "type": "LineString", "coordinates": [ [ 80.044295641782782, -8.099850780486072 ], [ 78.592805826694672, -6.656868458679297 ], [ 79.851885722747127, -6.08200878927688 ], [ 79.558676820180779, -7.064405370898542 ], [ 80.501152160149786, -7.164722606871815 ] ] } },
{ "type": "Feature", "properties": { "ConType": "Certain" }, "geometry": { "type": "LineString", "coordinates": [ [ 80.333134486352691, -4.415876844972868 ], [ 81.29080381028308, -6.92890692357895 ], [ 79.844420920974457, -8.949318360410414 ] ] } },
{ "type": "Feature", "properties": { "ConType": "Certain" }, "geometry": { "type": "LineString", "coordinates": [ [ 88.753122925250963, -10.294189719596437 ], [ 87.142627316523402, -10.415525411350011 ], [ 88.895890589095686, -11.536268364375889 ] ] } },
{ "type": "Feature", "properties": { "ConType": "Certain" }, "geometry": { "type": "LineString", "coordinates": [ [ 85.291007158637271, -11.414915853900352 ], [ 86.907397336978676, -11.595856205914696 ], [ 83.070130235143793, -9.926772948554978 ] ] } },
{ "type": "Feature", "properties": { "ConType": "Certain" }, "geometry": { "type": "LineString", "coordinates": [ [ 82.762023612052445, -6.157940128254722 ], [ 83.47993451884534, -5.223695019988631 ], [ 85.917796040279555, -5.206959154957186 ], [ 86.413424220865792, -6.165421300250126 ], [ 85.671306536466446, -7.031788645300418 ] ] } },
{ "type": "Feature", "properties": { "ConType": "Certain" }, "geometry": { "type": "LineString", "coordinates": [ [ 86.085037371763875, -2.6395661917443 ], [ 85.43629074829272, -1.957917023335163 ], [ 85.429158370208668, -2.712605759239979 ], [ 84.403162434244337, -2.605257261977366 ], [ 85.758705526450399, -3.716324786797068 ], [ 86.239718748801451, -2.970590242833516 ] ] } },
{ "type": "Feature", "properties": { "ConType": "Certain" }, "geometry": { "type": "LineString", "coordinates": [ [ 85.345628009461237, 1.71569818876501 ], [ 86.726003479668677, 0.875617206826012 ], [ 85.580541239706605, -0.164008163030661 ], [ 85.837787424276897, -0.764181493003676 ], [ 88.012188371986483, -1.207309953811837 ], [ 89.649187677988849, -3.138165317121919 ], [ 90.163668791776857, -0.630059011710808 ], [ 89.053838607141401, -1.613476753579168 ], [ 89.468228650597553, -0.272543128790221 ], [ 90.962848712894683, -0.593339167616228 ] ] } },
{ "type": "Feature", "properties": { "ConType": "Certain" }, "geometry": { "type": "LineString", "coordinates": [ [ 5.484895823633756, 1.612803219826653 ], [ 5.242765514901352, 3.239002723187856 ], [ 5.569968632670888, 4.115907083295228 ], [ 6.518857680138571, 3.716719278165352 ], [ 6.250551121456954, 4.253332392230785 ] ] } },
{ "type": "Feature", "properties": { "ConType": "Certain" }, "geometry": { "type": "LineString", "coordinates": [ [ 2.715847844914048, 4.431869428022459 ], [ 3.930425821451506, 5.143863412790237 ], [ 4.323069564094088, 3.547112192270778 ], [ 3.187020334106451, 3.290584945406756 ], [ 2.715847844914048, 4.431869428022459 ] ] } },
{ "type": "Feature", "properties": { "ConType": "Certain" }, "geometry": { "type": "LineString", "coordinates": [ [ 3.43416483150447, 8.485144523973446 ], [ 4.278348879175304, 6.783688303657154 ], [ 2.360938600075822, 7.182876112084815 ], [ 2.311203726491423, 6.133208504291336 ] ] } },
{ "type": "Feature", "properties": { "ConType": "Certain" }, "geometry": { "type": "LineString", "coordinates": [ [ 7.924920582278958, 8.681096914355349 ], [ 8.081978081974228, 7.827751181180946 ], [ 5.113591381924241, 9.571089399437312 ] ] } },
{ "type": "Feature", "properties": { "ConType": "Certain" }, "geometry": { "type": "LineString", "coordinates": [ [ 8.249506077032251, 9.204621906743958 ], [ 8.678796568284609, 8.686332163685631 ], [ 8.704972818233822, 11.283016118414185 ], [ 7.914319200983578, 10.83324271246698 ], [ 6.883105850129819, 12.280331226309222 ] ] } },
{ "type": "Feature", "properties": { "ConType": "Certain" }, "geometry": { "type": "LineString", "coordinates": [ [ 4.899162263470993, 17.021001362994234 ], [ 5.082396009817662, 16.209537627759889 ], [ 7.025982538866357, 15.182119833742371 ], [ 6.476281296528535, 15.790717635168127 ], [ 7.529875340495283, 15.542043263948429 ], [ 7.013548820470273, 17.322028234112356 ], [ 7.728300234705116, 17.623055101932678 ] ] } },
{ "type": "Feature", "properties": { "ConType": "Certain" }, "geometry": { "type": "LineString", "coordinates": [ [ 1.82999700639301, 18.742089770772438 ], [ 3.040648546757214, 17.70812791426761 ], [ 2.392786370407638, 16.903208241520577 ] ] } },
{ "type": "Feature", "properties": { "ConType": "Certain" }, "geometry": { "type": "LineString", "coordinates": [ [ 6.2579980261308, 18.065736560684329 ], [ 5.839178033539038, 18.379851556777059 ], [ 5.917706783386643, 18.981905295715503 ], [ 7.032815012755366, 18.332734306208916 ], [ 6.2579980261308, 18.065736560684329 ] ] } },
{ "type": "Feature", "properties": { "ConType": "Certain" }, "geometry": { "type": "LineString", "coordinates": [ [ 7.760514748811776, 19.751487033009774 ], [ 8.404450488988065, 18.929552795817081 ], [ 6.210880775562675, 19.269844038561224 ] ] } },
{ "type": "Feature", "properties": { "ConType": "Certain" }, "geometry": { "type": "LineString", "coordinates": [ [ 3.988953463521919, 19.791623946740483 ], [ 4.582281784711384, 18.660809966083143 ], [ 5.657253100349381, 18.660809966083143 ], [ 5.510666102612459, 18.109363642833753 ], [ 4.666045783889285, 18.493281971025105 ], [ 4.861495113105871, 17.557917319584366 ], [ 3.570133470930157, 19.72182061464186 ] ] } },
{ "type": "Feature", "properties": { "ConType": "Certain" }, "geometry": { "type": "LineString", "coordinates": [ [ 1.666395444210459, 19.173997888338807 ], [ 1.273603841917269, 19.617115618142812 ], [ 2.292732492535896, 19.994053609496731 ], [ 3.563153137390509, 18.395557304767905 ], [ 3.570133470930157, 19.72182061464186 ] ] } },
{ "type": "Feature", "properties": { "ConType": "Certain" }, "geometry": { "type": "LineString", "coordinates": [ [ 9.172709806449486, 22.187185356806456 ], [ 9.500785466323697, 20.623590716478059 ], [ 8.816712812416682, 19.775480232633939 ], [ 10.135995788750988, 20.257123223784706 ], [ 10.803641530953573, 19.659280813680756 ] ] } },
{ "type": "Feature", "properties": { "ConType": "Certain" }, "geometry": { "type": "LineString", "coordinates": [ [ 12.61979664672009, -0.914153380555323 ], [ 12.01779442253771, 1.255854642291498 ], [ 13.116798484881013, 1.472855445565514 ], [ 13.592800242539855, 0.030850113424641 ], [ 12.61979664672009, -0.914153380555323 ] ] } },
{ "type": "Feature", "properties": { "ConType": "Certain" }, "geometry": { "type": "LineString", "coordinates": [ [ 14.629211960255967, 1.207943488686154 ], [ 13.682863367550784, 1.164646495391038 ], [ 13.664307512339205, 0.137889195669814 ], [ 14.350874138678096, 0.323447744487651 ] ] } },
{ "type": "Feature", "properties": { "ConType": "Certain" }, "geometry": { "type": "LineString", "coordinates": [ [ 13.310405689160275, 6.032919358881538 ], [ 14.185151161839835, 4.965824010003787 ], [ 14.225462155938491, 5.969119885111673 ], [ 14.964497060938712, 5.104672994074064 ], [ 14.321503650669912, 6.699784201227435 ] ] } },
{ "type": "Feature", "properties": { "ConType": "Certain" }, "geometry": { "type": "LineString", "coordinates": [ [ 20.971429845481406, 6.951910730554206 ], [ 22.358771073002782, 6.55403173528356 ], [ 22.494887568781323, 5.527922754423052 ], [ 20.950488844862491, 5.093397013840427 ], [ 20.971429845481406, 6.951910730554206 ] ] } },
{ "type": "Feature", "properties": { "ConType": "Certain" }, "geometry": { "type": "LineString", "coordinates": [ [ 18.147330430273001, 5.606361665913054 ], [ 18.649041879938022, 6.278218736950139 ], [ 17.41439544158851, 8.258888285660948 ] ] } },
{ "type": "Feature", "properties": { "ConType": "Certain" }, "geometry": { "type": "LineString", "coordinates": [ [ 15.853863183836621, 7.568051636445667 ], [ 14.014043671162675, 7.422300825991679 ], [ 13.023708896807255, 9.919078759201344 ] ] } },
{ "type": "Feature", "properties": { "ConType": "Certain" }, "geometry": { "type": "LineString", "coordinates": [ [ 17.214661061472761, 3.94183942829769 ], [ 19.2399579907689, 5.675383652953543 ], [ 18.925842997973955, 7.350663623320638 ], [ 20.083530651513787, 10.054758987225334 ] ] } },
{ "type": "Feature", "properties": { "ConType": "Certain" }, "geometry": { "type": "LineString", "coordinates": [ [ 17.719785019932242, 9.44336357607594 ], [ 18.622865629988809, 9.089984208357192 ], [ 16.83851795259929, 11.114280839217427 ] ] } },
{ "type": "Feature", "properties": { "ConType": "Certain" }, "geometry": { "type": "LineString", "coordinates": [ [ 9.722574520169266, 11.912227717169602 ], [ 11.127366579890856, 11.793562053591272 ], [ 11.253012577008834, 12.81269070091213 ], [ 11.525245571863705, 11.744699718813781 ], [ 11.706734234001024, 12.973238365728319 ], [ 13.012056546553817, 10.990823732808144 ], [ 10.226903596148313, 11.723758721492635 ] ] } },
{ "type": "Feature", "properties": { "ConType": "Certain" }, "geometry": { "type": "LineString", "coordinates": [ [ 15.36828527130247, 13.175660489739776 ], [ 17.047927948895172, 12.17223759040975 ], [ 17.484198773687147, 13.241101114612793 ], [ 16.197199838737028, 13.428697568185068 ] ] } },
{ "type": "Feature", "properties": { "ConType": "Certain" }, "geometry": { "type": "LineString", "coordinates": [ [ 12.999334687174702, 14.067834326785645 ], [ 12.373286053548746, 13.95004120531199 ], [ 12.456177507324192, 12.462357688517187 ], [ 10.981582118801779, 14.264156198106921 ], [ 10.66746712270905, 15.442087429332402 ], [ 11.238981904472677, 15.389734929433976 ] ] } },
{ "type": "Feature", "properties": { "ConType": "Certain" }, "geometry": { "type": "LineString", "coordinates": [ [ 21.185812517879736, 16.153606994229065 ], [ 21.875120424414831, 15.752237833837503 ], [ 20.967677107132637, 15.560278669741834 ], [ 21.116009185781099, 14.884058891479144 ], [ 19.257495469067351, 14.203476402693076 ] ] } },
{ "type": "Feature", "properties": { "ConType": "Certain" }, "geometry": { "type": "LineString", "coordinates": [ [ 12.849985854125121, 16.859056919807333 ], [ 14.014828957078214, 16.078132141747808 ], [ 13.892673125081153, 15.445539442336759 ], [ 13.177188971894658, 15.410637777936346 ], [ 13.696351253759893, 15.842545895502715 ], [ 12.801996061452321, 16.640921505762453 ] ] } },
{ "type": "Feature", "properties": { "ConType": "Certain" }, "geometry": { "type": "LineString", "coordinates": [ [ 11.051235309180026, 16.746150741825321 ], [ 13.331841051378131, 17.485629792997123 ], [ 14.490140091843909, 15.980495444002106 ] ] } },
{ "type": "Feature", "properties": { "ConType": "Certain" }, "geometry": { "type": "LineString", "coordinates": [ [ 15.54004521626727, 18.336653850003973 ], [ 19.963831388430076, 16.739902626186719 ] ] } },
{ "type": "Feature", "properties": { "ConType": "Certain" }, "geometry": { "type": "LineString", "coordinates": [ [ 10.803641530953573, 19.659280813680756 ], [ 14.795368207158919, 16.728564786034127 ] ] } },
{ "type": "Feature", "properties": { "ConType": "Certain" }, "geometry": { "type": "LineString", "coordinates": [ [ 4.989018442352518, 25.82784546711142 ], [ 3.939014559053315, 24.912842084836644 ], [ 3.179657473575646, 25.460525360850021 ], [ 4.017297458759201, 24.238967050772914 ], [ 3.310538720023891, 23.924852054680187 ] ] } },
{ "type": "Feature", "properties": { "ConType": "Certain" }, "geometry": { "type": "LineString", "coordinates": [ [ 7.392724836285558, 27.373572932723899 ], [ 8.558440481343325, 26.724401943217309 ], [ 7.951151493074595, 24.518616650219773 ], [ 7.329901837726569, 24.455793648362981 ], [ 7.930210492455651, 23.485527332521833 ] ] } },
{ "type": "Feature", "properties": { "ConType": "Certain" }, "geometry": { "type": "LineString", "coordinates": [ [ 7.092675927680972, 32.737857707484658 ], [ 6.595327185241574, 30.528582249366167 ], [ 7.532436917593895, 30.648992997153865 ], [ 8.150196407820973, 32.722151959493793 ] ] } },
{ "type": "Feature", "properties": { "ConType": "Certain" }, "geometry": { "type": "LineString", "coordinates": [ [ 9.557539000347079, 32.184322479179791 ], [ 9.958908160738659, 32.652037573376788 ], [ 9.012200468532663, 33.175763354923419 ], [ 9.971996285713249, 33.700007611499366 ], [ 8.94189642329424, 33.898129557655267 ] ] } },
{ "type": "Feature", "properties": { "ConType": "Certain" }, "geometry": { "type": "LineString", "coordinates": [ [ 1.493866999074222, 35.991565527364109 ], [ 3.162166635901653, 36.082309856783858 ], [ 3.308753633638576, 34.274403555759172 ], [ 4.160354285901397, 33.646173566871511 ], [ 2.464133314915373, 31.62885726955091 ] ] } },
{ "type": "Feature", "properties": { "ConType": "Certain" }, "geometry": { "type": "LineString", "coordinates": [ [ 7.07530342455612, 37.292862925179818 ], [ 7.548948117477707, 35.334756658244601 ], [ 6.883198837875581, 34.037978253155046 ], [ 8.27490277262255, 34.474290969755899 ], [ 8.096031733501503, 33.730127782497121 ] ] } },
{ "type": "Feature", "properties": { "ConType": "Certain" }, "geometry": { "type": "LineString", "coordinates": [ [ 11.601261321039102, 41.205451443284765 ], [ 12.409523658715374, 41.051498907212697 ], [ 11.294679057866881, 40.063352647618082 ], [ 9.510927699807079, 40.098894524914783 ], [ 11.601261321039102, 41.205451443284765 ] ] } },
{ "type": "Feature", "properties": { "ConType": "Certain" }, "geometry": { "type": "LineString", "coordinates": [ [ 3.388138730150958, 41.225627178862887 ], [ 2.800271062144083, 39.911991292893084 ], [ 3.428501051031726, 39.246217546997194 ], [ 6.403868084621331, 39.347503231363852 ] ] } },
{ "type": "Feature", "properties": { "ConType": "Certain" }, "geometry": { "type": "LineString", "coordinates": [ [ 3.193561943039018, 43.334368525237167 ], [ 1.50301249243563, 43.13571565489989 ], [ 1.950190086940508, 44.099007527051896 ], [ 1.023114585494229, 44.153810099220053 ], [ 0.815885941162252, 44.985176638450604 ], [ 1.799999394411618, 44.980559816824957 ] ] } },
{ "type": "Feature", "properties": { "ConType": "Certain" }, "geometry": { "type": "LineString", "coordinates": [ [ 10.576222749600586, 46.047049836814452 ], [ 11.837218753180288, 44.663434563002696 ], [ 10.07817478693309, 43.909558576997057 ], [ 10.59122927736335, 42.289248729544632 ], [ 9.669825293001892, 43.184476463956869 ], [ 7.768305088490462, 42.895066016982966 ] ] } },
{ "type": "Feature", "properties": { "ConType": "Certain" }, "geometry": { "type": "LineString", "coordinates": [ [ 10.652578771201531, 34.985934036336161 ], [ 12.960624884874456, 35.262727374888748 ], [ 12.943174052674243, 34.582144889400446 ], [ 10.971229921712432, 34.329107807657358 ], [ 13.12640779902091, 33.046471583230627 ], [ 14.888941933686842, 33.177352829678874 ], [ 15.543348172523729, 32.339712844495331 ], [ 12.855919888375391, 30.428846627883146 ], [ 10.491051148709687, 30.473873885125567 ] ] } },
{ "type": "Feature", "properties": { "ConType": "Certain" }, "geometry": { "type": "LineString", "coordinates": [ [ 17.520195488586136, 36.208541214679983 ], [ 16.970494246248315, 35.70682976501498 ], [ 16.372803217833258, 35.737368722189785 ], [ 17.384951531614483, 35.375263936722035 ], [ 17.520195488586136, 36.208541214679983 ] ] } },
{ "type": "Feature", "properties": { "ConType": "Certain" }, "geometry": { "type": "LineString", "coordinates": [ [ 19.81071085474715, 35.647322349945064 ], [ 20.187648849398865, 36.330721328294651 ], [ 21.269600495278727, 36.105459630479089 ], [ 21.51391215927282, 35.476970547530577 ], [ 20.320275180056491, 35.351815950597334 ], [ 21.54881382367325, 34.35513837119862 ] ] } },
{ "type": "Feature", "properties": { "ConType": "Certain" }, "geometry": { "type": "LineString", "coordinates": [ [ 10.956601369992546, 36.0034319601615 ], [ 13.297093894970212, 36.343785168353833 ], [ 16.726182585552007, 34.825562697682017 ], [ 19.81071085474715, 35.647322349945064 ] ] } },
{ "type": "Feature", "properties": { "ConType": "Certain" }, "geometry": { "type": "LineString", "coordinates": [ [ 11.15728594853943, 36.471436075851088 ], [ 12.804935433215443, 37.999172158837034 ] ] } },
{ "type": "Feature", "properties": { "ConType": "Certain" }, "geometry": { "type": "LineString", "coordinates": [ [ 12.804935433215443, 37.999172158837034 ], [ 13.579752419840009, 37.523209555822497 ], [ 15.270738138197922, 38.147538982986418 ], [ 17.160663357488993, 36.772094910461249 ], [ 19.197175571219145, 36.532689914032531 ] ] } },
{ "type": "Feature", "properties": { "ConType": "Certain" }, "geometry": { "type": "LineString", "coordinates": [ [ 15.055307606656234, 38.932330942553257 ], [ 13.154911888704596, 38.314730649774084 ], [ 12.107861907225191, 38.928258384663948 ], [ 12.804935433215443, 37.999172158837034 ] ] } },
{ "type": "Feature", "properties": { "ConType": "Certain" }, "geometry": { "type": "LineString", "coordinates": [ [ 15.690343420003034, 39.746158822877007 ], [ 17.640002902647698, 39.749784678808567 ], [ 18.680524529007037, 39.139970761766158 ], [ 18.160263717476258, 38.641026041332132 ], [ 17.686454761703406, 39.477822036664897 ], [ 16.079220464757583, 39.528000683770728 ], [ 15.055307606656234, 38.932330942553257 ] ] } },
{ "type": "Feature", "properties": { "ConType": "Certain" }, "geometry": { "type": "LineString", "coordinates": [ [ 14.630728837492699, 41.132290253344721 ], [ 12.049750634052778, 40.131103155766539 ], [ 14.903485359589045, 39.131599727680218 ] ] } },
{ "type": "Feature", "properties": { "ConType": "Certain" }, "geometry": { "type": "LineString", "coordinates": [ [ 14.615023089501836, 41.896693799647444 ], [ 16.377382715087272, 41.398013809195028 ], [ 17.745528026199057, 41.737474256540644 ], [ 17.822311688539557, 42.550035429872509 ], [ 18.967086336276164, 42.080330924902739 ], [ 19.720962322281814, 42.642528573300559 ] ] } },
{ "type": "Feature", "properties": { "ConType": "Certain" }, "geometry": { "type": "LineString", "coordinates": [ [ 29.790912249609612, 2.881044191291745 ], [ 30.752889418754133, 2.403327636314248 ], [ 30.438774425959192, 1.343189533158004 ], [ 29.38518038199247, 1.683480775902147 ], [ 29.790912249609612, 2.881044191291745 ] ] } },
{ "type": "Feature", "properties": { "ConType": "Certain" }, "geometry": { "type": "LineString", "coordinates": [ [ 26.237454630553607, 10.941460978394048 ], [ 25.592682706392164, 10.993571104019923 ], [ 25.889346866986898, 10.056368604873686 ], [ 27.285413508959458, 9.702857777407111 ] ] } },
{ "type": "Feature", "properties": { "ConType": "Certain" }, "geometry": { "type": "LineString", "coordinates": [ [ 27.285413508959458, 9.702857777407111 ], [ 28.332463490438894, 9.950033053066328 ], [ 28.951968061577571, 11.313951380741019 ], [ 27.229213449396045, 9.774483474093664 ] ] } },
{ "type": "Feature", "properties": { "ConType": "Certain" }, "geometry": { "type": "LineString", "coordinates": [ [ 29.531081228637579, 12.745704537721465 ], [ 32.998873914113865, 15.373561419807235 ] ] } },
{ "type": "Feature", "properties": { "ConType": "Certain" }, "geometry": { "type": "LineString", "coordinates": [ [ 28.622765369250711, 12.428920885333563 ], [ 27.328566909942424, 13.280341300257065 ], [ 26.595570757172368, 16.632632359065791 ] ] } },
{ "type": "Feature", "properties": { "ConType": "Certain" }, "geometry": { "type": "LineString", "coordinates": [ [ 19.963831388430076, 16.739902626186719 ], [ 25.856759564258862, 18.807826339196378 ], [ 27.923299129428226, 20.30885500731317 ] ] } },
{ "type": "Feature", "properties": { "ConType": "Certain" }, "geometry": { "type": "LineString", "coordinates": [ [ 29.708519348922419, 24.055301099547268 ], [ 30.429448642493828, 23.957279279450734 ], [ 30.237279587343547, 22.854661985110706 ], [ 31.085390074485453, 22.748487184009711 ], [ 30.088914966116935, 21.580418448049997 ], [ 30.336749337810094, 20.720725992059414 ] ] } },
{ "type": "Feature", "properties": { "ConType": "Certain" }, "geometry": { "type": "LineString", "coordinates": [ [ 40.921040710982183, 3.244434134878731 ], [ 41.797945067791751, 4.212955366510532 ], [ 41.618769345979921, 5.521557260594041 ] ] } },
{ "type": "Feature", "properties": { "ConType": "Certain" }, "geometry": { "type": "LineString", "coordinates": [ [ 35.571269711706158, 1.766130442411433 ], [ 36.628302218063801, 3.051495669367318 ], [ 35.534134986016241, 2.967731670189416 ], [ 36.340363471920277, 4.17707440069439 ], [ 34.962009427417534, 5.042286701875509 ], [ 35.193843743272076, 5.800001871163062 ] ] } },
{ "type": "Feature", "properties": { "ConType": "Certain" }, "geometry": { "type": "LineString", "coordinates": [ [ 41.392213200174581, 2.491866962030122 ], [ 42.524335993988963, 3.322962884726351 ], [ 42.184044751244812, 4.1475147449353 ], [ 44.140719401970308, 4.52707036260326 ], [ 43.257270982673454, 4.828097230423585 ], [ 42.952022945417383, 6.04830058138749 ], [ 44.232336276792573, 5.423606910172518 ] ] } },
{ "type": "Feature", "properties": { "ConType": "Certain" }, "geometry": { "type": "LineString", "coordinates": [ [ 41.618769345979921, 5.521557260594041 ], [ 41.109205023968393, 5.424278095899546 ], [ 41.168537854108678, 7.158783203821668 ], [ 40.079605874689172, 6.479207091295899 ] ] } },
{ "type": "Feature", "properties": { "ConType": "Certain" }, "geometry": { "type": "LineString", "coordinates": [ [ 45.433521445664645, 11.036427964552228 ], [ 43.339421482705809, 11.252162153172433 ], [ 44.110748304209423, 11.830071943973254 ], [ 43.02181632149216, 12.178283564797013 ] ] } },
{ "type": "Feature", "properties": { "ConType": "Certain" }, "geometry": { "type": "LineString", "coordinates": [ [ 44.87342062690837, 12.358081038484412 ], [ 44.32895463390085, 11.994741224582276 ], [ 44.04101589105511, 13.607901565236549 ], [ 42.936378160346983, 14.334390119168091 ], [ 43.91013464130905, 14.496643565148849 ], [ 43.459903149437814, 14.937166502527216 ], [ 43.637901646454182, 15.24550257585749 ], [ 45.365534116719687, 15.265705646805477 ] ] } },
{ "type": "Feature", "properties": { "ConType": "Certain" }, "geometry": { "type": "LineString", "coordinates": [ [ 40.362309368204599, 13.049170539046678 ], [ 39.594472715119714, 13.816363361561201 ], [ 40.526347198141735, 15.006220761727153 ], [ 39.880666377053856, 16.192842988383997 ] ] } },
{ "type": "Feature", "properties": { "ConType": "Certain" }, "geometry": { "type": "LineString", "coordinates": [ [ 42.669309495878089, 18.236675580531948 ], [ 43.142603379939473, 17.452365183846393 ], [ 43.503835623302543, 18.115377114216336 ], [ 44.639884853290148, 17.317470561623434 ], [ 44.566591352772811, 16.556234096090371 ], [ 45.406454007913901, 17.531969227140952 ] ] } },
{ "type": "Feature", "properties": { "ConType": "Certain" }, "geometry": { "type": "LineString", "coordinates": [ [ 36.715852985471251, 17.774330928509773 ], [ 37.265554224511291, 17.141749009569722 ], [ 37.195750892412647, 16.237440128247638 ], [ 36.611147985674435, 15.71736409840892 ], [ 36.17487716088246, 15.658561424065264 ], [ 37.134672978063044, 16.839675964478204 ], [ 35.305845717080871, 18.657825942262075 ] ] } },
{ "type": "Feature", "properties": { "ConType": "Certain" }, "geometry": { "type": "LineString", "coordinates": [ [ 43.194955879837863, 19.077972097676803 ], [ 43.509070872632812, 18.666806965011567 ], [ 44.084948361622061, 18.741188438973094 ], [ 43.990713863783562, 18.125328333187177 ], [ 44.629414354629581, 17.617100832451417 ], [ 44.236770608689248, 19.127441723526776 ], [ 43.184485377879518, 19.611455353112742 ], [ 43.194955879837863, 19.077972097676803 ] ] } },
{ "type": "Feature", "properties": { "ConType": "Certain" }, "geometry": { "type": "LineString", "coordinates": [ [ 36.39301257492734, 19.691283580077812 ], [ 36.881635899617741, 19.222338648165689 ], [ 35.68625383619203, 19.18937951317498 ], [ 36.768205485369677, 18.892451466832544 ], [ 36.488992156975158, 18.089789559109573 ] ] } },
{ "type": "Feature", "properties": { "ConType": "Certain" }, "geometry": { "type": "LineString", "coordinates": [ [ 45.521629506371319, 17.905985437136259 ], [ 44.517583598708242, 19.629454518520454 ], [ 42.956357050922257, 19.559382598027529 ] ] } },
{ "type": "Feature", "properties": { "ConType": "Certain" }, "geometry": { "type": "LineString", "coordinates": [ [ 39.26367460542231, 20.459991921140144 ], [ 38.85358003057955, 19.788193197877153 ], [ 38.312604205990723, 20.17360186929799 ], [ 37.422611720908748, 19.623905026210196 ], [ 39.167695023374463, 19.072321350064712 ], [ 39.26367460542231, 20.459991921140144 ] ] } },
{ "type": "Feature", "properties": { "ConType": "Certain" }, "geometry": { "type": "LineString", "coordinates": [ [ 35.668803003991847, 21.504399295556738 ], [ 34.455970108365925, 20.959480697549814 ], [ 33.757936787379641, 21.690993960092683 ], [ 33.557252208832764, 20.232559645236112 ] ] } },
{ "type": "Feature", "properties": { "ConType": "Certain" }, "geometry": { "type": "LineString", "coordinates": [ [ 35.032392936170609, 24.877704433980234 ], [ 33.914994283777098, 24.130005044471368 ], [ 32.867944302297694, 25.507954766897928 ], [ 31.751090988719621, 24.511655278964703 ] ] } },
{ "type": "Feature", "properties": { "ConType": "Certain" }, "geometry": { "type": "LineString", "coordinates": [ [ 30.774358919679763, 28.169025336980333 ], [ 33.391983875027243, 28.364990450230732 ], [ 32.632872636393543, 29.013682201797028 ], [ 33.82389199259363, 29.66969890581392 ] ] } },
{ "type": "Feature", "properties": { "ConType": "Certain" }, "geometry": { "type": "LineString", "coordinates": [ [ 31.012242441754399, 32.76330069743161 ], [ 31.372863904984641, 32.158690730407685 ], [ 30.374676254984927, 32.993942945144134 ], [ 28.985589946551983, 32.40065322786829 ], [ 29.770877431837114, 31.944964258584879 ] ] } },
{ "type": "Feature", "properties": { "ConType": "Certain" }, "geometry": { "type": "LineString", "coordinates": [ [ 30.460796115207227, 33.208289457290213 ], [ 28.688925785957249, 33.034184151439995 ], [ 28.069421214818608, 31.967173605196653 ], [ 29.744701185185686, 30.482416605384927 ], [ 30.756849498966911, 31.484771980858 ], [ 29.901758681583143, 31.904233175682634 ] ] } },
{ "type": "Feature", "properties": { "ConType": "Certain" }, "geometry": { "type": "LineString", "coordinates": [ [ 28.610397036109617, 33.566550360127266 ], [ 27.816384133075516, 31.349623115621256 ], [ 29.456762439042166, 29.307697848989488 ] ] } },
{ "type": "Feature", "properties": { "ConType": "Certain" }, "geometry": { "type": "LineString", "coordinates": [ [ 32.93384091899901, 32.027185980958102 ], [ 31.389180433108333, 33.964228365074767 ] ] } },
{ "type": "Feature", "properties": { "ConType": "Certain" }, "geometry": { "type": "LineString", "coordinates": [ [ 32.282663083311228, 34.489427707404595 ], [ 33.081736729892917, 34.401354174544814 ], [ 31.994986102437341, 33.313972215137717 ], [ 32.975722916939056, 33.194308027333761 ], [ 32.93384091899901, 32.027185980958102 ] ] } },
{ "type": "Feature", "properties": { "ConType": "Certain" }, "geometry": { "type": "LineString", "coordinates": [ [ 28.523464986612204, 21.642059759905543 ], [ 27.371045306359132, 21.495162196222985 ], [ 27.624082384804442, 24.845722136957161 ], [ 26.638110320972427, 26.33776836097757 ], [ 26.838794899519311, 27.419720006857418 ], [ 25.381650343197109, 28.362064991837805 ], [ 25.198416596850439, 30.622820411047812 ], [ 23.889604119176699, 31.076542068040002 ], [ 25.761850830238895, 35.848354406585649 ] ] } },
{ "type": "Feature", "properties": { "ConType": "Certain" }, "geometry": { "type": "LineString", "coordinates": [ [ 27.450218925580568, 37.000109384564134 ], [ 25.526264583993804, 37.144078759284781 ], [ 24.898034595106132, 35.508063160543728 ], [ 25.761850830238895, 35.848354406585649 ] ] } },
{ "type": "Feature", "properties": { "ConType": "Certain" }, "geometry": { "type": "LineString", "coordinates": [ [ 33.647834481621885, 38.849433559353862 ], [ 33.654378544109157, 38.132352389369331 ], [ 34.433121966906981, 38.286613087299152 ], [ 34.138639158276185, 37.688329119787724 ], [ 32.856002933849439, 37.879690810327652 ] ] } },
{ "type": "Feature", "properties": { "ConType": "Certain" }, "geometry": { "type": "LineString", "coordinates": [ [ 31.482323484931221, 40.814520209295551 ], [ 30.578669221246113, 40.814123452346479 ], [ 31.043297651248988, 39.770934874648695 ], [ 29.924262985707042, 40.021966224863156 ], [ 30.925504529775335, 39.574492538406858 ], [ 30.480508287234358, 38.84433687980367 ] ] } },
{ "type": "Feature", "properties": { "ConType": "Certain" }, "geometry": { "type": "LineString", "coordinates": [ [ 25.297252756380256, 41.698275939620714 ], [ 26.371516963479781, 41.279368601799511 ], [ 25.871852352278605, 40.421203566075889 ], [ 26.908130080843012, 39.36367258247914 ], [ 27.689054858902519, 39.478259257480353 ], [ 28.541886143647506, 41.271446456105195 ] ] } },
{ "type": "Feature", "properties": { "ConType": "Certain" }, "geometry": { "type": "LineString", "coordinates": [ [ 23.112408464001646, 37.063899034221691 ], [ 20.913603501245923, 39.356197062893429 ], [ 21.758223819969128, 39.706141510046237 ], [ 21.611636822232235, 40.541448382331303 ], [ 23.161270795481336, 40.610372761424166 ], [ 21.688420487870491, 40.848408598461873 ], [ 20.543645843431673, 40.158428704837142 ], [ 20.969446166265264, 40.85368860867711 ], [ 20.041061851661976, 41.661782129256061 ], [ 21.33242349383772, 41.677424869697504 ], [ 21.157915165240016, 42.325824057946228 ], [ 22.88205746708682, 40.932838289250959 ], [ 22.553981807212608, 42.583332396925201 ], [ 23.894205784165827, 41.937577372295557 ], [ 23.36370045823757, 41.609612221318052 ], [ 25.297252756380256, 41.698275939620714 ] ] } },
{ "type": "Feature", "properties": { "ConType": "Certain" }, "geometry": { "type": "LineString", "coordinates": [ [ 33.103530548542786, 22.962189258792304 ], [ 32.117558481412992, 24.002533807093798 ], [ 34.220383862120833, 23.491389903692674 ], [ 33.77538761957986, 22.648500132526593 ], [ 35.668803003991847, 21.504399295556738 ] ] } },
{ "type": "Feature", "properties": { "ConType": "Certain" }, "geometry": { "type": "LineString", "coordinates": [ [ 42.509876414362452, 23.069794251458326 ], [ 44.614446875981891, 22.572777078580316 ], [ 43.111930153300918, 23.766371018357344 ], [ 44.01762838637373, 24.83941770498226 ] ] } },
{ "type": "Feature", "properties": { "ConType": "Certain" }, "geometry": { "type": "LineString", "coordinates": [ [ 35.800198830781028, 28.336194664547872 ], [ 34.399769481582851, 27.671747609121105 ], [ 34.026757926402198, 28.944985690004543 ], [ 33.4705126215771, 27.474520814708676 ], [ 32.148612018928731, 28.018926956150519 ], [ 31.769056401260773, 27.689132937345928 ], [ 32.488743299137994, 27.331213246804193 ] ] } },
{ "type": "Feature", "properties": { "ConType": "Certain" }, "geometry": { "type": "LineString", "coordinates": [ [ 32.862030740719177, 34.724983353469078 ], [ 32.799207742160192, 33.534736491062468 ], [ 33.608926393185158, 33.272509623358971 ], [ 33.03653907261463, 32.457545819744489 ], [ 34.104530051415203, 32.534082365592383 ], [ 34.853077615668639, 31.480924681718282 ] ] } },
{ "type": "Feature", "properties": { "ConType": "Certain" }, "geometry": { "type": "LineString", "coordinates": [ [ 36.163728349973645, 34.253204859341764 ], [ 37.929752649760488, 34.994187072247428 ], [ 38.055398650176251, 33.097252686850808 ] ] } },
{ "type": "Feature", "properties": { "ConType": "Certain" }, "geometry": { "type": "LineString", "coordinates": [ [ 41.528635809884143, 38.892748298049554 ], [ 40.033335733679856, 38.13757895891996 ], [ 39.710495323135945, 39.406228480226247 ] ] } },
{ "type": "Feature", "properties": { "ConType": "Certain" }, "geometry": { "type": "LineString", "coordinates": [ [ 36.53582010244088, 40.889890511984142 ], [ 39.075788846747621, 40.287853436771599 ], [ 39.710562898122575, 41.239480657918598 ] ] } },
{ "type": "Feature", "properties": { "ConType": "Certain" }, "geometry": { "type": "LineString", "coordinates": [ [ 42.284382133408798, 44.162204742174723 ], [ 36.505975049458918, 43.38728211418946 ], [ 37.108028788397348, 44.354365915610209 ], [ 35.13172194691213, 44.115240901435484 ], [ 34.620023025685988, 44.980584804169339 ] ] } },
{ "type": "Feature", "properties": { "ConType": "Certain" }, "geometry": { "type": "LineString", "coordinates": [ [ 1.648290155964901, 48.362093307211886 ], [ 1.955498415266663, 47.292582084132384 ], [ 1.550411252133892, 47.806506158550931 ], [ 1.277058733891087, 47.089180315735199 ], [ -1.427323751979966, 47.163825213754023 ] ] } },
{ "type": "Feature", "properties": { "ConType": "Approx" }, "geometry": { "type": "LineString", "coordinates": [ [ 6.039740422421919, 48.817437522374981 ], [ 7.137786473872817, 49.117855747029495 ], [ 7.624461695890736, 49.060038570646377 ], [ 5.601202107427218, 48.737220575171705 ], [ 6.039740422421919, 48.817437522374981 ] ] } },
{ "type": "Feature", "properties": { "ConType": "Certain" }, "geometry": { "type": "LineString", "coordinates": [ [ 2.370833153144778, 49.029681344709132 ], [ 6.552013030254463, 50.227390522355826 ], [ 3.186122178077542, 48.81840809124644 ] ] } },
{ "type": "Feature", "properties": { "ConType": "Certain" }, "geometry": { "type": "LineString", "coordinates": [ [ 1.206434437101826, 51.095457231074015 ], [ 0.21790616826886, 50.163118244631271 ], [ 2.50745688838679, 50.463501549002089 ], [ 1.727740621243357, 51.249015875975331 ], [ 1.206434437101826, 51.095457231074015 ] ] } },
{ "type": "Feature", "properties": { "ConType": "Approx" }, "geometry": { "type": "LineString", "coordinates": [ [ 4.730428966245179, 52.361916974566455 ], [ 7.150019409706466, 53.592227902553134 ], [ 6.958970966214358, 52.745940637424191 ], [ 5.128346024592104, 51.776876932755279 ], [ 7.1565890630335, 52.122762313272034 ], [ 6.460406807289479, 50.999247677736648 ], [ 7.844592390772136, 50.273830694048662 ], [ 8.321116574211052, 48.928924869673764 ], [ 9.46657053342585, 48.811192704524984 ] ] } },
{ "type": "Feature", "properties": { "ConType": "Approx" }, "geometry": { "type": "LineString", "coordinates": [ [ 1.405241993512166, 53.8334199772315 ], [ 2.350994764853696, 52.006147349868002 ], [ 3.967092956990555, 51.566236973428325 ], [ 4.730428966245179, 52.361916974566455 ] ] } },
{ "type": "Feature", "properties": { "ConType": "Certain" }, "geometry": { "type": "LineString", "coordinates": [ [ 2.753665437098275, 53.645022447931758 ], [ 0.036578573425594, 55.335357667590714 ] ] } },
{ "type": "Feature", "properties": { "ConType": "Certain" }, "geometry": { "type": "LineString", "coordinates": [ [ 5.113945478679704, 64.109457204036062 ], [ -1.15120496619657, 63.761272282108983 ] ] } },
{ "type": "Feature", "properties": { "ConType": "Certain" }, "geometry": { "type": "LineString", "coordinates": [ [ 0.348624738102174, 62.324322008128092 ], [ 0.607649931233382, 61.627447506978946 ], [ 4.483598421621743, 61.39997674917948 ] ] } },
{ "type": "Feature", "properties": { "ConType": "Certain" }, "geometry": { "type": "LineString", "coordinates": [ [ 8.074181341287829, 61.290610846216509 ], [ 12.077908360295325, 61.75733972023724 ], [ 12.427143077167703, 62.876177375886954 ] ] } },
{ "type": "Feature", "properties": { "ConType": "Certain" }, "geometry": { "type": "LineString", "coordinates": [ [ 7.099938502459815, 62.829879761000647 ], [ 9.538313542347041, 63.714654775130782 ], [ 9.501643722408067, 64.260829810815821 ], [ 6.483506415024205, 63.093820100311767 ], [ 7.099938502459815, 62.829879761000647 ] ] } },
{ "type": "Feature", "properties": { "ConType": "Certain" }, "geometry": { "type": "LineString", "coordinates": [ [ 4.85673950074833, 62.119989475168111 ], [ 9.345372336373286, 65.375130428240027 ] ] } },
{ "type": "Feature", "properties": { "ConType": "Approx" }, "geometry": { "type": "LineString", "coordinates": [ [ 5.842117768058905, 66.718337126387823 ], [ 7.285822885984618, 67.470039991709925 ], [ 9.523301912905282, 66.145946893869947 ], [ 6.836086550479346, 66.440799262587078 ] ] } },
{ "type": "Feature", "properties": { "ConType": "Certain" }, "geometry": { "type": "LineString", "coordinates": [ [ 1.121845370784221, 67.068283037758775 ], [ 4.156427111023486, 67.590956297088908 ], [ 2.420494426682681, 66.641092644256503 ], [ 5.842117768058905, 66.718337126387823 ] ] } },
{ "type": "Feature", "properties": { "ConType": "Certain" }, "geometry": { "type": "LineString", "coordinates": [ [ 12.113713061451822, 45.244542460168503 ], [ 11.183164681892546, 46.359345083465641 ], [ 11.240690063342839, 47.459503282786251 ], [ 11.953441421543273, 47.597173719647849 ], [ 10.931345539443216, 47.843739049514753 ] ] } },
{ "type": "Feature", "properties": { "ConType": "Certain" }, "geometry": { "type": "LineString", "coordinates": [ [ 13.510080702485244, 48.810035909530058 ], [ 12.180939844491476, 48.747403740807464 ], [ 13.09872833787102, 48.147300769154704 ], [ 11.031166600033849, 48.180782824593784 ] ] } },
{ "type": "Feature", "properties": { "ConType": "Certain" }, "geometry": { "type": "LineString", "coordinates": [ [ 17.702190255747631, 47.858685534440085 ], [ 19.541585389195014, 47.396253777927029 ], [ 22.064102915460282, 49.060296912811431 ] ] } },
{ "type": "Feature", "properties": { "ConType": "Certain" }, "geometry": { "type": "LineString", "coordinates": [ [ 22.064102915460282, 49.060296912811431 ], [ 22.78816926013814, 49.95995926273018 ], [ 21.921875056741705, 50.903819485946364 ], [ 22.008341722308831, 52.314313168265095 ], [ 17.607067445779304, 53.672431328823052 ] ] } },
{ "type": "Feature", "properties": { "ConType": "Certain" }, "geometry": { "type": "LineString", "coordinates": [ [ 17.479268556613224, 53.738900032703306 ], [ 15.264874613966175, 53.148602850840945 ], [ 14.468666491766985, 53.635385105886371 ], [ 12.233160742837159, 52.334878649693657 ], [ 11.856358676436844, 51.728318815680325 ], [ 12.701391132995244, 50.977894413966567 ], [ 11.888040254711104, 50.155416048246863 ], [ 13.510080702485244, 48.810035909530058 ] ] } },
{ "type": "Feature", "properties": { "ConType": "Certain" }, "geometry": { "type": "LineString", "coordinates": [ [ 22.529941073263252, 56.442260352502089 ], [ 21.44706502095708, 56.076066480628477 ], [ 21.843238977065567, 55.333107843641663 ], [ 23.345637348708522, 55.74183723292871 ], [ 22.529941073263252, 56.442260352502089 ] ] } },
{ "type": "Feature", "properties": { "ConType": "Certain" }, "geometry": { "type": "LineString", "coordinates": [ [ 14.392023384475356, 58.412912993590545 ], [ 16.138635719826656, 58.70599068044541 ], [ 14.925562580299669, 57.972784567367178 ], [ 16.20065058868834, 57.495014453004686 ], [ 13.789989903852414, 56.623393565790629 ], [ 15.952772349810941, 56.657317600754148 ], [ 15.488689911585649, 56.272958335139549 ], [ 16.040592467401897, 56.115482837438698 ], [ 17.630981953571361, 56.892259492080449 ] ] } },
{ "type": "Feature", "properties": { "ConType": "Approx" }, "geometry": { "type": "LineString", "coordinates": [ [ 19.874280495734617, 57.593268444015763 ], [ 18.436850865093042, 58.108061871577391 ], [ 20.156524890904894, 58.94891592442287 ], [ 18.474765181417546, 58.718985534064437 ], [ 19.166117548710844, 59.558179453735448 ] ] } },
{ "type": "Feature", "properties": { "ConType": "Approx" }, "geometry": { "type": "LineString", "coordinates": [ [ 18.088352659842474, 59.98793204102283 ], [ 23.044603370855903, 60.3783217088668 ], [ 22.136957239573498, 59.60834982009407 ], [ 19.166117548710844, 59.558179453735448 ] ] } },
{ "type": "Feature", "properties": { "ConType": "Certain" }, "geometry": { "type": "LineString", "coordinates": [ [ 13.828505502678528, 60.281181875741567 ], [ 15.111028220518675, 60.913520638833162 ], [ 17.450371311165622, 60.363261878946545 ], [ 16.080461848030662, 59.634244630166712 ], [ 14.222516851453644, 59.87629847966992 ] ] } },
{ "type": "Feature", "properties": { "ConType": "Certain" }, "geometry": { "type": "LineString", "coordinates": [ [ 18.359363870182072, 61.316758151474993 ], [ 15.676228122913074, 61.812342946354093 ], [ 11.917481447307317, 60.719088248693829 ], [ 11.688869803045247, 59.962925107771952 ] ] } },
{ "type": "Feature", "properties": { "ConType": "Approx" }, "geometry": { "type": "LineString", "coordinates": [ [ 18.088352659842474, 59.98793204102283 ], [ 21.847388594381613, 61.311053095879849 ], [ 21.799900705350293, 62.687170214084837 ] ] } },
{ "type": "Feature", "properties": { "ConType": "Certain" }, "geometry": { "type": "LineString", "coordinates": [ [ 19.833555972133933, 62.842418652471487 ], [ 21.217396019920372, 61.532501399120534 ], [ 18.359363870182072, 61.316758151474993 ] ] } },
{ "type": "Feature", "properties": { "ConType": "Certain" }, "geometry": { "type": "LineString", "coordinates": [ [ 21.691092366105142, 62.78524860774516 ], [ 22.797396380363516, 63.220853869539717 ], [ 20.890887109740206, 63.778226236497581 ], [ 22.624299907626124, 63.782632599848966 ] ] } },
{ "type": "Feature", "properties": { "ConType": "Certain" }, "geometry": { "type": "LineString", "coordinates": [ [ 18.233970665050894, 62.071849883744946 ], [ 14.694374743139797, 63.049433372553338 ], [ 16.167818263563504, 64.192069480217953 ] ] } },
{ "type": "Feature", "properties": { "ConType": "Certain" }, "geometry": { "type": "LineString", "coordinates": [ [ 14.441970572989005, 64.961337815468355 ], [ 18.513794536137468, 65.519464340514901 ], [ 17.664580031809738, 65.965447268220359 ], [ 19.440898761322646, 66.439654062616938 ], [ 17.271644359025018, 66.240559347964563 ] ] } },
{ "type": "Feature", "properties": { "ConType": "Approx" }, "geometry": { "type": "LineString", "coordinates": [ [ 16.411522646378476, 68.013895188095702 ], [ 16.694433926959398, 67.504627383450298 ], [ 14.904326698017776, 66.675293660486361 ], [ 13.107115389316277, 67.434971878024413 ], [ 13.7727990165425, 66.683542254276333 ], [ 13.189661195270698, 66.531214700249805 ] ] } },
{ "type": "Feature", "properties": { "ConType": "Certain" }, "geometry": { "type": "LineString", "coordinates": [ [ -0.246784692170443, 67.449936913010731 ], [ 3.855403959810922, 69.045370953883449 ], [ 1.403298339556534, 69.308794285681174 ], [ -1.423276161648297, 67.121467958865509 ] ] } },
{ "type": "Feature", "properties": { "ConType": "Certain" }, "geometry": { "type": "LineString", "coordinates": [ [ 4.093690033049239, 72.900212162555007 ], [ 3.787501182868412, 73.828990909166436 ], [ -0.651985648797397, 75.064316365490924 ] ] } },
{ "type": "Feature", "properties": { "ConType": "Certain" }, "geometry": { "type": "LineString", "coordinates": [ [ 9.627414283597876, 73.436021892440934 ], [ 6.810334135621574, 73.651283600289773 ], [ 3.88476899987228, 75.029586581833485 ], [ -0.651985648797397, 75.064316365490924 ] ] } },
{ "type": "Feature", "properties": { "ConType": "Internal" }, "geometry": { "type": "LineString", "coordinates": [ [ -0.532668879726984, 77.669598258651504 ], [ -2.372947883182943, 78.311334990503624 ], [ 0.210606018486469, 78.934827003607268 ], [ 2.929042739593343, 81.342102350129196 ], [ 5.706436105496846, 81.438922340629361 ] ] } },
{ "type": "Feature", "properties": { "ConType": "Certain" }, "geometry": { "type": "LineString", "coordinates": [ [ 4.290344740282747, 83.780729921477899 ], [ 6.282380839693871, 83.408205182555804 ], [ 2.103892663826231, 82.777374949997906 ], [ -2.742609495214849, 83.317464322409663 ], [ 4.290344740282747, 83.780729921477899 ] ] } },
{ "type": "Feature", "properties": { "ConType": "Certain" }, "geometry": { "type": "LineString", "coordinates": [ [ 6.799616474299375, 84.035730288912291 ], [ -4.282656783749585, 84.343504478421636 ] ] } },
{ "type": "Feature", "properties": { "ConType": "Certain" }, "geometry": { "type": "LineString", "coordinates": [ [ -11.720366939299668, 85.123083847763795 ], [ 11.034173428063225, 86.746201455533239 ], [ 24.866898088526426, 86.356732678672927 ], [ 26.717958380838272, 85.704098368044782 ], [ 24.086862615231151, 84.907294411290806 ] ] } },
{ "type": "Feature", "properties": { "ConType": "Approx" }, "geometry": { "type": "LineString", "coordinates": [ [ 10.095413976952926, 67.411513935875846 ], [ 11.588653828969367, 68.061776077894862 ], [ 13.319058377479001, 67.775901354991689 ], [ 9.436989448636318, 66.994466633281988 ], [ 10.095413976952926, 67.411513935875846 ] ] } },
{ "type": "Feature", "properties": { "ConType": "Approx" }, "geometry": { "type": "LineString", "coordinates": [ [ 19.500153770247021, 67.378568048102039 ], [ 20.75601465195459, 68.232112314747042 ], [ 17.105920330192163, 68.682511954264555 ] ] } },
{ "type": "Feature", "properties": { "ConType": "Approx" }, "geometry": { "type": "LineString", "coordinates": [ [ 17.105920330192163, 68.682511954264555 ], [ 14.365295965220438, 68.329064767522794 ], [ 16.411522646378476, 68.013895188095702 ] ] } },
{ "type": "Feature", "properties": { "ConType": "Certain" }, "geometry": { "type": "LineString", "coordinates": [ [ 1.121845370784221, 67.068283037758775 ], [ 4.696365718432784, 69.040338805461019 ], [ 1.555525442941638, 69.723427316798592 ] ] } },
{ "type": "Feature", "properties": { "ConType": "Certain" }, "geometry": { "type": "LineString", "coordinates": [ [ 8.814345382729798, 69.260154782480882 ], [ 11.547793113294206, 68.648809768137212 ], [ 13.380720389553725, 69.39890419312151 ], [ 11.354867522349556, 69.796815012052335 ] ] } },
{ "type": "Feature", "properties": { "ConType": "Certain" }, "geometry": { "type": "LineString", "coordinates": [ [ 3.64390997876018, 69.950242958995005 ], [ 3.18906488720276, 69.705764628061743 ], [ 5.674553424774676, 68.534029601984201 ], [ 8.1336619288473, 68.406663804802221 ], [ 6.866736194631446, 69.124264376494665 ], [ 7.442219571498073, 69.519214701326263 ] ] } },
{ "type": "Feature", "properties": { "ConType": "Certain" }, "geometry": { "type": "LineString", "coordinates": [ [ 11.666644706195006, 70.063557185554316 ], [ 14.288872639051499, 69.412708897883505 ], [ 11.333647199034395, 68.268541333458657 ], [ 8.814345382729798, 69.260154782480882 ] ] } },
{ "type": "Feature", "properties": { "ConType": "Certain" }, "geometry": { "type": "LineString", "coordinates": [ [ 28.570627644431877, 71.023429593875647 ], [ 23.34335816784515, 70.337796126294094 ], [ 20.731168726637573, 68.568717427877004 ], [ 15.63866619838732, 69.032599096731033 ], [ 15.273568791763555, 70.394047872098611 ], [ 13.004253348797301, 70.705688065804708 ] ] } },
{ "type": "Feature", "properties": { "ConType": "Certain" }, "geometry": { "type": "LineString", "coordinates": [ [ 3.920049276788787, 71.150410506147594 ], [ 4.559268964879807, 72.170740462014194 ], [ 7.782490044769484, 72.49643288590066 ], [ 12.290107688865426, 71.594166819740266 ], [ 10.685870794869079, 70.125358051018964 ], [ 5.596187470262344, 70.334608612426152 ] ] } },
{ "type": "Feature", "properties": { "ConType": "Certain" }, "geometry": { "type": "LineString", "coordinates": [ [ 9.795064023118455, 72.915188225346498 ], [ 4.093690033049239, 72.900212162555007 ] ] } },
{ "type": "Feature", "properties": { "ConType": "Certain" }, "geometry": { "type": "LineString", "coordinates": [ [ 13.146445785968297, 71.416979974459466 ], [ 12.283543229555496, 72.423623085231611 ], [ 14.702188767536393, 72.669740272007132 ], [ 12.688360778681721, 73.343814528779262 ], [ 9.795064023118455, 72.915188225346498 ] ] } },
{ "type": "Feature", "properties": { "ConType": "Certain" }, "geometry": { "type": "LineString", "coordinates": [ [ 13.146445785968297, 71.416979974459466 ], [ 17.065446877132622, 72.047978344770215 ], [ 17.703542253446656, 71.768791144754942 ], [ 16.057352152360544, 71.267965688874412 ], [ 16.591417279514268, 69.405081765763697 ], [ 20.900518172796094, 69.077942733920437 ], [ 22.619179869839133, 71.141719903153074 ], [ 25.83618030137163, 70.985873338248552 ], [ 28.469428022454878, 72.073457445502555 ], [ 25.542513335965733, 73.599899519104625 ] ] } },
{ "type": "Feature", "properties": { "ConType": "Certain" }, "geometry": { "type": "LineString", "coordinates": [ [ 9.627414283597876, 73.436021892440934 ], [ 14.998171647873123, 74.534933244052752 ], [ 16.611991562740666, 74.037385668043967 ], [ 10.116896332658602, 73.326989498139099 ] ] } },
{ "type": "Feature", "properties": { "ConType": "Certain" }, "geometry": { "type": "LineString", "coordinates": [ [ 11.494886842134854, 75.389666168926311 ], [ 9.472536638670469, 74.670438514496979 ], [ 11.441011974181633, 74.189703035201447 ], [ 11.982702798917115, 74.863651326341611 ] ] } },
{ "type": "Feature", "properties": { "ConType": "Certain" }, "geometry": { "type": "LineString", "coordinates": [ [ 25.542513335965733, 73.599899519104625 ], [ 26.531395833465702, 74.112713716166951 ], [ 24.048760618458413, 75.157984751743456 ], [ 18.334255078134028, 75.436300534199944 ] ] } },
{ "type": "Feature", "properties": { "ConType": "Certain" }, "geometry": { "type": "LineString", "coordinates": [ [ 5.359948054109497, 76.04105424193655 ], [ 11.494886842134854, 75.389666168926311 ] ] } },
{ "type": "Feature", "properties": { "ConType": "Certain" }, "geometry": { "type": "LineString", "coordinates": [ [ 1.824321983758879, 76.786305006904868 ], [ 0.924319918740854, 76.393673330870882 ], [ 4.050516429813186, 76.411396781363052 ], [ 1.385609862112668, 76.12494010429738 ], [ 3.645934379070212, 75.878664983126995 ] ] } },
{ "type": "Feature", "properties": { "ConType": "Certain" }, "geometry": { "type": "LineString", "coordinates": [ [ 23.89005376605969, 78.746028885328045 ], [ 15.419768939108412, 79.770448432162226 ] ] } },
{ "type": "Feature", "properties": { "ConType": "Certain" }, "geometry": { "type": "LineString", "coordinates": [ [ 13.429002765330869, 79.760846950270292 ], [ 7.912278568957943, 79.011121178480408 ] ] } },
{ "type": "Feature", "properties": { "ConType": "Certain" }, "geometry": { "type": "LineString", "coordinates": [ [ 5.706436105496846, 81.438922340629361 ], [ 3.934811880318342, 80.97143901831447 ], [ 4.868243387855792, 80.544294609176731 ], [ 3.222463574545471, 79.65406509223979 ], [ 6.994468369533709, 78.618343281796712 ] ] } },
{ "type": "Feature", "properties": { "ConType": "Certain" }, "geometry": { "type": "LineString", "coordinates": [ [ 13.429002765330869, 79.760846950270292 ], [ 10.627802099445592, 80.102665174675479 ], [ 14.28957947387352, 81.160703463691505 ], [ 9.387473564705365, 81.471421265920128 ], [ 6.435882053606333, 80.865673545332783 ], [ 8.83843562967753, 80.1722798633716 ], [ 5.602345305639655, 79.739848634085106 ], [ 7.912278568957943, 79.011121178480408 ] ] } },
{ "type": "Feature", "properties": { "ConType": "Certain" }, "geometry": { "type": "LineString", "coordinates": [ [ 16.394100221329477, 81.491154154655391 ], [ 6.620446408195032, 81.703682892735316 ] ] } },
{ "type": "Feature", "properties": { "ConType": "Approx" }, "geometry": { "type": "LineString", "coordinates": [ [ 5.848500522513572, 82.15183920494735 ], [ 0.746838429237841, 82.437016277369821 ] ] } },
{ "type": "Feature", "properties": { "ConType": "Certain" }, "geometry": { "type": "LineString", "coordinates": [ [ 16.821330376269149, 82.431730776336508 ], [ 14.134373550577768, 82.066196007092429 ], [ 19.913090491448777, 82.275913231971856 ], [ 18.81275863387712, 82.462281265878175 ], [ 16.821330376269149, 82.431730776336508 ] ] } },
{ "type": "Feature", "properties": { "ConType": "Certain" }, "geometry": { "type": "LineString", "coordinates": [ [ 11.449882550692401, 82.59543611662923 ], [ 5.848500522513572, 82.15183920494735 ] ] } },
{ "type": "Feature", "properties": { "ConType": "Certain" }, "geometry": { "type": "LineString", "coordinates": [ [ 17.292095374210522, 81.682627119178974 ], [ 11.449882550692401, 82.59543611662923 ] ] } },
{ "type": "Feature", "properties": { "ConType": "Certain" }, "geometry": { "type": "LineString", "coordinates": [ [ 14.548526034532806, 83.25616514293246 ], [ 12.216832035980104, 82.881992914557458 ], [ 18.003848359883619, 82.971526121212534 ], [ 16.730133507805796, 83.250541928557553 ], [ 14.548526034532806, 83.25616514293246 ] ] } },
{ "type": "Feature", "properties": { "ConType": "Certain" }, "geometry": { "type": "LineString", "coordinates": [ [ 11.449882550692401, 82.59543611662923 ], [ 9.984287922184372, 82.89966573080315 ], [ 20.177095503692556, 83.155815196193828 ] ] } },
{ "type": "Feature", "properties": { "ConType": "Certain" }, "geometry": { "type": "LineString", "coordinates": [ [ 0.746838429237841, 82.437016277369821 ], [ 9.519649038191542, 83.485047532342591 ], [ 6.799616474299375, 84.035730288912291 ] ] } },
{ "type": "Feature", "properties": { "ConType": "Approx" }, "geometry": { "type": "LineString", "coordinates": [ [ 21.634358097762899, 84.281050241884117 ], [ 6.799616474299375, 84.035730288912291 ] ] } },
{ "type": "Feature", "properties": { "ConType": "Certain" }, "geometry": { "type": "LineString", "coordinates": [ [ 18.978626238533195, 87.17831102511316 ], [ 1.113518945884976, 87.365359910564891 ] ] } },
{ "type": "Feature", "properties": { "ConType": "Certain" }, "geometry": { "type": "LineString", "coordinates": [ [ 26.620209020739868, 44.27063690926736 ], [ 26.285153027326007, 45.374680190491915 ], [ 27.171655343989258, 46.50084377473766 ], [ 29.963788627934409, 45.974589763330947 ], [ 29.740417967857017, 43.783805170903676 ], [ 26.648130354898427, 43.703118918699445 ], [ 26.620209020739868, 44.27063690926736 ] ] } },
{ "type": "Feature", "properties": { "ConType": "Certain" }, "geometry": { "type": "LineString", "coordinates": [ [ 24.681231012782838, 46.825661133711158 ], [ 28.441395391228117, 47.771762633008272 ], [ 30.313711504251838, 46.994383119521977 ], [ 29.595388284840947, 47.56890328818136 ], [ 29.932338821542292, 48.164701448585554 ], [ 28.681854842377451, 48.211159645991025 ] ] } },
{ "type": "Feature", "properties": { "ConType": "Approx" }, "geometry": { "type": "LineString", "coordinates": [ [ 24.681231012782838, 46.825661133711158 ], [ 23.643596986203068, 47.833985173512822 ], [ 27.322474987466311, 48.270098364008689 ] ] } },
{ "type": "Feature", "properties": { "ConType": "Certain" }, "geometry": { "type": "LineString", "coordinates": [ [ 29.426777012389703, 48.789400043398949 ], [ 35.216598412210331, 49.397176622906564 ] ] } },
{ "type": "Feature", "properties": { "ConType": "Certain" }, "geometry": { "type": "LineString", "coordinates": [ [ 22.064102915460282, 49.060296912811431 ], [ 22.533049796365471, 48.73992054726763 ], [ 24.075376892343396, 50.132461909266034 ], [ 26.711352685979406, 49.873798750667532 ] ] } },
{ "type": "Feature", "properties": { "ConType": "Certain" }, "geometry": { "type": "LineString", "coordinates": [ [ 20.446260334947457, 57.51392763020899 ], [ 24.164312137370029, 57.133352438530629 ], [ 25.296208422572903, 57.696607407427408 ] ] } },
{ "type": "Feature", "properties": { "ConType": "Certain" }, "geometry": { "type": "LineString", "coordinates": [ [ 25.296208422572903, 57.696607407427408 ], [ 24.447320646652891, 58.172153971322786 ], [ 20.446260334947457, 57.51392763020899 ] ] } },
{ "type": "Feature", "properties": { "ConType": "Certain" }, "geometry": { "type": "LineString", "coordinates": [ [ 32.330424085302838, 60.655619658545334 ], [ 31.836984785531918, 61.994581156271678 ], [ 32.36898135168817, 62.834124611856502 ], [ 27.257118185784474, 61.250017485562687 ], [ 27.372631358009997, 62.238797336094031 ] ] } },
{ "type": "Feature", "properties": { "ConType": "Certain" }, "geometry": { "type": "LineString", "coordinates": [ [ 27.372631358009997, 62.238797336094031 ], [ 25.494881254424698, 61.927659712182717 ], [ 23.435595538085472, 62.420313547957477 ], [ 27.675776349292985, 62.891730116379129 ], [ 26.350297738328205, 63.734849308104053 ], [ 23.203015407547426, 62.956928310917228 ] ] } },
{ "type": "Feature", "properties": { "ConType": "Certain" }, "geometry": { "type": "LineString", "coordinates": [ [ 23.561113238034917, 63.44568377469988 ], [ 26.34723991989117, 64.019826250926229 ], [ 29.661332251191297, 63.031663990461233 ], [ 27.372631358009997, 62.238797336094031 ] ] } },
{ "type": "Feature", "properties": { "ConType": "Approx" }, "geometry": { "type": "LineString", "coordinates": [ [ 30.312382531712984, 64.19927849890955 ], [ 29.719459772568229, 63.899031990108583 ], [ 30.336021581817061, 63.446133619450201 ], [ 34.854670889476566, 63.708427557578673 ], [ 34.455691652988079, 64.012327237894382 ], [ 31.938880240908084, 63.676621751607072 ], [ 30.77770259703011, 63.963500878692948 ], [ 31.796674925872527, 64.122446547050302 ] ] } },
{ "type": "Feature", "properties": { "ConType": "Certain" }, "geometry": { "type": "LineString", "coordinates": [ [ 30.326333905623915, 65.318401947516833 ], [ 29.202241688793773, 65.332505237358404 ], [ 30.592599657497114, 64.496208395311442 ], [ 31.590127888279625, 64.995007745925221 ], [ 30.326333905623915, 65.318401947516833 ] ] } },
{ "type": "Feature", "properties": { "ConType": "Certain" }, "geometry": { "type": "LineString", "coordinates": [ [ 26.867981097205949, 65.319964515614899 ], [ 30.486393072309351, 65.653885551990086 ], [ 32.063645345920591, 65.06878328750318 ], [ 31.796674925872527, 64.122446547050302 ] ] } },
{ "type": "Feature", "properties": { "ConType": "Approx" }, "geometry": { "type": "LineString", "coordinates": [ [ 18.543665008474125, 64.441916215292665 ], [ 19.021972095162312, 65.098417717321468 ], [ 22.541928950424431, 64.706390964547722 ], [ 24.507158239617361, 65.770891362705996 ], [ 26.216332446130004, 65.564469825756845 ], [ 23.788057764406219, 64.165555061832322 ], [ 26.867981097205949, 65.319964515614899 ] ] } },
{ "type": "Feature", "properties": { "ConType": "Certain" }, "geometry": { "type": "LineString", "coordinates": [ [ 27.693370391261883, 66.274899758421682 ], [ 29.020099286231225, 66.738545589220209 ], [ 30.059535122282448, 66.236202184321627 ], [ 28.936743810512191, 65.794608069136544 ], [ 27.693370391261883, 66.274899758421682 ] ] } },
{ "type": "Feature", "properties": { "ConType": "Certain" }, "geometry": { "type": "LineString", "coordinates": [ [ 34.620023025685988, 44.980584804169339 ], [ 35.741948671240841, 46.987330607282772 ], [ 34.07228433693038, 47.171328230301263 ], [ 35.497441699013429, 47.90821016410645 ], [ 35.674449804150953, 49.03395792358932 ] ] } },
{ "type": "Feature", "properties": { "ConType": "Approx" }, "geometry": { "type": "LineString", "coordinates": [ [ 42.466838208433849, 51.220390058318038 ], [ 41.623152941398658, 51.775421486724966 ], [ 43.114441729328462, 52.603748318973565 ], [ 44.656892789180702, 52.212463067375836 ], [ 44.734525467201827, 53.791356337094157 ] ] } },
{ "type": "Feature", "properties": { "ConType": "Approx" }, "geometry": { "type": "LineString", "coordinates": [ [ 42.666778116629878, 56.74717186362048 ], [ 47.21619633626478, 55.843498693713229 ], [ 44.3174125682945, 54.580314646956474 ] ] } },
{ "type": "Feature", "properties": { "ConType": "Approx" }, "geometry": { "type": "LineString", "coordinates": [ [ 34.087938329426635, 51.124562537303547 ], [ 39.403454555220492, 53.439663560707984 ], [ 35.972827762834363, 56.354879810347704 ], [ 30.179060789773128, 57.158301690160741 ] ] } },
{ "type": "Feature", "properties": { "ConType": "Certain" }, "geometry": { "type": "LineString", "coordinates": [ [ 42.777419861459208, 58.709993727546156 ], [ 43.493441300261345, 59.316321196075428 ], [ 42.994360816465324, 59.87655177951617 ], [ 39.967448908112971, 59.938534359729452 ] ] } },
{ "type": "Feature", "properties": { "ConType": "Approx" }, "geometry": { "type": "LineString", "coordinates": [ [ 34.296151891308348, 60.688459565286195 ], [ 35.910988863973564, 60.152984386162586 ], [ 35.578716398725923, 59.509731218977414 ], [ 33.876463182046685, 59.678520153195031 ], [ 34.605024092730417, 58.07973544036232 ], [ 33.483043423572425, 57.769393094666043 ], [ 32.016936852954323, 58.73174057909047 ] ] } },
{ "type": "Feature", "properties": { "ConType": "Certain" }, "geometry": { "type": "LineString", "coordinates": [ [ 34.296151891308348, 60.688459565286195 ], [ 37.742071340789181, 59.673512916267839 ], [ 38.134715083431772, 59.115086259478808 ], [ 36.817177191306811, 57.985144820926138 ], [ 38.160891333380981, 58.011321070875354 ], [ 38.919640220894287, 59.052587265354127 ] ] } },
{ "type": "Feature", "properties": { "ConType": "Approx" }, "geometry": { "type": "LineString", "coordinates": [ [ 39.967448908112971, 59.938534359729452 ], [ 39.460564919866101, 59.994521161196083 ], [ 41.755364792791156, 60.772980743327231 ], [ 40.149286360863847, 61.550801583375829 ], [ 38.531723419635021, 60.697386794507686 ] ] } },
{ "type": "Feature", "properties": { "ConType": "Certain" }, "geometry": { "type": "LineString", "coordinates": [ [ 44.9953032404159, 60.844533041132436 ], [ 45.978255374104336, 61.286117266249455 ], [ 45.61732655367679, 60.735726472799783 ], [ 42.988239167722575, 60.408417486122104 ], [ 41.657286930074797, 61.946815144939166 ], [ 43.811605908230135, 62.528663969465782 ], [ 46.302015313645242, 61.885681079142657 ], [ 42.370111911406198, 61.925219226584488 ], [ 42.760488292459812, 60.934673773002984 ], [ 44.9953032404159, 60.844533041132436 ] ] } },
{ "type": "Feature", "properties": { "ConType": "Approx" }, "geometry": { "type": "LineString", "coordinates": [ [ 38.463948135200638, 61.580263133221209 ], [ 39.674535348899987, 62.484325138789274 ], [ 41.522043823932599, 62.312996059801264 ], [ 40.489728691793715, 61.731818829927462 ], [ 38.463948135200638, 61.580263133221209 ] ] } },
{ "type": "Feature", "properties": { "ConType": "Approx" }, "geometry": { "type": "LineString", "coordinates": [ [ 37.093894252008567, 62.798110830901393 ], [ 36.421795766355444, 63.594657118239226 ], [ 38.787918213130283, 63.084654579480052 ], [ 40.015314169691834, 63.433981080405367 ], [ 37.322265128021158, 63.926899547228082 ], [ 37.527323319580624, 64.667790658723078 ], [ 40.097366669339721, 64.26129561026751 ], [ 40.430765286530409, 64.801380260245921 ] ] } },
{ "type": "Feature", "properties": { "ConType": "Certain" }, "geometry": { "type": "LineString", "coordinates": [ [ 35.037551779036306, 63.304221771326304 ], [ 36.000883406030134, 63.72099187170199 ], [ 35.017844527309784, 64.793646283072562 ], [ 39.660860609987573, 64.802438886669137 ], [ 39.350994583688681, 65.775052429944097 ] ] } },
{ "type": "Feature", "properties": { "ConType": "Certain" }, "geometry": { "type": "LineString", "coordinates": [ [ 34.766093959077061, 65.632023169017003 ], [ 38.724226052699962, 66.074015492178162 ], [ 39.498057818378236, 67.171055767566287 ], [ 34.378094205242782, 68.097456089663567 ], [ 32.732935711797758, 66.955044023864545 ], [ 33.602991900542278, 66.041528923701392 ], [ 32.794596985167829, 66.121441501503796 ] ] } },
{ "type": "Feature", "properties": { "ConType": "Certain" }, "geometry": { "type": "LineString", "coordinates": [ [ 32.794596985167829, 66.121441501503796 ], [ 31.445017524864912, 66.605265429097088 ], [ 32.098470142166057, 67.850076252176152 ], [ 36.744478710790467, 68.481347197907638 ] ] } },
{ "type": "Feature", "properties": { "ConType": "Certain" }, "geometry": { "type": "LineString", "coordinates": [ [ -17.958014331632818, 88.18959113997731 ], [ -26.095968187268515, 88.738491999123298 ], [ 99.776943935273039, 89.289414165253532 ], [ 36.277479223533213, 87.597768223017994 ], [ -17.958014331632818, 88.18959113997731 ] ] } },
{ "type": "Feature", "properties": { "ConType": "Certain" }, "geometry": { "type": "LineString", "coordinates": [ [ 23.133681967456138, 68.447776290149719 ], [ 25.153841047608914, 68.915392599088548 ], [ 27.109439563951383, 68.176615528393924 ], [ 24.831353051948241, 67.523166594722696 ], [ 23.259457851276771, 67.790869341498819 ], [ 23.133681967456138, 68.447776290149719 ] ] } },
{ "type": "Feature", "properties": { "ConType": "Certain" }, "geometry": { "type": "LineString", "coordinates": [ [ 22.123476552436944, 67.693987533950903 ], [ 22.344154403215295, 68.541635707403742 ], [ 24.024224919414809, 69.107222364554303 ], [ 28.077360819005893, 68.417675724505315 ], [ 26.957087144598663, 67.174155009526231 ], [ 23.997581913655246, 67.301847663729646 ] ] } },
{ "type": "Feature", "properties": { "ConType": "Certain" }, "geometry": { "type": "LineString", "coordinates": [ [ 40.914726412023747, 69.466738435420837 ], [ 41.970481599105717, 68.460933873148264 ], [ 39.04494381851304, 68.018549706743059 ], [ 37.654256107223205, 68.725239538185093 ], [ 40.914726412023747, 69.466738435420837 ] ] } },
{ "type": "Feature", "properties": { "ConType": "Certain" }, "geometry": { "type": "LineString", "coordinates": [ [ 36.744478710790467, 68.481347197907638 ], [ 37.289897058982902, 69.375001108869213 ], [ 39.936866462999596, 69.845511174558965 ], [ 43.147557143224148, 68.77662190781794 ], [ 40.55269791759796, 67.764576316854502 ] ] } },
{ "type": "Feature", "properties": { "ConType": "Certain" }, "geometry": { "type": "LineString", "coordinates": [ [ 27.390230867712418, 70.290878477680081 ], [ 28.240204767017214, 70.528131785753544 ], [ 29.884264661543163, 69.336815565919537 ], [ 33.332514410908793, 69.388096040479539 ], [ 28.636965604184418, 68.73931633689071 ], [ 27.390230867712418, 70.290878477680081 ] ] } },
{ "type": "Feature", "properties": { "ConType": "Certain" }, "geometry": { "type": "LineString", "coordinates": [ [ 34.603645429112625, 69.665657199859112 ], [ 35.800292936477142, 70.649005539765923 ], [ 37.282178350570881, 70.03885373459913 ], [ 36.270104444794342, 69.359901293261913 ], [ 34.603645429112625, 69.665657199859112 ] ] } },
{ "type": "Feature", "properties": { "ConType": "Certain" }, "geometry": { "type": "LineString", "coordinates": [ [ 41.951462318850282, 71.243710127080874 ], [ 40.691431525235515, 70.903314637940582 ], [ 40.533433281869087, 70.110644812087273 ], [ 42.075853952599196, 69.838765897498931 ], [ 44.06965849775429, 70.846415038263572 ] ] } },
{ "type": "Feature", "properties": { "ConType": "Certain" }, "geometry": { "type": "LineString", "coordinates": [ [ 44.06965849775429, 70.846415038263572 ], [ 41.025373990641164, 70.071552944486271 ], [ 42.774699667323475, 71.127841680789317 ], [ 41.951462318850282, 71.243710127080874 ] ] } },
{ "type": "Feature", "properties": { "ConType": "Certain" }, "geometry": { "type": "LineString", "coordinates": [ [ 38.510410075596177, 71.995050347779397 ], [ 39.318982827519832, 71.409602514618413 ], [ 36.926338298298596, 71.342130290362789 ], [ 37.867503512590737, 71.940229400333038 ], [ 38.510410075596177, 71.995050347779397 ] ] } },
{ "type": "Feature", "properties": { "ConType": "Certain" }, "geometry": { "type": "LineString", "coordinates": [ [ 29.282575071019885, 71.044285066346674 ], [ 32.451717060800377, 70.476933419534632 ], [ 33.320567146014511, 70.914930425611587 ], [ 32.878957597178655, 71.599471424863083 ], [ 36.240553376476804, 71.094476921095932 ], [ 34.568433129512982, 72.063722864861873 ], [ 37.968960345591285, 72.190201810834338 ] ] } },
{ "type": "Feature", "properties": { "ConType": "Certain" }, "geometry": { "type": "LineString", "coordinates": [ [ 32.315484568604852, 72.550553749098299 ], [ 31.401900660082088, 72.113795122008995 ], [ 33.370913729708114, 72.248491408628638 ], [ 30.796336949504262, 71.589432662795488 ] ] } },
{ "type": "Feature", "properties": { "ConType": "Certain" }, "geometry": { "type": "LineString", "coordinates": [ [ 44.097497288263639, 73.608753187853097 ], [ 45.188596735956956, 73.264220471188679 ], [ 42.145407645396944, 73.07428708587868 ], [ 42.894627272589148, 73.545391050321314 ], [ 44.097497288263639, 73.608753187853097 ] ] } },
{ "type": "Feature", "properties": { "ConType": "Certain" }, "geometry": { "type": "LineString", "coordinates": [ [ 25.542513335965733, 73.599899519104625 ], [ 28.738239591294832, 73.312930777910708 ], [ 29.610007193826913, 72.250515152678759 ] ] } },
{ "type": "Feature", "properties": { "ConType": "Certain" }, "geometry": { "type": "LineString", "coordinates": [ [ 36.240604333906603, 72.795654204557238 ], [ 31.984843031315656, 74.234733765015264 ], [ 32.333197624467331, 75.009008631466131 ] ] } },
{ "type": "Feature", "properties": { "ConType": "Certain" }, "geometry": { "type": "LineString", "coordinates": [ [ 39.313672797534785, 75.712046544553132 ], [ 42.179101511203598, 75.142212995215544 ], [ 40.574074717685463, 73.673552847934047 ], [ 37.177863103220098, 72.787035839622476 ] ] } },
{ "type": "Feature", "properties": { "ConType": "Certain" }, "geometry": { "type": "LineString", "coordinates": [ [ 25.338813816829454, 75.768573210506062 ], [ 23.498248670850355, 75.742570862844218 ], [ 23.028457595631483, 75.580038301927914 ], [ 25.754010133327935, 75.611281020385775 ], [ 25.338813816829454, 75.768573210506062 ] ] } },
{ "type": "Feature", "properties": { "ConType": "Certain" }, "geometry": { "type": "LineString", "coordinates": [ [ 30.920751661177903, 74.934511748093968 ], [ 25.554330028217326, 75.855250512428029 ] ] } },
{ "type": "Feature", "properties": { "ConType": "Certain" }, "geometry": { "type": "LineString", "coordinates": [ [ 27.705205580809881, 76.028137595374687 ], [ 25.966679693577593, 76.145277649172016 ], [ 28.436541946673298, 76.662801685285842 ], [ 27.912292073963332, 76.744716508854353 ] ] } },
{ "type": "Feature", "properties": { "ConType": "Certain" }, "geometry": { "type": "LineString", "coordinates": [ [ 27.912292073963332, 76.744716508854353 ], [ 33.995681591273708, 76.379056222477516 ], [ 31.136463243457115, 75.462952730896419 ], [ 27.705205580809881, 76.028137595374687 ] ] } },
{ "type": "Feature", "properties": { "ConType": "Certain" }, "geometry": { "type": "LineString", "coordinates": [ [ 44.031488401646506, 77.383779908147019 ], [ 39.570307182955538, 76.625076131084242 ], [ 40.445702445309514, 75.949724815561723 ] ] } },
{ "type": "Feature", "properties": { "ConType": "Certain" }, "geometry": { "type": "LineString", "coordinates": [ [ 26.456549882465755, 77.39130173198275 ], [ 23.872886256773349, 76.248458928820725 ], [ 21.332684375299994, 76.417905293689032 ] ] } },
{ "type": "Feature", "properties": { "ConType": "Certain" }, "geometry": { "type": "LineString", "coordinates": [ [ 44.02066930694189, 77.877401799878342 ], [ 40.662699808990006, 77.240052469093001 ], [ 44.031488401646506, 77.383779908147019 ] ] } },
{ "type": "Feature", "properties": { "ConType": "Certain" }, "geometry": { "type": "LineString", "coordinates": [ [ 37.638353461464902, 76.398716741241458 ], [ 37.051123463759303, 76.9398028076061 ], [ 37.817769041336547, 77.370507271899029 ], [ 44.02066930694189, 77.877401799878342 ] ] } },
{ "type": "Feature", "properties": { "ConType": "Certain" }, "geometry": { "type": "LineString", "coordinates": [ [ 26.456549882465755, 77.39130173198275 ], [ 27.778003974428088, 78.091366329168366 ], [ 23.948760326353987, 78.395518184784393 ] ] } },
{ "type": "Feature", "properties": { "ConType": "Certain" }, "geometry": { "type": "LineString", "coordinates": [ [ 27.130210378890716, 78.463096597833641 ], [ 32.268228586664996, 78.095621535080497 ], [ 31.678248008999255, 77.806448212299628 ] ] } },
{ "type": "Feature", "properties": { "ConType": "Certain" }, "geometry": { "type": "LineString", "coordinates": [ [ 34.265343125557457, 77.556154706013587 ], [ 40.767393068659338, 78.624983359399764 ] ] } },
{ "type": "Feature", "properties": { "ConType": "Certain" }, "geometry": { "type": "LineString", "coordinates": [ [ 36.274249458397456, 78.536397046791592 ], [ 36.791458733778505, 78.330418468810137 ], [ 33.652576919313901, 78.057363740879865 ], [ 29.773851272086898, 78.98479048979226 ], [ 31.370117087801344, 79.266983459246745 ] ] } },
{ "type": "Feature", "properties": { "ConType": "Certain" }, "geometry": { "type": "LineString", "coordinates": [ [ 36.274249458397456, 78.536397046791592 ], [ 31.370117087801344, 79.266983459246745 ] ] } },
{ "type": "Feature", "properties": { "ConType": "Certain" }, "geometry": { "type": "LineString", "coordinates": [ [ 34.593513821104153, 79.980155859311679 ], [ 35.414340697153392, 80.595030025233342 ], [ 40.501987333889673, 80.613491853895724 ], [ 42.991687177211567, 79.656967103355626 ], [ 37.266848913239649, 79.209597689677764 ], [ 34.593513821104153, 79.980155859311679 ] ] } },
{ "type": "Feature", "properties": { "ConType": "Certain" }, "geometry": { "type": "LineString", "coordinates": [ [ 22.550158374169158, 80.720808662707498 ], [ 21.402143464435568, 80.270908690930781 ], [ 28.145225968180203, 79.432106380360779 ] ] } },
{ "type": "Feature", "properties": { "ConType": "Certain" }, "geometry": { "type": "LineString", "coordinates": [ [ 29.502962920862419, 80.804032764421194 ], [ 27.359737182579813, 81.050747978780947 ], [ 26.031397739985728, 80.561724605948456 ], [ 32.042311070817384, 80.608531979808745 ], [ 29.502962920862419, 80.804032764421194 ] ] } },
{ "type": "Feature", "properties": { "ConType": "Certain" }, "geometry": { "type": "LineString", "coordinates": [ [ 32.265164123183872, 80.862537951848878 ], [ 44.828046742401725, 80.888806147442637 ] ] } },
{ "type": "Feature", "properties": { "ConType": "Certain" }, "geometry": { "type": "LineString", "coordinates": [ [ 29.05880409238172, 81.161811494286084 ], [ 22.550158374169158, 80.720808662707498 ] ] } },
{ "type": "Feature", "properties": { "ConType": "Certain" }, "geometry": { "type": "LineString", "coordinates": [ [ 32.783748114729747, 81.440817282949268 ], [ 35.604095757841435, 81.784264196114449 ], [ 38.898503872468567, 81.46908412642172 ], [ 32.247148458939684, 81.235107698990092 ], [ 32.783748114729747, 81.440817282949268 ] ] } },
{ "type": "Feature", "properties": { "ConType": "Certain" }, "geometry": { "type": "LineString", "coordinates": [ [ 21.619215701108917, 82.150530583062064 ], [ 27.397384615466756, 82.181338000017419 ], [ 20.097546048693047, 81.310678246701571 ], [ 22.550158374169158, 80.720808662707498 ] ] } },
{ "type": "Feature", "properties": { "ConType": "Certain" }, "geometry": { "type": "LineString", "coordinates": [ [ 46.893489591689274, 81.865788808844272 ], [ 41.074854484833509, 82.153703274793827 ], [ 43.241706729601198, 82.449900378055759 ] ] } },
{ "type": "Feature", "properties": { "ConType": "Certain" }, "geometry": { "type": "LineString", "coordinates": [ [ 43.241706729601198, 82.449900378055759 ], [ 27.776382102197225, 81.884249582214309 ], [ 29.05880409238172, 81.161811494286084 ] ] } },
{ "type": "Feature", "properties": { "ConType": "Certain" }, "geometry": { "type": "LineString", "coordinates": [ [ 20.596067039564854, 82.47911282613984 ], [ 28.209045410060174, 82.824495716008727 ] ] } },
{ "type": "Feature", "properties": { "ConType": "Certain" }, "geometry": { "type": "LineString", "coordinates": [ [ 44.732170882401604, 82.414391040039405 ], [ 35.54085300355554, 83.23901203838679 ], [ 28.209045410060174, 82.824495716008727 ] ] } },
{ "type": "Feature", "properties": { "ConType": "Certain" }, "geometry": { "type": "LineString", "coordinates": [ [ 28.476231525270826, 83.703287756705436 ], [ 36.016200150172963, 84.283717282262842 ] ] } },
{ "type": "Feature", "properties": { "ConType": "Certain" }, "geometry": { "type": "LineString", "coordinates": [ [ 36.016200150172963, 84.283717282262842 ], [ 24.772145362992791, 84.291352728107753 ], [ 27.158805368819948, 84.916236635557169 ] ] } },
{ "type": "Feature", "properties": { "ConType": "Approx" }, "geometry": { "type": "LineString", "coordinates": [ [ 38.50751942865994, 84.487490477294713 ], [ 33.27318810709221, 84.889702367781823 ], [ 34.360341354965037, 85.098260044012846 ] ] } },
{ "type": "Feature", "properties": { "ConType": "Certain" }, "geometry": { "type": "LineString", "coordinates": [ [ 34.360341354965037, 85.098260044012846 ], [ 29.105626477775814, 85.413185352938953 ] ] } },
{ "type": "Feature", "properties": { "ConType": "Certain" }, "geometry": { "type": "LineString", "coordinates": [ [ 38.76426768672183, 85.758221783730846 ], [ 40.812717891964674, 85.480670774944656 ], [ 34.360341354965037, 85.098260044012846 ] ] } },
{ "type": "Feature", "properties": { "ConType": "Certain" }, "geometry": { "type": "LineString", "coordinates": [ [ 32.320532374927666, 85.892697817644063 ], [ 38.76426768672183, 85.758221783730846 ] ] } },
{ "type": "Feature", "properties": { "ConType": "Certain" }, "geometry": { "type": "LineString", "coordinates": [ [ 43.649246972586951, 86.214899406958494 ], [ 45.370304041479883, 86.449753247328601 ], [ 32.628521187818286, 86.358954906726808 ] ] } },
{ "type": "Feature", "properties": { "ConType": "Certain" }, "geometry": { "type": "LineString", "coordinates": [ [ 32.628521187818286, 86.358954906726808 ], [ 18.978626238533195, 87.17831102511316 ] ] } },
{ "type": "Feature", "properties": { "ConType": "Certain" }, "geometry": { "type": "LineString", "coordinates": [ [ 45.877914944783676, 2.831732826317745 ], [ 47.278344293981867, 2.635410954996455 ], [ 49.045241139171168, 4.762231230391834 ] ] } },
{ "type": "Feature", "properties": { "ConType": "Certain" }, "geometry": { "type": "LineString", "coordinates": [ [ 46.094615378874465, 10.650790927864913 ], [ 46.569278036485564, 10.973042218151679 ], [ 46.820570034019305, 9.182799153296733 ], [ 45.400072223009097, 9.63041855913885 ] ] } },
{ "type": "Feature", "properties": { "ConType": "Certain" }, "geometry": { "type": "LineString", "coordinates": [ [ 50.584577292567552, 9.387614475915372 ], [ 50.389835589642232, 11.545194653727632 ], [ 51.450926047983359, 9.68009668107884 ] ] } },
{ "type": "Feature", "properties": { "ConType": "Certain" }, "geometry": { "type": "LineString", "coordinates": [ [ 47.919856172712379, 11.76788807663587 ], [ 48.372603494758515, 13.592735150788032 ], [ 47.6353057988484, 13.94443420946153 ], [ 47.207760388507637, 12.998329788323684 ], [ 47.068153724310363, 14.392812142962311 ], [ 46.234585601182751, 14.014611425047367 ] ] } },
{ "type": "Feature", "properties": { "ConType": "Certain" }, "geometry": { "type": "LineString", "coordinates": [ [ 51.425511145302082, 13.897691376622358 ], [ 51.943268516449862, 13.983271702137223 ], [ 52.190405250853452, 14.20183112605635 ], [ 52.33346759849379, 14.51507194434123 ], [ 51.373212890728716, 14.209821285343201 ], [ 51.32701395557131, 14.969594940883971 ], [ 52.234495682197561, 14.937168181101628 ], [ 51.532080972013134, 15.206010613945304 ] ] } },
{ "type": "Feature", "properties": { "ConType": "Certain" }, "geometry": { "type": "LineString", "coordinates": [ [ 53.942950861963631, 14.543568670062932 ], [ 54.625834247551175, 15.458498171979228 ], [ 55.456266615603276, 14.799495356641057 ], [ 54.813667640640354, 13.79770683805417 ], [ 53.942950861963631, 14.543568670062932 ] ] } },
{ "type": "Feature", "properties": { "ConType": "Certain" }, "geometry": { "type": "LineString", "coordinates": [ [ 50.608920018212139, 18.669396817349838 ], [ 51.40541142045393, 18.081491079671103 ], [ 51.418499545428524, 17.583119758935897 ], [ 50.742279763868048, 18.135397177682563 ], [ 50.230233618477918, 16.841827847402982 ] ] } },
{ "type": "Feature", "properties": { "ConType": "Certain" }, "geometry": { "type": "LineString", "coordinates": [ [ 59.530522800091688, -0.854573344882176 ], [ 59.199249462564936, 0.866260417552028 ], [ 59.001033710811718, 0.335664257333975 ], [ 58.335855077254891, 1.053636806391783 ], [ 59.332309379874985, 1.300074158975641 ], [ 59.732495699337058, 0.61382098414747 ], [ 59.939930056425474, 1.396956639272428 ] ] } },
{ "type": "Feature", "properties": { "ConType": "Certain" }, "geometry": { "type": "LineString", "coordinates": [ [ 60.425340104923222, -0.794526949133314 ], [ 62.041893708477559, 2.081622024515138 ], [ 61.394916305730675, 1.57012034072865 ], [ 61.840914756127141, 2.871922023189255 ], [ 60.461770475728166, 3.27976669823382 ] ] } },
{ "type": "Feature", "properties": { "ConType": "Certain" }, "geometry": { "type": "LineString", "coordinates": [ [ 62.444035896904346, 8.469426923730293 ], [ 60.867530549331406, 8.867559581603915 ], [ 60.507173872145174, 8.264458296812004 ], [ 61.646338654955272, 8.350891084196631 ], [ 60.09215616387845, 7.752993376773072 ], [ 59.856502761465848, 6.545417354077456 ] ] } },
{ "type": "Feature", "properties": { "ConType": "Certain" }, "geometry": { "type": "LineString", "coordinates": [ [ 66.699978775736795, 1.179949794449647 ], [ 65.53903709523027, 1.863719549769542 ], [ 66.268654600899438, 2.848648127325883 ], [ 65.163735001602248, 3.867677669503083 ] ] } },
{ "type": "Feature", "properties": { "ConType": "Certain" }, "geometry": { "type": "LineString", "coordinates": [ [ 62.593941937510586, 7.969740111816111 ], [ 64.114886732689627, 8.286156360871445 ], [ 64.283280370878543, 6.268172007425245 ], [ 62.503995250820353, 6.446649966631551 ], [ 62.453586559873628, 7.710936803796754 ] ] } },
{ "type": "Feature", "properties": { "ConType": "Certain" }, "geometry": { "type": "LineString", "coordinates": [ [ 69.291211812354803, 8.975064051077183 ], [ 68.12689424499645, 9.366906121092546 ], [ 67.643675985963625, 8.689766906170986 ], [ 68.228428157210445, 7.187647659356994 ], [ 67.489152784059513, 7.225099012328055 ], [ 67.345769152660466, 8.656079992102717 ], [ 65.229471876720524, 6.390969397816331 ] ] } },
{ "type": "Feature", "properties": { "ConType": "Certain" }, "geometry": { "type": "LineString", "coordinates": [ [ 66.345651145388828, 12.383754359179873 ], [ 66.458978919263828, 11.330602647600973 ], [ 65.546682853260236, 12.37491574483643 ], [ 64.292877094061495, 10.760847872540198 ] ] } },
{ "type": "Feature", "properties": { "ConType": "Certain" }, "geometry": { "type": "LineString", "coordinates": [ [ 68.340781889642557, 13.993089443113588 ], [ 68.012043070858851, 15.363641233027346 ], [ 67.874795255502491, 14.411716577728978 ], [ 65.062569528226433, 14.282035221777345 ], [ 63.494735148614559, 11.475526385859789 ], [ 60.809787804037498, 10.361080161174581 ] ] } },
{ "type": "Feature", "properties": { "ConType": "Certain" }, "geometry": { "type": "LineString", "coordinates": [ [ 65.711183765271187, 23.664833485171428 ], [ 67.121801154236678, 22.160952932325863 ], [ 67.394080466532756, 20.212918111841255 ], [ 67.427694835846921, 21.269855994749978 ], [ 69.705891190593462, 21.001625783172752 ], [ 68.84406959982401, 19.336536922814194 ], [ 65.47697796674754, 21.123143291906395 ], [ 65.427611495725657, 22.299974169789206 ], [ 64.440995983866728, 21.461306758560575 ], [ 63.302336748754549, 21.738656625325376 ], [ 63.354908650529978, 22.543410699616761 ], [ 61.755962458179603, 22.515347052688014 ] ] } },
{ "type": "Feature", "properties": { "ConType": "Certain" }, "geometry": { "type": "LineString", "coordinates": [ [ 45.11179561842129, 24.92965243042411 ], [ 46.452019592076731, 24.818987017365806 ], [ 46.373490845526909, 23.716532155604355 ], [ 45.174618616980283, 24.013365657644801 ], [ 44.771504372379347, 22.725452727387008 ] ] } },
{ "type": "Feature", "properties": { "ConType": "Certain" }, "geometry": { "type": "LineString", "coordinates": [ [ 49.035010129218101, 25.657474356144537 ], [ 49.174180522363031, 26.492297578048138 ], [ 49.701195679872555, 26.589090820184811 ], [ 49.485241621089365, 24.581489066141248 ] ] } },
{ "type": "Feature", "properties": { "ConType": "Certain" }, "geometry": { "type": "LineString", "coordinates": [ [ 48.341448583220512, 26.694689388786575 ], [ 48.699954135804234, 25.723522707398129 ], [ 47.825667398713151, 25.511094307834814 ], [ 48.459132640228873, 25.042429691253318 ], [ 47.370200657511582, 25.255683425077201 ] ] } },
{ "type": "Feature", "properties": { "ConType": "Certain" }, "geometry": { "type": "LineString", "coordinates": [ [ 47.050850415386364, 25.586667658666613 ], [ 47.673845151645956, 25.529992110748559 ], [ 47.336280602978931, 26.155543144347181 ], [ 45.650530130653472, 26.602978625922287 ] ] } },
{ "type": "Feature", "properties": { "ConType": "Certain" }, "geometry": { "type": "LineString", "coordinates": [ [ 44.189895405912573, 27.163312783010284 ], [ 46.163584621083736, 27.859791552822628 ], [ 46.116467373813393, 29.310577111959386 ], [ 47.480395396986637, 30.082054414855627 ] ] } },
{ "type": "Feature", "properties": { "ConType": "Certain" }, "geometry": { "type": "LineString", "coordinates": [ [ 49.721035093775882, 32.066846529122394 ], [ 48.525653033647984, 32.913204726386816 ], [ 49.306577811707491, 33.559080387422007 ], [ 47.997765334033751, 33.631760083734363 ] ] } },
{ "type": "Feature", "properties": { "ConType": "Certain" }, "geometry": { "type": "LineString", "coordinates": [ [ 53.459992254317953, 24.750217713485082 ], [ 52.906391690224901, 24.140602735541286 ], [ 53.419418739756033, 23.142695018328705 ], [ 52.252666847068646, 23.541817299696447 ], [ 51.260691373407099, 22.523228661964605 ], [ 52.326337406843614, 21.868009518232494 ], [ 51.385719173665642, 21.974426152768686 ] ] } },
{ "type": "Feature", "properties": { "ConType": "Certain" }, "geometry": { "type": "LineString", "coordinates": [ [ 57.726006342160225, 25.125635704596451 ], [ 53.459992254317953, 24.750217713485082 ] ] } },
{ "type": "Feature", "properties": { "ConType": "Certain" }, "geometry": { "type": "LineString", "coordinates": [ [ 56.179956079104088, 29.096895067944899 ], [ 57.381885769926569, 27.97171811939678 ], [ 57.21916924516978, 26.340644481154925 ], [ 55.634821370413214, 25.95609323807351 ], [ 54.145516924555075, 26.711485408780277 ] ] } },
{ "type": "Feature", "properties": { "ConType": "Certain" }, "geometry": { "type": "LineString", "coordinates": [ [ 47.888917117928607, 41.766160697446189 ], [ 48.744007935312375, 42.310503933570061 ], [ 46.841867136449203, 42.310503933570061 ], [ 48.05470003207509, 43.137369782801279 ], [ 46.562653808054684, 43.482124595636009 ] ] } },
{ "type": "Feature", "properties": { "ConType": "Certain" }, "geometry": { "type": "LineString", "coordinates": [ [ 50.259568582707061, 36.076730460126392 ], [ 50.683813572790839, 37.213572755512914 ], [ 51.907654216417228, 36.740563071577157 ], [ 51.403124967966654, 35.84368138404632 ], [ 50.259568582707061, 36.076730460126392 ] ] } },
{ "type": "Feature", "properties": { "ConType": "Certain" }, "geometry": { "type": "LineString", "coordinates": [ [ 52.790839201763426, 39.994275059861415 ], [ 51.415496341668849, 39.443080977868135 ], [ 51.876333498662923, 40.359569245532235 ], [ 50.049561452527655, 40.831122599630341 ] ] } },
{ "type": "Feature", "properties": { "ConType": "Certain" }, "geometry": { "type": "LineString", "coordinates": [ [ 53.57991991564603, 39.981734658003411 ], [ 53.29160037714815, 40.883700948582515 ], [ 50.055877143152912, 41.431015244920388 ] ] } },
{ "type": "Feature", "properties": { "ConType": "Certain" }, "geometry": { "type": "LineString", "coordinates": [ [ 50.000000003051319, 42.107150457989427 ], [ 51.343743363532674, 41.859839933423281 ], [ 51.094405252992658, 43.051053529373171 ], [ 52.191183248656138, 43.702129994336524 ], [ 55.095249285826895, 43.513411910089388 ] ] } },
{ "type": "Feature", "properties": { "ConType": "Certain" }, "geometry": { "type": "LineString", "coordinates": [ [ 51.174734430538294, 45.677280370605658 ], [ 50.813442253164801, 44.3870181814763 ], [ 52.531089339369338, 44.544265056683159 ], [ 52.499396004478683, 45.41106349525765 ], [ 51.174734430538294, 45.677280370605658 ] ] } },
{ "type": "Feature", "properties": { "ConType": "Certain" }, "geometry": { "type": "LineString", "coordinates": [ [ 56.765630915544861, 44.355741106656602 ], [ 54.560689055071826, 44.776919328105009 ], [ 55.04624918592971, 45.827157664388494 ], [ 52.971084221642485, 46.085311855482296 ], [ 53.156715579037495, 44.680471981123503 ], [ 50.962125516621384, 43.906022978242284 ] ] } },
{ "type": "Feature", "properties": { "ConType": "Certain" }, "geometry": { "type": "LineString", "coordinates": [ [ 52.724022637245987, 21.433020735149491 ], [ 53.400203237779856, 22.908819292170428 ], [ 53.671567911699476, 22.150739387461332 ], [ 59.214941485159571, 24.005621701363083 ], [ 60.945543003988021, 23.235992344001112 ], [ 60.556714110245132, 23.77197598606779 ] ] } },
{ "type": "Feature", "properties": { "ConType": "Certain" }, "geometry": { "type": "LineString", "coordinates": [ [ 60.556714110245132, 23.77197598606779 ], [ 59.499561267580674, 24.961444900138552 ], [ 62.284202803522277, 24.264524411327063 ] ] } },
{ "type": "Feature", "properties": { "ConType": "Certain" }, "geometry": { "type": "LineString", "coordinates": [ [ 60.417176742480173, 26.067902261567831 ], [ 63.481611473478608, 25.380596046770332 ], [ 63.94334597854337, 24.379892695209513 ] ] } },
{ "type": "Feature", "properties": { "ConType": "Certain" }, "geometry": { "type": "LineString", "coordinates": [ [ 64.486055061471546, 27.100588338864252 ], [ 65.445864181931441, 27.70903188622724 ], [ 65.625294126970331, 26.626977451573833 ], [ 66.754069045349425, 27.380265524312936 ], [ 69.652327924091537, 26.167213035538296 ] ] } },
{ "type": "Feature", "properties": { "ConType": "Certain" }, "geometry": { "type": "LineString", "coordinates": [ [ 63.936399569355295, 28.442604347345668 ], [ 64.923056125491414, 28.498497738949581 ], [ 63.343913780394047, 28.171345789668294 ] ] } },
{ "type": "Feature", "properties": { "ConType": "Certain" }, "geometry": { "type": "LineString", "coordinates": [ [ 63.743663225308509, 30.305722314514838 ], [ 64.908382239071329, 32.004316760034285 ], [ 63.99237772731793, 32.847937921356454 ], [ 65.700622346578299, 31.478414131303005 ] ] } },
{ "type": "Feature", "properties": { "ConType": "Certain" }, "geometry": { "type": "LineString", "coordinates": [ [ 59.707604666867311, 42.62571876195485 ], [ 60.998521618736355, 43.097765607035683 ], [ 62.011666092228729, 42.161083703396834 ], [ 59.918282781608603, 42.041018118655231 ] ] } },
{ "type": "Feature", "properties": { "ConType": "Certain" }, "geometry": { "type": "LineString", "coordinates": [ [ 57.156918287620698, 39.076447652576157 ], [ 56.496781273735238, 39.411225061998408 ], [ 56.087484526298148, 43.627626040505582 ] ] } },
{ "type": "Feature", "properties": { "ConType": "Certain" }, "geometry": { "type": "LineString", "coordinates": [ [ 67.406732238010306, 37.393422921266918 ], [ 66.953708643722379, 36.578881537992544 ], [ 68.059085234077855, 37.074820426329353 ], [ 68.280793792200967, 35.695123581660063 ], [ 67.515068043719424, 34.966515443345486 ], [ 66.033307345395784, 35.384681939548429 ] ] } },
{ "type": "Feature", "properties": { "ConType": "Certain" }, "geometry": { "type": "LineString", "coordinates": [ [ 62.899557200018656, 35.688777056711196 ], [ 61.70248498364866, 36.423033518763248 ], [ 63.065783788752931, 36.366253206696243 ], [ 62.91045499974652, 38.057086557326492 ] ] } },
{ "type": "Feature", "properties": { "ConType": "Certain" }, "geometry": { "type": "LineString", "coordinates": [ [ 65.750624552099524, 44.381129297250041 ], [ 63.774809417493373, 43.796196957917445 ], [ 63.287538443365371, 42.571327384454342 ], [ 64.185589800457905, 42.885101257292042 ], [ 65.46626356364051, 42.017721731873458 ], [ 65.80172924133484, 43.541347371974403 ], [ 67.036465808247371, 44.16528449090611 ], [ 65.750624552099524, 44.381129297250041 ] ] } },
{ "type": "Feature", "properties": { "ConType": "Certain" }, "geometry": { "type": "LineString", "coordinates": [ [ 67.135420140734652, 4.470744367087946 ], [ 66.35587634793616, 5.781099395282839 ], [ 67.114413992301522, 5.636792759017634 ], [ 67.820641417716388, 6.813033401990717 ], [ 67.523188327149697, 5.494638553110127 ], [ 69.08605120137409, 5.958780351530636 ] ] } },
{ "type": "Feature", "properties": { "ConType": "Certain" }, "geometry": { "type": "LineString", "coordinates": [ [ 69.713132240705946, 8.191437556391556 ], [ 70.392932507222127, 7.098781011631495 ], [ 71.509777246549774, 7.42831129968443 ], [ 71.476275694584373, 6.706674247910192 ], [ 72.616560060142575, 6.235576087575544 ], [ 70.906608594531889, 4.770672210574414 ] ] } },
{ "type": "Feature", "properties": { "ConType": "Certain" }, "geometry": { "type": "LineString", "coordinates": [ [ 76.204750196722827, 3.13148342026138 ], [ 76.587349030219798, 5.244920181159729 ], [ 75.169524086780825, 6.007518178298716 ], [ 74.980419716063508, 4.588642523129187 ] ] } },
{ "type": "Feature", "properties": { "ConType": "Certain" }, "geometry": { "type": "LineString", "coordinates": [ [ 77.16682495073043, 7.62139962330637 ], [ 76.33912554255383, 8.037901257305949 ], [ 76.899534628697111, 8.727438976836712 ], [ 76.028311721911706, 9.465301386070381 ], [ 76.201465375005995, 11.045420559241988 ] ] } },
{ "type": "Feature", "properties": { "ConType": "Certain" }, "geometry": { "type": "LineString", "coordinates": [ [ 69.190249469566893, 16.975505865936579 ], [ 68.596170373819859, 17.726864765309891 ], [ 68.509824436996354, 15.951503782866267 ], [ 70.018301899419868, 16.168868586154986 ] ] } },
{ "type": "Feature", "properties": { "ConType": "Certain" }, "geometry": { "type": "LineString", "coordinates": [ [ 69.88075618162614, 19.302618728234325 ], [ 71.452207110810093, 20.170565463402461 ], [ 72.628229931546954, 18.749221007821614 ] ] } },
{ "type": "Feature", "properties": { "ConType": "Certain" }, "geometry": { "type": "LineString", "coordinates": [ [ 69.861257472158712, 23.091672434136697 ], [ 68.558628133794357, 23.145962625588933 ], [ 67.961093321626336, 21.592121287447235 ], [ 69.878163364575926, 21.484091849598869 ], [ 69.811288791956642, 22.791860349626422 ] ] } },
{ "type": "Feature", "properties": { "ConType": "Certain" }, "geometry": { "type": "LineString", "coordinates": [ [ 75.604864120627695, 11.745026265843091 ], [ 74.466814428977642, 12.883871529211408 ], [ 76.048850108708976, 12.750989065907119 ], [ 75.986791567232586, 14.006839691492081 ] ] } },
{ "type": "Feature", "properties": { "ConType": "Certain" }, "geometry": { "type": "LineString", "coordinates": [ [ 79.486021788029518, 12.664950601703564 ], [ 77.610425902203374, 12.361619407381625 ], [ 76.180978852530401, 14.469084605195182 ] ] } },
{ "type": "Feature", "properties": { "ConType": "Certain" }, "geometry": { "type": "LineString", "coordinates": [ [ 75.952522194440178, 16.055682538043808 ], [ 76.653765826907161, 14.243511355395164 ], [ 77.402465640167875, 15.306840745089554 ], [ 78.309399788780212, 14.399462460198997 ], [ 77.053056964945682, 14.140036961698184 ], [ 77.515380392400303, 13.32370670287936 ], [ 79.486021788029518, 12.664950601703564 ] ] } },
{ "type": "Feature", "properties": { "ConType": "Certain" }, "geometry": { "type": "LineString", "coordinates": [ [ 77.74809926750126, 16.93780524631476 ], [ 76.972241347089422, 17.417652373906964 ], [ 78.315808190137005, 15.676723193536528 ], [ 78.36259973790969, 16.88261461346611 ], [ 77.74809926750126, 16.93780524631476 ] ] } },
{ "type": "Feature", "properties": { "ConType": "Certain" }, "geometry": { "type": "LineString", "coordinates": [ [ 76.527435766197584, 18.772369683353229 ], [ 76.301149135465153, 18.368540949762899 ], [ 77.297435847765257, 17.744385480948779 ], [ 78.077577084439426, 18.029888810195182 ], [ 78.297544205707382, 18.529246641312053 ], [ 77.355494976303959, 17.906142266771944 ], [ 76.527435766197584, 18.772369683353229 ] ] } },
{ "type": "Feature", "properties": { "ConType": "Certain" }, "geometry": { "type": "LineString", "coordinates": [ [ 75.952522194440178, 16.055682538043808 ], [ 73.89667981462344, 17.618327425142521 ], [ 73.995182702932937, 18.895204381626993 ] ] } },
{ "type": "Feature", "properties": { "ConType": "Certain" }, "geometry": { "type": "LineString", "coordinates": [ [ 81.140704107040037, 11.127215983075658 ], [ 79.682115449080413, 9.004840529842575 ], [ 77.870702081768101, 9.401079475471443 ], [ 78.689849235778411, 7.809922000287755 ], [ 79.043677531462237, 8.560515872061016 ], [ 80.177971628878595, 7.53333063479932 ], [ 80.712172394078294, 8.100435913716806 ], [ 80.937109365243842, 6.943724705707742 ], [ 79.50601439410768, 6.317373503273521 ] ] } },
{ "type": "Feature", "properties": { "ConType": "Certain" }, "geometry": { "type": "LineString", "coordinates": [ [ 89.747721120309933, 4.076580564842613 ], [ 86.380331165976941, 4.379988010633066 ] ] } },
{ "type": "Feature", "properties": { "ConType": "Certain" }, "geometry": { "type": "LineString", "coordinates": [ [ 89.169512091467396, 9.16410613975861 ], [ 88.937269905116125, 7.985458806925084 ], [ 90.214394330956537, 8.175719191061436 ], [ 90.077797106637249, 9.189047196383989 ], [ 89.169512091467396, 9.16410613975861 ] ] } },
{ "type": "Feature", "properties": { "ConType": "Certain" }, "geometry": { "type": "LineString", "coordinates": [ [ 84.165505595563985, 10.29197065741965 ], [ 85.780594430239589, 10.033094959642256 ], [ 85.498945467293908, 7.517233069946748 ], [ 83.886054206404438, 7.592994985034144 ], [ 82.931382021600413, 8.897218814090433 ], [ 83.280346102151796, 9.61382426817292 ] ] } },
{ "type": "Feature", "properties": { "ConType": "Certain" }, "geometry": { "type": "LineString", "coordinates": [ [ 81.824115969849757, 10.818783324112236 ], [ 83.032287015844204, 11.715674868733259 ], [ 85.899243374029595, 11.838997042823284 ], [ 87.254461037156702, 11.637724966531234 ], [ 87.384916337928786, 10.384769634466689 ] ] } },
{ "type": "Feature", "properties": { "ConType": "Certain" }, "geometry": { "type": "LineString", "coordinates": [ [ 79.996689912870636, 14.375125743125279 ], [ 79.69159953299517, 15.259465848189777 ], [ 79.220593723933092, 15.217648440737664 ], [ 79.022018279077088, 14.126625412700085 ], [ 80.042630205764212, 13.320561463363742 ], [ 79.996689912870636, 14.375125743125279 ] ] } },
{ "type": "Feature", "properties": { "ConType": "Certain" }, "geometry": { "type": "LineString", "coordinates": [ [ 81.655174239191908, 16.489752738595175 ], [ 82.690532316741155, 15.219623727081752 ], [ 83.721973043524841, 15.361730049098473 ], [ 81.172626298567707, 14.536229777859825 ], [ 82.035801572206168, 13.094901109072866 ], [ 82.617729444726038, 13.83617547307251 ], [ 83.04744279162658, 13.243976997349369 ], [ 81.197811167301452, 11.555518964716391 ] ] } },
{ "type": "Feature", "properties": { "ConType": "Certain" }, "geometry": { "type": "LineString", "coordinates": [ [ 85.118171801505156, 17.851798209240371 ], [ 82.535231713934138, 18.321199057131651 ], [ 81.655174239191908, 16.489752738595175 ] ] } },
{ "type": "Feature", "properties": { "ConType": "Certain" }, "geometry": { "type": "LineString", "coordinates": [ [ 88.801983344013294, 16.403532269437594 ], [ 87.813595227898929, 14.570774578660121 ], [ 89.338078088578627, 13.746122495357179 ], [ 90.434022353811713, 15.035233198931309 ], [ 89.792930877174697, 16.155676412651573 ] ] } },
{ "type": "Feature", "properties": { "ConType": "Certain" }, "geometry": { "type": "LineString", "coordinates": [ [ 84.878203061302756, 15.937848167830074 ], [ 84.427975602626958, 16.347615130457797 ], [ 85.901982504067632, 16.768216288364247 ], [ 85.213968461813749, 17.525156536685891 ], [ 84.377990710496022, 16.769815198092939 ], [ 85.118171801505156, 17.851798209240371 ] ] } },
{ "type": "Feature", "properties": { "ConType": "Certain" }, "geometry": { "type": "LineString", "coordinates": [ [ 87.690685063030358, 16.623603010521837 ], [ 88.215475179472307, 17.243418787377141 ], [ 86.980624964168314, 18.132249313127208 ], [ 87.319993089921468, 19.566766831526401 ], [ 86.857362265696082, 18.367167819834393 ], [ 85.631253577838464, 17.917429340766486 ] ] } },
{ "type": "Feature", "properties": { "ConType": "Certain" }, "geometry": { "type": "LineString", "coordinates": [ [ 85.531316214136524, 19.020071572984076 ], [ 84.921581453914385, 19.521405356598326 ], [ 85.973796207683492, 20.078606472690829 ], [ 85.8191226859784, 19.418348162842094 ], [ 86.525977340895778, 19.440211482387152 ], [ 85.531316214136524, 19.020071572984076 ] ] } },
{ "type": "Feature", "properties": { "ConType": "Certain" }, "geometry": { "type": "LineString", "coordinates": [ [ 86.250147728303276, 23.070281562385162 ], [ 88.030343295248585, 22.831533370027294 ], [ 87.304341422366235, 21.193440593167086 ], [ 86.028196334217199, 21.672899267641963 ], [ 86.250147728303276, 23.070281562385162 ] ] } },
{ "type": "Feature", "properties": { "ConType": "Certain" }, "geometry": { "type": "LineString", "coordinates": [ [ 88.367868023117992, 23.177357309444229 ], [ 88.595936023627985, 21.636505129640611 ], [ 87.605248646415362, 20.45880044660008 ], [ 85.799264144901102, 20.52995477716777 ], [ 84.916682598810283, 21.762573411889385 ], [ 85.739663916868238, 23.740527535066796 ], [ 87.085540817974049, 24.162673189189679 ], [ 88.169812886861777, 23.594812746357928 ] ] } },
{ "type": "Feature", "properties": { "ConType": "Certain" }, "geometry": { "type": "LineString", "coordinates": [ [ 71.229021736986439, 23.170269843943434 ], [ 72.921204621867602, 24.144553802897775 ], [ 73.98886056842872, 23.90439184855779 ], [ 72.035913629134143, 22.48587057705134 ], [ 71.419752600136491, 23.016174939038773 ] ] } },
{ "type": "Feature", "properties": { "ConType": "Certain" }, "geometry": { "type": "LineString", "coordinates": [ [ 68.190875845738532, 23.67701984303859 ], [ 69.904197390795247, 23.791628375782789 ], [ 69.949697992829698, 24.490442019512749 ], [ 69.861257472158712, 23.091672434136697 ] ] } },
{ "type": "Feature", "properties": { "ConType": "Certain" }, "geometry": { "type": "LineString", "coordinates": [ [ 74.228610589396411, 25.837663874241088 ], [ 73.510955534938148, 25.728815361334963 ], [ 73.257408714007795, 26.854654337651098 ], [ 71.030346698914059, 24.554007699856069 ], [ 69.820029217941652, 25.497540917650298 ] ] } },
{ "type": "Feature", "properties": { "ConType": "Certain" }, "geometry": { "type": "LineString", "coordinates": [ [ 71.14820030512881, 30.072257357609487 ], [ 70.848801519275327, 29.52361118008319 ], [ 72.380138335639089, 28.69666641477027 ], [ 69.36737175403988, 28.053417960125028 ] ] } },
{ "type": "Feature", "properties": { "ConType": "Certain" }, "geometry": { "type": "LineString", "coordinates": [ [ 69.800912333036408, 34.279797224259255 ], [ 70.715641843859501, 34.063902222274699 ], [ 70.303577176689714, 32.719210454061439 ], [ 69.197586327034415, 33.167247495152395 ], [ 69.800912333036408, 34.279797224259255 ] ] } },
{ "type": "Feature", "properties": { "ConType": "Certain" }, "geometry": { "type": "LineString", "coordinates": [ [ 70.800285953566984, 31.198871113086614 ], [ 67.625679445595651, 32.657574461538935 ], [ 68.094838789830575, 34.379734587961202 ] ] } },
{ "type": "Feature", "properties": { "ConType": "Certain" }, "geometry": { "type": "LineString", "coordinates": [ [ 74.230749340526899, 20.194390089965658 ], [ 74.207338860152177, 24.58560501303544 ], [ 76.009590100057281, 26.006625279505844 ], [ 76.771105762970635, 25.045438072541138 ], [ 76.286088725134107, 24.296163913116288 ], [ 76.940417406578177, 24.348018641502357 ] ] } },
{ "type": "Feature", "properties": { "ConType": "Certain" }, "geometry": { "type": "LineString", "coordinates": [ [ 75.392167023843058, 26.565778940392097 ], [ 75.65375741504478, 27.878181021407066 ], [ 74.649466880719544, 27.982459412672224 ], [ 74.015689853076367, 26.458210892852001 ] ] } },
{ "type": "Feature", "properties": { "ConType": "Certain" }, "geometry": { "type": "LineString", "coordinates": [ [ 73.398657370244322, 30.834813581660001 ], [ 72.717871084716975, 30.968384471530211 ], [ 73.770280655348898, 30.357314769771836 ], [ 74.71702954353033, 31.184298782067149 ], [ 73.398657370244322, 30.834813581660001 ] ] } },
{ "type": "Feature", "properties": { "ConType": "Certain" }, "geometry": { "type": "LineString", "coordinates": [ [ 69.68815945275847, 39.239408767719425 ], [ 70.170766918467308, 40.079840832235099 ], [ 71.084151373436441, 38.980408637781764 ], [ 70.060200768846528, 37.992760209059711 ], [ 70.49403019785062, 37.188728591215025 ] ] } },
{ "type": "Feature", "properties": { "ConType": "Certain" }, "geometry": { "type": "LineString", "coordinates": [ [ 73.221502032035986, 41.181926143803615 ], [ 70.889301588786836, 42.004931492847263 ], [ 70.353529888999276, 41.716273307733616 ], [ 70.74643753387852, 41.033727843248371 ], [ 73.221502032035986, 41.181926143803615 ] ] } },
{ "type": "Feature", "properties": { "ConType": "Certain" }, "geometry": { "type": "LineString", "coordinates": [ [ 69.248432232201054, 43.691561495291481 ], [ 68.468395004482218, 41.275882588594463 ], [ 69.337047367481716, 41.509054144543931 ], [ 69.66245844712752, 43.563070601458818 ] ] } },
{ "type": "Feature", "properties": { "ConType": "Certain" }, "geometry": { "type": "LineString", "coordinates": [ [ 74.983378399676781, 34.101337650224508 ], [ 73.456980704416225, 34.244827579244181 ], [ 72.794882719887113, 35.134656804002653 ], [ 74.015549370578881, 36.047808801149628 ], [ 73.181670084605841, 35.8839776831989 ] ] } },
{ "type": "Feature", "properties": { "ConType": "Certain" }, "geometry": { "type": "LineString", "coordinates": [ [ 73.072697888137483, 39.819980154249983 ], [ 74.424829526841421, 40.075956858388132 ], [ 74.803790648856776, 39.162035124398955 ], [ 73.699343787558504, 38.620004198722945 ], [ 72.971658627727763, 39.311669793277318 ] ] } },
{ "type": "Feature", "properties": { "ConType": "Certain" }, "geometry": { "type": "LineString", "coordinates": [ [ 73.899648417984906, 41.902902826597511 ], [ 73.22560711931223, 41.506247132824932 ], [ 73.102099764497723, 42.849291668812818 ], [ 74.792658340082241, 43.02780852213813 ], [ 73.899648417984906, 41.902902826597511 ] ] } },
{ "type": "Feature", "properties": { "ConType": "Certain" }, "geometry": { "type": "LineString", "coordinates": [ [ 83.534436741617014, 28.026988802766429 ], [ 81.47975360045659, 28.731577474570457 ], [ 82.98240178948096, 29.045398113348604 ] ] } },
{ "type": "Feature", "properties": { "ConType": "Approx" }, "geometry": { "type": "LineString", "coordinates": [ [ 76.882664527179813, 29.397842442570507 ], [ 78.784076412526147, 30.797779428629685 ], [ 79.061290858898971, 29.805662812912939 ], [ 81.63596596267061, 28.188302171229306 ], [ 83.534436741617014, 28.026988802766429 ] ] } },
{ "type": "Feature", "properties": { "ConType": "Certain" }, "geometry": { "type": "LineString", "coordinates": [ [ 82.959331693656623, 33.487317736871802 ], [ 84.403859679097025, 33.967159043867092 ], [ 83.535988390736961, 32.726518498749783 ], [ 84.92952540458711, 31.916873474153583 ] ] } },
{ "type": "Feature", "properties": { "ConType": "Approx" }, "geometry": { "type": "LineString", "coordinates": [ [ 82.000724409388653, 24.98471956108887 ], [ 86.856528136233251, 25.35274581623225 ], [ 87.769877334544248, 26.182430631666211 ] ] } },
{ "type": "Feature", "properties": { "ConType": "Certain" }, "geometry": { "type": "LineString", "coordinates": [ [ 89.147141506076537, 26.740600166471985 ], [ 88.581865177430856, 26.158689053313889 ], [ 89.343371375690865, 25.654588316219012 ], [ 90.033895572625397, 26.6158679503054 ], [ 89.368664764754797, 26.113177120077747 ], [ 89.147141506076537, 26.740600166471985 ] ] } },
{ "type": "Feature", "properties": { "ConType": "Certain" }, "geometry": { "type": "LineString", "coordinates": [ [ 90.259994301957732, 29.235087307304532 ], [ 91.226044098245112, 29.88809516504541 ], [ 88.985579979019874, 30.62044817648291 ], [ 88.537942646398832, 29.531368686978357 ], [ 89.267759064784272, 28.692570198545386 ] ] } },
{ "type": "Feature", "properties": { "ConType": "Certain" }, "geometry": { "type": "LineString", "coordinates": [ [ 87.79725215917243, 30.084554887228879 ], [ 89.729691117280865, 31.338642155557725 ], [ 91.866130484759381, 29.570591311898234 ] ] } },
{ "type": "Feature", "properties": { "ConType": "Certain" }, "geometry": { "type": "LineString", "coordinates": [ [ 81.349527657585327, 36.687508831940136 ], [ 80.447618168117444, 37.881296846577563 ], [ 78.69575140679504, 36.863621824907668 ], [ 78.10586219106527, 37.946965965330811 ], [ 76.762068169955128, 37.011763284778219 ], [ 76.352498751461425, 35.942603246506856 ], [ 77.206002346479337, 34.488122676811123 ], [ 79.033420802055687, 33.466736455737937 ], [ 78.931903754732716, 33.976094712129665 ] ] } },
{ "type": "Feature", "properties": { "ConType": "Certain" }, "geometry": { "type": "LineString", "coordinates": [ [ 73.298720009840139, 36.342789918832331 ], [ 74.202369290566622, 38.571415273706705 ], [ 76.879021298497804, 40.703574151127775 ], [ 79.85033019212996, 39.795909271917047 ], [ 81.479128445263129, 40.666455126209485 ], [ 84.855297815336016, 38.982601914549342 ], [ 85.33404548658406, 37.694858365310736 ] ] } },
{ "type": "Feature", "properties": { "ConType": "Certain" }, "geometry": { "type": "LineString", "coordinates": [ [ 84.694460914670984, 36.320143193111257 ], [ 86.666004354421915, 34.247840283932895 ], [ 89.512894506482724, 34.0121685359222 ], [ 90.368973265488378, 34.64373578796134 ] ] } },
{ "type": "Feature", "properties": { "ConType": "Certain" }, "geometry": { "type": "LineString", "coordinates": [ [ 88.495156872998066, 39.730727790571706 ], [ 86.720393433363725, 40.726535660666151 ], [ 85.576881047199947, 39.244516343163227 ], [ 84.550304822456354, 39.555349967026039 ], [ 84.317536826793884, 40.181227267341946 ], [ 85.435921306926772, 40.65096073678918 ] ] } },
{ "type": "Feature", "properties": { "ConType": "Certain" }, "geometry": { "type": "LineString", "coordinates": [ [ 85.578043036211923, 42.029966045077863 ], [ 85.460950553015508, 43.265191113418922 ], [ 86.311471232269341, 44.197682045472426 ], [ 88.452187228094871, 42.11832225448493 ], [ 89.50832245563538, 42.710636060471749 ], [ 91.357897565756915, 41.08496715151302 ], [ 92.502472621432801, 41.032318513494175 ] ] } },
{ "type": "Feature", "properties": { "ConType": "Certain" }, "geometry": { "type": "LineString", "coordinates": [ [ 51.416837271989237, 46.661841947159665 ], [ 53.422621482811849, 46.957127249567051 ], [ 55.656213999886091, 46.215863240623662 ], [ 57.50150645000523, 44.614390582730117 ], [ 56.99185640197846, 44.345828610319771 ] ] } },
{ "type": "Feature", "properties": { "ConType": "Certain" }, "geometry": { "type": "LineString", "coordinates": [ [ 59.85849094875902, 46.13263112198581 ], [ 57.262971842225234, 46.974472034778543 ], [ 57.157411870941495, 49.070102758664234 ], [ 54.156032078571364, 49.265200784352366 ], [ 52.687499750279066, 47.674764621282719 ], [ 50.11484567317973, 48.416611154906015 ] ] } },
{ "type": "Feature", "properties": { "ConType": "Certain" }, "geometry": { "type": "LineString", "coordinates": [ [ 48.854529693400508, 47.472371672807192 ], [ 49.090771200351384, 48.774012136275452 ], [ 47.765243831581834, 48.443903274293376 ], [ 45.17416074211468, 49.784049954379093 ] ] } },
{ "type": "Feature", "properties": { "ConType": "Certain" }, "geometry": { "type": "LineString", "coordinates": [ [ 56.607700791300225, 50.638731836080382 ], [ 55.504141635338677, 49.656681693749022 ], [ 54.3538144283484, 49.968081369837577 ], [ 54.741241214494138, 50.817616231245381 ], [ 50.689667754387415, 50.611661572124802 ] ] } },
{ "type": "Feature", "properties": { "ConType": "Certain" }, "geometry": { "type": "LineString", "coordinates": [ [ 52.580052757963678, 51.481123420212761 ], [ 56.607700791300225, 50.638731836080382 ] ] } },
{ "type": "Feature", "properties": { "ConType": "Certain" }, "geometry": { "type": "LineString", "coordinates": [ [ 46.248433830158952, 50.410043643548818 ], [ 45.851037021051653, 51.856450534163059 ], [ 48.483844734688049, 50.47713406962454 ] ] } },
{ "type": "Feature", "properties": { "ConType": "Certain" }, "geometry": { "type": "LineString", "coordinates": [ [ 51.365467602140399, 53.549846164320925 ], [ 50.500229960751476, 53.613722816237896 ], [ 51.247416606787674, 53.311942209147986 ], [ 50.508044275353441, 52.680768838386228 ], [ 49.034905470598417, 53.036142517391625 ] ] } },
{ "type": "Feature", "properties": { "ConType": "Approx" }, "geometry": { "type": "LineString", "coordinates": [ [ 48.533359062062779, 53.560254291905281 ], [ 46.437512550676402, 53.974202830718561 ], [ 47.947221308437591, 55.046122606909044 ] ] } },
{ "type": "Feature", "properties": { "ConType": "Certain" }, "geometry": { "type": "LineString", "coordinates": [ [ 55.998798452286387, 55.904622767210199 ], [ 52.472962546803714, 55.820946393573749 ], [ 51.769399094824159, 55.248864293233538 ], [ 52.29462425883888, 54.35280821038193 ], [ 51.770600914527158, 53.306058146288677 ] ] } },
{ "type": "Feature", "properties": { "ConType": "Certain" }, "geometry": { "type": "LineString", "coordinates": [ [ 51.710633372201997, 55.484267512210138 ], [ 50.634024450583631, 55.059376686500478 ], [ 49.015691759321427, 55.964798769349684 ], [ 48.646635383839666, 55.385316061990068 ], [ 51.323515991180315, 54.60670904562302 ], [ 51.710633372201997, 55.484267512210138 ] ] } },
{ "type": "Feature", "properties": { "ConType": "Approx" }, "geometry": { "type": "LineString", "coordinates": [ [ 48.356363960105789, 56.513381487529543 ], [ 46.009931685810145, 56.851330653985698 ], [ 49.90925042025426, 57.135326808089488 ] ] } },
{ "type": "Feature", "properties": { "ConType": "Approx" }, "geometry": { "type": "LineString", "coordinates": [ [ 42.952131370111687, 57.701120698277052 ], [ 45.777927375547762, 59.759884856154606 ], [ 47.867227004837552, 58.819405697318388 ], [ 47.413592139046294, 58.101436089888026 ], [ 46.026880076829315, 58.172445456263489 ], [ 49.039327768864403, 57.535755010453649 ], [ 45.559361352753577, 57.885039629463449 ], [ 46.59995797412396, 57.187918579041359 ], [ 44.154791976208713, 56.955458824383584 ] ] } },
{ "type": "Feature", "properties": { "ConType": "Certain" }, "geometry": { "type": "LineString", "coordinates": [ [ 54.040096007826357, 59.256353033766011 ], [ 54.550018143201136, 59.002044783123026 ], [ 51.200518434913263, 58.86324415122953 ], [ 52.483011116494652, 58.408042792971735 ], [ 52.268463165526192, 57.325353712089239 ], [ 54.737026752760443, 57.159809511669948 ], [ 53.158638061190175, 56.82368082676436 ], [ 48.609235327970623, 58.378163106613648 ], [ 50.51869240280255, 60.27907208908853 ], [ 53.774434611993776, 60.04071327322881 ] ] } },
{ "type": "Feature", "properties": { "ConType": "Approx" }, "geometry": { "type": "LineString", "coordinates": [ [ 48.70267193574545, 60.685611743433022 ], [ 47.940204319977425, 58.35710547970011 ], [ 49.90925042025426, 57.135326808089488 ] ] } },
{ "type": "Feature", "properties": { "ConType": "Approx" }, "geometry": { "type": "LineString", "coordinates": [ [ 47.207948566921964, 59.600852159155558 ], [ 47.907015751236727, 60.590920214962807 ], [ 47.312492205921551, 61.037811924172082 ], [ 46.394183898610507, 60.614260736049687 ], [ 47.207948566921964, 59.600852159155558 ] ] } },
{ "type": "Feature", "properties": { "ConType": "Certain" }, "geometry": { "type": "LineString", "coordinates": [ [ 51.73342673079636, 61.200657887132273 ], [ 54.688447711216725, 60.400711747912744 ], [ 57.209833119839303, 61.145985106030892 ] ] } },
{ "type": "Feature", "properties": { "ConType": "Certain" }, "geometry": { "type": "LineString", "coordinates": [ [ 55.390073953119575, 62.141086985537214 ], [ 54.350811673087954, 62.547980222182133 ], [ 53.24242813268495, 62.098373427111675 ], [ 54.293727703942452, 61.485581834491306 ], [ 55.390073953119575, 62.141086985537214 ] ] } },
{ "type": "Feature", "properties": { "ConType": "Certain" }, "geometry": { "type": "LineString", "coordinates": [ [ 56.694163882064473, 62.665487191239286 ], [ 53.885498592487089, 63.136637690777164 ], [ 51.412753706081517, 62.387911795306245 ] ] } },
{ "type": "Feature", "properties": { "ConType": "Certain" }, "geometry": { "type": "LineString", "coordinates": [ [ 45.329982016278258, 64.36416552590569 ], [ 52.309248998315148, 64.229921817903104 ] ] } },
{ "type": "Feature", "properties": { "ConType": "Certain" }, "geometry": { "type": "LineString", "coordinates": [ [ 52.646378265266407, 64.507061918929239 ], [ 46.254643717831868, 64.652390820200338 ] ] } },
{ "type": "Feature", "properties": { "ConType": "Certain" }, "geometry": { "type": "LineString", "coordinates": [ [ 42.819290577664411, 66.963069218857711 ], [ 44.022576602777967, 66.206947844428726 ], [ 47.341587473682502, 67.110084586145419 ], [ 49.088077827130498, 66.421294033391504 ] ] } },
{ "type": "Feature", "properties": { "ConType": "Certain" }, "geometry": { "type": "LineString", "coordinates": [ [ 52.588294564904686, 67.335850888491336 ], [ 56.189178506576241, 67.008896305263477 ], [ 55.12867529534833, 65.812654752380496 ], [ 54.344471809672093, 66.634292485398191 ], [ 52.835848532226898, 66.421111184203596 ], [ 53.700587363300031, 65.701834966539025 ], [ 52.958016190093922, 65.404377423957683 ] ] } },
{ "type": "Feature", "properties": { "ConType": "Certain" }, "geometry": { "type": "LineString", "coordinates": [ [ 63.054062689500071, 49.177296223585977 ], [ 61.916486510829259, 49.357257940337895 ], [ 61.371147979014836, 48.375648583731476 ], [ 60.293559040360591, 48.270943583934638 ], [ 61.724527343435803, 49.998576054200157 ], [ 59.789671492108965, 49.395480543836115 ] ] } },
{ "type": "Feature", "properties": { "ConType": "Certain" }, "geometry": { "type": "LineString", "coordinates": [ [ 57.868106042217406, 55.041833522814436 ], [ 59.2181765960107, 54.499640032648301 ], [ 58.171170320123885, 52.44828196271483 ], [ 55.58896267140571, 52.320676396513335 ], [ 53.87641699707801, 53.474509320995701 ], [ 54.972075152765868, 54.980412994609303 ], [ 57.868106042217406, 55.041833522814436 ] ] } },
{ "type": "Feature", "properties": { "ConType": "Certain" }, "geometry": { "type": "LineString", "coordinates": [ [ 65.636410424981108, 46.040089510958389 ], [ 66.581972435739814, 46.207538833971057 ], [ 66.870368067412358, 46.941414836745388 ], [ 65.337515056454095, 47.195342037806519 ], [ 65.636410424981108, 46.040089510958389 ] ] } },
{ "type": "Feature", "properties": { "ConType": "Certain" }, "geometry": { "type": "LineString", "coordinates": [ [ 66.95701128339114, 45.254867377950383 ], [ 67.913832036842365, 45.825751988584088 ], [ 67.856779874868124, 47.357835826622008 ], [ 65.225422086763871, 48.132542911142963 ], [ 64.14891458863454, 47.336794200578872 ], [ 64.20721267493677, 46.330920084646472 ], [ 64.791302485338946, 45.407252636682202 ], [ 65.971914426276996, 45.333389591580953 ] ] } },
{ "type": "Feature", "properties": { "ConType": "Certain" }, "geometry": { "type": "LineString", "coordinates": [ [ 68.983281677017118, 50.493703435904088 ], [ 66.270317586661093, 52.328947547177464 ], [ 65.208766064492735, 51.176576977592575 ], [ 65.77315686104437, 50.400889882631319 ], [ 64.127288917630935, 49.822977047971612 ] ] } },
{ "type": "Feature", "properties": { "ConType": "Certain" }, "geometry": { "type": "LineString", "coordinates": [ [ 64.491593908520144, 58.651290277066529 ], [ 63.159811340462021, 57.54058714799617 ], [ 63.636686266805356, 56.98604608756613 ], [ 62.386964983704019, 56.982216949348349 ], [ 66.34748910521914, 53.941857852796232 ] ] } },
{ "type": "Feature", "properties": { "ConType": "Certain" }, "geometry": { "type": "LineString", "coordinates": [ [ 62.746147994408737, 59.506860111438748 ], [ 61.899053941782419, 59.295474360512777 ], [ 62.863246222352963, 58.201097379215518 ], [ 59.834192195827903, 59.595558898425644 ], [ 58.225372773909818, 60.813815343814312 ], [ 59.186132389601838, 61.478260450247994 ] ] } },
{ "type": "Feature", "properties": { "ConType": "Certain" }, "geometry": { "type": "LineString", "coordinates": [ [ 60.520588270432654, 63.296924230094703 ], [ 67.750071234340624, 62.545583854400107 ] ] } },
{ "type": "Feature", "properties": { "ConType": "Certain" }, "geometry": { "type": "LineString", "coordinates": [ [ 63.600439546550987, 63.958816646970106 ], [ 57.064863222433132, 63.789910004783202 ], [ 56.694163882064473, 62.665487191239286 ] ] } },
{ "type": "Feature", "properties": { "ConType": "Certain" }, "geometry": { "type": "LineString", "coordinates": [ [ 56.300993433112211, 64.888031509637784 ], [ 57.949527984894068, 65.223935463439943 ], [ 58.845503469791765, 64.627559197392571 ], [ 56.548971106912106, 64.452709979682879 ] ] } },
{ "type": "Feature", "properties": { "ConType": "Certain" }, "geometry": { "type": "LineString", "coordinates": [ [ 64.464115965339531, 65.653022072208543 ], [ 65.005962264319578, 64.873573216148856 ], [ 62.657141190666813, 65.096141959562686 ], [ 63.06748051418991, 65.567359681223834 ], [ 64.464115965339531, 65.653022072208543 ] ] } },
{ "type": "Feature", "properties": { "ConType": "Certain" }, "geometry": { "type": "LineString", "coordinates": [ [ 65.057316995185971, 64.431812140521416 ], [ 68.123560312611488, 65.082781034917716 ], [ 67.177814384181332, 65.763165072677907 ], [ 68.442667692391424, 66.622705094985022 ] ] } },
{ "type": "Feature", "properties": { "ConType": "Certain" }, "geometry": { "type": "LineString", "coordinates": [ [ 64.360679268664285, 67.719348253965123 ], [ 61.344745500766173, 67.150930758572756 ], [ 62.64000052208204, 66.219832934451247 ], [ 65.245455753608169, 66.077532303431155 ] ] } },
{ "type": "Feature", "properties": { "ConType": "Certain" }, "geometry": { "type": "LineString", "coordinates": [ [ 47.418793872950829, 67.452355705755409 ], [ 47.78508028736875, 67.883069651190638 ], [ 45.200492337694698, 69.039496642585121 ], [ 44.1446483873342, 68.326896844154163 ] ] } },
{ "type": "Feature", "properties": { "ConType": "Approx" }, "geometry": { "type": "LineString", "coordinates": [ [ 59.949797521458706, 69.176973749886557 ], [ 61.189263476713684, 69.087213513569381 ], [ 61.442444530014619, 68.65973890675032 ], [ 58.669950754622114, 68.506690660593975 ], [ 59.949797521458706, 69.176973749886557 ] ] } },
{ "type": "Feature", "properties": { "ConType": "Certain" }, "geometry": { "type": "LineString", "coordinates": [ [ 51.728338144019467, 67.946147182968801 ], [ 51.44817665192938, 68.829009275235478 ], [ 52.560389805431711, 69.037653818516603 ], [ 50.2953170433764, 69.441287421954172 ] ] } },
{ "type": "Feature", "properties": { "ConType": "Certain" }, "geometry": { "type": "LineString", "coordinates": [ [ 64.651166268840385, 69.633302147192538 ], [ 64.764433419467153, 69.123963825933032 ], [ 63.085674839430453, 68.983816317806244 ], [ 63.72893218491383, 68.083395028005242 ], [ 65.342162029761099, 67.885747828201545 ] ] } },
{ "type": "Feature", "properties": { "ConType": "Approx" }, "geometry": { "type": "LineString", "coordinates": [ [ 56.539559983272802, 69.186293066388444 ], [ 58.129175020060117, 69.081800958633863 ], [ 55.303189048808314, 69.137448094468013 ], [ 54.176073092888693, 69.483274098300654 ], [ 56.539559983272802, 69.186293066388444 ] ] } },
{ "type": "Feature", "properties": { "ConType": "Certain" }, "geometry": { "type": "LineString", "coordinates": [ [ 53.836347229621445, 69.793692491002531 ], [ 51.819586573407925, 69.725174722651118 ], [ 51.37571413148671, 69.532225127103146 ], [ 53.492097337904767, 69.387942812029024 ], [ 53.836347229621445, 69.793692491002531 ] ] } },
{ "type": "Feature", "properties": { "ConType": "Approx" }, "geometry": { "type": "LineString", "coordinates": [ [ 58.730810988540412, 69.407346752944846 ], [ 57.624532199067197, 69.745341877383268 ], [ 60.100855977596559, 69.786581499077684 ], [ 59.030433502969572, 69.438422003100882 ], [ 58.730810988540412, 69.407346752944846 ] ] } },
{ "type": "Feature", "properties": { "ConType": "Certain" }, "geometry": { "type": "LineString", "coordinates": [ [ 48.451006684602163, 70.068820258327207 ], [ 43.679547882187904, 69.057152656597765 ] ] } },
{ "type": "Feature", "properties": { "ConType": "Certain" }, "geometry": { "type": "LineString", "coordinates": [ [ 43.679547882187904, 69.057152656597765 ], [ 46.811760361068821, 70.493504810656361 ], [ 44.06965849775429, 70.846415038263572 ] ] } },
{ "type": "Feature", "properties": { "ConType": "Certain" }, "geometry": { "type": "LineString", "coordinates": [ [ 64.75184623188197, 70.884811689151903 ], [ 59.815332113020425, 70.526715830741992 ], [ 64.651166268840385, 69.633302147192538 ] ] } },
{ "type": "Feature", "properties": { "ConType": "Certain" }, "geometry": { "type": "LineString", "coordinates": [ [ 43.225070154389584, 72.334367248981906 ], [ 47.155546962950964, 70.977880857318496 ], [ 54.316354890265956, 70.777027633159278 ], [ 48.451006684602163, 70.068820258327207 ] ] } },
{ "type": "Feature", "properties": { "ConType": "Certain" }, "geometry": { "type": "LineString", "coordinates": [ [ 51.467179466326215, 72.559670719885943 ], [ 53.731600509500765, 73.083908753534743 ], [ 55.521155335763709, 73.090276338161758 ], [ 49.949986552070889, 72.206119382383932 ], [ 51.467179466326215, 72.559670719885943 ] ] } },
{ "type": "Feature", "properties": { "ConType": "Certain" }, "geometry": { "type": "LineString", "coordinates": [ [ 64.75184623188197, 70.884811689151903 ], [ 61.073596024043049, 71.986743366641889 ], [ 64.291954250786972, 72.311897109948177 ], [ 64.157722358761006, 73.211551799103958 ], [ 66.336927208346921, 73.122727775296354 ] ] } },
{ "type": "Feature", "properties": { "ConType": "Certain" }, "geometry": { "type": "LineString", "coordinates": [ [ 49.61747931065571, 73.794660652600484 ], [ 51.326334301123133, 73.935553167452596 ], [ 52.512519603765476, 73.726004459571712 ], [ 47.855854340037105, 73.302005933018378 ], [ 49.61747931065571, 73.794660652600484 ] ] } },
{ "type": "Feature", "properties": { "ConType": "Certain" }, "geometry": { "type": "LineString", "coordinates": [ [ 43.149644518105724, 74.252317052895478 ], [ 46.331025330272539, 74.000869492076873 ], [ 53.238358021754799, 75.154025433319859 ] ] } },
{ "type": "Feature", "properties": { "ConType": "Approx" }, "geometry": { "type": "LineString", "coordinates": [ [ 54.942387694506543, 75.405728252871128 ], [ 61.998263216414713, 74.869457093103449 ] ] } },
{ "type": "Feature", "properties": { "ConType": "Certain" }, "geometry": { "type": "LineString", "coordinates": [ [ 46.058163773608577, 75.575875750684943 ], [ 49.364871990130219, 76.198037544685576 ], [ 50.851306433208897, 75.340044389704929 ], [ 44.410990314826741, 74.389767566829491 ], [ 46.058163773608577, 75.575875750684943 ] ] } },
{ "type": "Feature", "properties": { "ConType": "Certain" }, "geometry": { "type": "LineString", "coordinates": [ [ 53.127605171128991, 76.066856150005933 ], [ 57.213847316763356, 76.180822342780189 ], [ 62.238434407860616, 75.099645815733552 ] ] } },
{ "type": "Feature", "properties": { "ConType": "Certain" }, "geometry": { "type": "LineString", "coordinates": [ [ 49.896655416910043, 76.516477039824949 ], [ 44.213459447814436, 75.688571021893409 ] ] } },
{ "type": "Feature", "properties": { "ConType": "Certain" }, "geometry": { "type": "LineString", "coordinates": [ [ 63.636840346085336, 76.516498475451002 ], [ 51.583410893615763, 76.15418174110853 ] ] } },
{ "type": "Feature", "properties": { "ConType": "Certain" }, "geometry": { "type": "LineString", "coordinates": [ [ 64.832165367661261, 77.292739645069716 ], [ 67.0274253989204, 77.543520561216226 ], [ 68.383841208013948, 77.027888634621874 ], [ 66.116919995862688, 76.759054010941639 ], [ 64.832165367661261, 77.292739645069716 ] ] } },
{ "type": "Feature", "properties": { "ConType": "Certain" }, "geometry": { "type": "LineString", "coordinates": [ [ 68.693051485534355, 76.639953210750264 ], [ 69.589168821511791, 77.048570768727345 ], [ 67.967136384066222, 77.743579994463062 ], [ 63.647380497339398, 77.30823208549694 ] ] } },
{ "type": "Feature", "properties": { "ConType": "Certain" }, "geometry": { "type": "LineString", "coordinates": [ [ 57.680963370955041, 77.622109901334198 ], [ 56.160186677253193, 77.776014161078649 ], [ 55.647795797529511, 77.065493499653257 ], [ 58.222568881898837, 77.05438942324713 ], [ 56.993166652971325, 77.327582747339804 ], [ 57.680963370955041, 77.622109901334198 ] ] } },
{ "type": "Feature", "properties": { "ConType": "Certain" }, "geometry": { "type": "LineString", "coordinates": [ [ 56.700268250394835, 78.003262173043453 ], [ 49.896655416910043, 76.516477039824949 ] ] } },
{ "type": "Feature", "properties": { "ConType": "Certain" }, "geometry": { "type": "LineString", "coordinates": [ [ 63.647380497339398, 77.30823208549694 ], [ 62.006873719421407, 77.373866438962537 ], [ 62.81413363488592, 77.872797173475021 ], [ 61.943780882606227, 78.156339495802044 ], [ 56.700268250394835, 78.003262173043453 ] ] } },
{ "type": "Feature", "properties": { "ConType": "Certain" }, "geometry": { "type": "LineString", "coordinates": [ [ 44.02066930694189, 77.877401799878342 ], [ 48.246536488753939, 77.707170877905767 ], [ 44.031488401646506, 77.383779908147019 ] ] } },
{ "type": "Feature", "properties": { "ConType": "Certain" }, "geometry": { "type": "LineString", "coordinates": [ [ 52.074816625224244, 78.337190131476945 ], [ 53.670520224041113, 78.600920177403239 ], [ 56.070953912332719, 78.289170121167018 ], [ 53.222583000416137, 77.652136461304138 ], [ 52.074816625224244, 78.337190131476945 ] ] } },
{ "type": "Feature", "properties": { "ConType": "Approx" }, "geometry": { "type": "LineString", "coordinates": [ [ 61.348608240152224, 79.296350903396018 ], [ 59.646987964745335, 78.953568029649915 ], [ 68.457956979146218, 78.603149198901676 ] ] } },
{ "type": "Feature", "properties": { "ConType": "Certain" }, "geometry": { "type": "LineString", "coordinates": [ [ 68.457956979146218, 78.603149198901676 ], [ 68.8397064045257, 79.042247010118331 ], [ 61.348608240152224, 79.296350903396018 ] ] } },
{ "type": "Feature", "properties": { "ConType": "Approx" }, "geometry": { "type": "LineString", "coordinates": [ [ 45.482302542717257, 79.226109661244109 ], [ 48.687959775190649, 78.998026936107919 ], [ 43.398274243863057, 78.623249520649566 ] ] } },
{ "type": "Feature", "properties": { "ConType": "Certain" }, "geometry": { "type": "LineString", "coordinates": [ [ 52.841396382238408, 79.926850262225912 ], [ 47.648446648867498, 80.245343989499162 ] ] } },
{ "type": "Feature", "properties": { "ConType": "Certain" }, "geometry": { "type": "LineString", "coordinates": [ [ 67.818240568239617, 82.216609386095797 ], [ 61.029802073789376, 82.169797988933396 ] ] } },
{ "type": "Feature", "properties": { "ConType": "Certain" }, "geometry": { "type": "LineString", "coordinates": [ [ 61.754793721892092, 79.655747337086979 ], [ 54.857851405998055, 80.723760262670808 ], [ 62.754081768105728, 81.129160148503018 ], [ 67.803746513530854, 80.249788950168565 ], [ 68.28355757980448, 80.849473145537615 ], [ 67.573604312804846, 81.275927578148782 ], [ 71.736413334049089, 81.611577724245222 ], [ 67.818240568239617, 82.216609386095797 ] ] } },
{ "type": "Feature", "properties": { "ConType": "Certain" }, "geometry": { "type": "LineString", "coordinates": [ [ 55.710641234242281, 82.319082666803098 ], [ 47.424356157383151, 81.415412692453003 ] ] } },
{ "type": "Feature", "properties": { "ConType": "Certain" }, "geometry": { "type": "LineString", "coordinates": [ [ 68.821866594859785, 83.036896447125514 ], [ 61.652936154809389, 82.866043077443976 ], [ 63.044547339251373, 82.637279256725961 ] ] } },
{ "type": "Feature", "properties": { "ConType": "Certain" }, "geometry": { "type": "LineString", "coordinates": [ [ 59.676635018498494, 82.319655093654276 ], [ 57.809126675657161, 83.056494086953833 ], [ 62.547300228061715, 83.640686893890233 ] ] } },
{ "type": "Feature", "properties": { "ConType": "Certain" }, "geometry": { "type": "LineString", "coordinates": [ [ 68.821866594859785, 83.036896447125514 ], [ 69.650248457307086, 83.351980016927598 ], [ 62.547300228061715, 83.640686893890233 ] ] } },
{ "type": "Feature", "properties": { "ConType": "Certain" }, "geometry": { "type": "LineString", "coordinates": [ [ 55.710641234242281, 82.319082666803098 ], [ 49.806611550984691, 83.591343982270274 ], [ 58.067214610879766, 83.461931043227921 ], [ 51.606381297290056, 84.074872019077262 ] ] } },
{ "type": "Feature", "properties": { "ConType": "Certain" }, "geometry": { "type": "LineString", "coordinates": [ [ 62.547300228061715, 83.640686893890233 ], [ 68.56749610175433, 84.092973666564191 ] ] } },
{ "type": "Feature", "properties": { "ConType": "Approx" }, "geometry": { "type": "LineString", "coordinates": [ [ 38.50751942865994, 84.487490477294713 ], [ 51.606381297290056, 84.074872019077262 ] ] } },
{ "type": "Feature", "properties": { "ConType": "Certain" }, "geometry": { "type": "LineString", "coordinates": [ [ 69.279439983219575, 85.02583327159887 ], [ 62.080299161163708, 84.372135331802141 ], [ 55.874555143176352, 85.159523610670718 ], [ 62.849413331391624, 85.412617457249368 ] ] } },
{ "type": "Feature", "properties": { "ConType": "Certain" }, "geometry": { "type": "LineString", "coordinates": [ [ 62.849413331391624, 85.412617457249368 ], [ 69.279439983219575, 85.02583327159887 ] ] } },
{ "type": "Feature", "properties": { "ConType": "Certain" }, "geometry": { "type": "LineString", "coordinates": [ [ 51.606381297290056, 84.074872019077262 ], [ 49.64628330453445, 85.074447216937372 ], [ 56.754728604442157, 85.918223100608287 ] ] } },
{ "type": "Feature", "properties": { "ConType": "Certain" }, "geometry": { "type": "LineString", "coordinates": [ [ 56.754728604442157, 85.918223100608287 ], [ 64.298258230964834, 86.005756205059896 ] ] } },
{ "type": "Feature", "properties": { "ConType": "Certain" }, "geometry": { "type": "LineString", "coordinates": [ [ 45.808833963602524, 86.187885802309196 ], [ 44.032519936736207, 85.918468479166279 ], [ 52.740179964623955, 85.984060792422525 ] ] } },
{ "type": "Feature", "properties": { "ConType": "Certain" }, "geometry": { "type": "LineString", "coordinates": [ [ 52.740179964623955, 85.984060792422525 ], [ 62.563566725434228, 86.317008753606899 ], [ 45.808833963602524, 86.187885802309196 ] ] } },
{ "type": "Feature", "properties": { "ConType": "Certain" }, "geometry": { "type": "LineString", "coordinates": [ [ 103.55860348792838, 88.819663042743827 ], [ 64.797865773933893, 87.483951997181279 ], [ 18.978626238533195, 87.17831102511316 ] ] } },
{ "type": "Feature", "properties": { "ConType": "Certain" }, "geometry": { "type": "LineString", "coordinates": [ [ 71.500222847186009, 45.561670157652145 ], [ 73.452968565312247, 46.455046421194105 ], [ 74.957565180192418, 45.272811173487128 ], [ 74.542444419329016, 43.816711765526044 ], [ 72.185037035246893, 43.71746962843018 ] ] } },
{ "type": "Feature", "properties": { "ConType": "Certain" }, "geometry": { "type": "LineString", "coordinates": [ [ 74.156460943351433, 50.015388101446533 ], [ 75.137129790429654, 50.275402271705282 ], [ 75.213807013344578, 51.268572577055686 ], [ 73.329351605195114, 51.513261026590961 ], [ 73.123438946710422, 50.311900698974 ] ] } },
{ "type": "Feature", "properties": { "ConType": "Certain" }, "geometry": { "type": "LineString", "coordinates": [ [ 78.278507865991429, 48.972542417916266 ], [ 80.309228945247867, 48.962720818527231 ], [ 78.783468468491535, 49.599033670837684 ], [ 80.65461481301989, 50.923674270842447 ], [ 79.470139519307111, 50.851689583482127 ], [ 78.612867346661687, 52.108149561257441 ], [ 77.591993611833644, 50.099122410633512 ], [ 76.865602692232031, 50.70117614957195 ], [ 76.342077699843429, 50.164563032208747 ], [ 77.232070184925391, 49.719566789667738 ], [ 76.731798305736277, 49.11241826410977 ], [ 78.246476662763101, 49.377508377423851 ] ] } },
{ "type": "Feature", "properties": { "ConType": "Certain" }, "geometry": { "type": "LineString", "coordinates": [ [ 66.779044243980408, 53.435608636094443 ], [ 68.553347747631207, 52.847795704783096 ], [ 71.674865504607595, 49.45142732663782 ], [ 72.716830451028471, 49.448148097970488 ] ] } },
{ "type": "Feature", "properties": { "ConType": "Certain" }, "geometry": { "type": "LineString", "coordinates": [ [ 72.9920885931285, 54.101475996315962 ], [ 72.289415923322522, 53.989434076393579 ], [ 71.41879651515265, 54.269651541849946 ], [ 74.056024571466395, 53.001087096894516 ], [ 74.215531180477115, 53.700038354045851 ], [ 72.9920885931285, 54.101475996315962 ] ] } },
{ "type": "Feature", "properties": { "ConType": "Certain" }, "geometry": { "type": "LineString", "coordinates": [ [ 70.221900638135864, 56.663486312238312 ], [ 70.267439059210233, 55.969204136768901 ], [ 68.828252488809198, 55.266378927750189 ], [ 70.48512612570083, 55.395106952371513 ], [ 70.749335030321717, 56.657096586258518 ] ] } },
{ "type": "Feature", "properties": { "ConType": "Certain" }, "geometry": { "type": "LineString", "coordinates": [ [ 80.012367609871461, 53.974498573104377 ], [ 76.185300446225241, 54.715300301336569 ], [ 74.580130739739388, 56.260040244146268 ], [ 75.091798374844885, 57.077468419241981 ] ] } },
{ "type": "Feature", "properties": { "ConType": "Certain" }, "geometry": { "type": "LineString", "coordinates": [ [ 73.71716139321363, 54.990977852895703 ], [ 73.455051784980157, 54.26282894483785 ], [ 70.884197809097742, 54.524020663075326 ], [ 70.148319019720006, 53.415195466331156 ], [ 69.070582145566007, 54.497911391213002 ], [ 67.997838802729632, 53.712235020800243 ], [ 68.450962313417207, 54.997984087267199 ], [ 67.343331783472493, 54.773163303790348 ], [ 68.13322458769656, 55.523263457033494 ], [ 66.32881813739796, 56.004703508868062 ], [ 68.419753238998894, 55.720596146736362 ], [ 67.8576680946599, 56.39351037668073 ], [ 68.397028876738077, 56.481859363930738 ], [ 66.586956957498984, 56.909717008898212 ], [ 69.110509260580159, 57.237903342558553 ], [ 64.211304056603524, 57.637196818729237 ], [ 69.090918387814114, 57.640012975216081 ] ] } },
{ "type": "Feature", "properties": { "ConType": "Certain" }, "geometry": { "type": "LineString", "coordinates": [ [ 78.066923581594878, 56.321861387713156 ], [ 77.592819213215094, 57.044538248728742 ], [ 76.763329471871472, 57.02528681074994 ], [ 76.012579753203525, 56.645404190957848 ], [ 76.238741800077392, 56.126939114371872 ], [ 77.244371892842977, 55.924929824029007 ], [ 76.238401636478883, 56.555944079787558 ], [ 77.463871394279948, 56.907739480057849 ], [ 77.743806031490763, 56.127360110067308 ] ] } },
{ "type": "Feature", "properties": { "ConType": "Certain" }, "geometry": { "type": "LineString", "coordinates": [ [ 75.121275097815712, 57.183025363155785 ], [ 77.925641940876574, 58.514288945027332 ], [ 80.247927757417401, 57.846514905656235 ] ] } },
{ "type": "Feature", "properties": { "ConType": "Approx" }, "geometry": { "type": "LineString", "coordinates": [ [ 79.918688274960701, 59.927511408923415 ], [ 74.666270175634963, 59.40264654480454 ] ] } },
{ "type": "Feature", "properties": { "ConType": "Certain" }, "geometry": { "type": "LineString", "coordinates": [ [ 71.026027143252549, 61.050908458507692 ], [ 73.989739343353889, 61.292937017269956 ], [ 74.85624825257635, 62.647285861495739 ] ] } },
{ "type": "Feature", "properties": { "ConType": "Certain" }, "geometry": { "type": "LineString", "coordinates": [ [ 73.647896791162026, 62.793401878955038 ], [ 72.084548888080505, 61.819032108242965 ], [ 68.725076116269946, 62.274951141153984 ] ] } },
{ "type": "Feature", "properties": { "ConType": "Certain" }, "geometry": { "type": "LineString", "coordinates": [ [ 70.762229782864907, 63.503375292145364 ], [ 72.012284548245063, 63.338250580332115 ], [ 72.210189694479197, 62.924838588429793 ], [ 70.628291905183517, 62.476039797740704 ], [ 70.042472299120035, 62.937145071545281 ], [ 70.762229782864907, 63.503375292145364 ] ] } },
{ "type": "Feature", "properties": { "ConType": "Certain" }, "geometry": { "type": "LineString", "coordinates": [ [ 69.000150228573759, 63.799113202849917 ], [ 72.63572913255274, 63.976775144048531 ], [ 73.647896791162026, 62.793401878955038 ] ] } },
{ "type": "Feature", "properties": { "ConType": "Approx" }, "geometry": { "type": "LineString", "coordinates": [ [ 73.716235789690032, 65.128092884722619 ], [ 74.568266737412188, 64.372588866216944 ], [ 73.405228949479863, 63.982873022330921 ], [ 71.44712642223692, 64.688336841492628 ] ] } },
{ "type": "Feature", "properties": { "ConType": "Certain" }, "geometry": { "type": "LineString", "coordinates": [ [ 78.210543222534398, 65.434530150724711 ], [ 75.330048950686489, 63.35429900813422 ], [ 76.186992159023546, 63.120268365057647 ], [ 77.337760672789429, 64.069352024925266 ] ] } },
{ "type": "Feature", "properties": { "ConType": "Certain" }, "geometry": { "type": "LineString", "coordinates": [ [ 77.932139596882394, 48.430280663525686 ], [ 80.741423076723606, 47.60223833809706 ], [ 82.960097397303329, 47.877990353723298 ] ] } },
{ "type": "Feature", "properties": { "ConType": "Certain" }, "geometry": { "type": "LineString", "coordinates": [ [ 82.960097397303329, 47.877990353723298 ], [ 84.878168226761531, 47.987273759206111 ], [ 83.60255186976444, 48.704853053566389 ] ] } },
{ "type": "Feature", "properties": { "ConType": "Certain" }, "geometry": { "type": "LineString", "coordinates": [ [ 69.446968344332163, 49.211507182648525 ], [ 74.668336170952884, 47.552278598199926 ], [ 76.853155192377315, 48.350133339235796 ], [ 77.961456086899673, 46.663321015249856 ], [ 80.703816473757627, 45.826319607259428 ], [ 85.97966777851947, 48.191907667174888 ], [ 87.905645841071831, 47.407294991886459 ], [ 88.321476638909999, 48.320352025912307 ], [ 89.912707908709677, 48.563236502626815 ], [ 91.403865800813492, 47.796689571800577 ], [ 91.657913130420752, 48.342904424985427 ] ] } },
{ "type": "Feature", "properties": { "ConType": "Certain" }, "geometry": { "type": "LineString", "coordinates": [ [ 86.379979146828319, 51.747202006092706 ], [ 85.604236124669868, 52.331398740695349 ], [ 82.109119849009403, 51.655118520562802 ] ] } },
{ "type": "Feature", "properties": { "ConType": "Certain" }, "geometry": { "type": "LineString", "coordinates": [ [ 74.189069958719756, 55.948728005625227 ], [ 76.534078693089981, 54.106459842028443 ], [ 82.462982154787298, 52.343361778912623 ], [ 88.062006554307018, 54.540921137225844 ] ] } },
{ "type": "Feature", "properties": { "ConType": "Certain" }, "geometry": { "type": "LineString", "coordinates": [ [ 87.187876755678616, 45.291807685809893 ], [ 88.24027133126566, 46.911355473672039 ], [ 90.338699206482389, 46.17248866355343 ], [ 90.038435209508336, 44.684188542731079 ], [ 88.765265448911762, 44.051985889269268 ], [ 87.187876755678616, 45.291807685809893 ] ] } },
{ "type": "Feature", "properties": { "ConType": "Certain" }, "geometry": { "type": "LineString", "coordinates": [ [ 83.60255186976444, 48.704853053566389 ], [ 83.649062973592748, 49.355489741928075 ], [ 85.012980539478292, 48.28716876001571 ], [ 86.00376406371818, 48.891062107678763 ], [ 89.068110361216924, 48.172886975465943 ], [ 89.215439064592715, 49.281085526416213 ], [ 90.122882385172701, 49.244002506754093 ] ] } },
{ "type": "Feature", "properties": { "ConType": "Certain" }, "geometry": { "type": "LineString", "coordinates": [ [ 88.608849926429727, 50.578482250383381 ], [ 86.799634812247973, 48.975186967376629 ], [ 83.828429132804104, 49.946933248306486 ] ] } },
{ "type": "Feature", "properties": { "ConType": "Certain" }, "geometry": { "type": "LineString", "coordinates": [ [ 83.828429132804104, 49.946933248306486 ], [ 85.245201860720911, 51.814219363065952 ], [ 88.608849926429727, 50.578482250383381 ] ] } },
{ "type": "Feature", "properties": { "ConType": "Certain" }, "geometry": { "type": "LineString", "coordinates": [ [ 82.276118799625579, 58.382184143151285 ], [ 83.525505001020676, 58.380727236200642 ], [ 83.079268470072449, 57.53929558227366 ], [ 84.026035271841693, 57.056310509874244 ], [ 86.615039527699821, 56.789677127121124 ], [ 85.999589343635165, 55.595183847409068 ], [ 84.355069377916408, 55.836819817627074 ] ] } },
{ "type": "Feature", "properties": { "ConType": "Certain" }, "geometry": { "type": "LineString", "coordinates": [ [ 89.114485642323061, 57.943628864331934 ], [ 86.111598005359241, 57.748946106080453 ], [ 84.841407846249211, 59.064762249148338 ] ] } },
{ "type": "Feature", "properties": { "ConType": "Certain" }, "geometry": { "type": "LineString", "coordinates": [ [ 88.824207655989809, 58.971366378956347 ], [ 88.023640493705969, 57.838204019936967 ], [ 86.045635950638314, 58.399626315358589 ], [ 86.602567627507071, 59.326461698219767 ], [ 88.824207655989809, 58.971366378956347 ] ] } },
{ "type": "Feature", "properties": { "ConType": "Certain" }, "geometry": { "type": "LineString", "coordinates": [ [ 81.26397468063152, 61.758468757745348 ], [ 82.370294105456125, 61.233909832774728 ], [ 82.306141751814792, 60.334200753191176 ], [ 84.841407846249211, 59.064762249148338 ] ] } },
{ "type": "Feature", "properties": { "ConType": "Approx" }, "geometry": { "type": "LineString", "coordinates": [ [ 88.970062191789324, 61.551132912198653 ], [ 85.338418654395184, 62.023160494896139 ], [ 84.306338235765836, 61.075512204121686 ], [ 85.307658936654448, 60.231218488490221 ], [ 85.962628098115673, 60.339579400264107 ], [ 85.769993312767284, 61.170159680731466 ], [ 90.078182304837227, 59.801730096942677 ], [ 92.160514086015112, 60.502624470510128 ], [ 91.102256250019394, 61.059603793828877 ] ] } },
{ "type": "Feature", "properties": { "ConType": "Certain" }, "geometry": { "type": "LineString", "coordinates": [ [ 89.288275501500465, 61.481895467436345 ], [ 90.975111473928649, 62.222514204675704 ], [ 89.794279214328341, 62.407076890583362 ], [ 88.970062191789324, 61.551132912198653 ] ] } },
{ "type": "Feature", "properties": { "ConType": "Certain" }, "geometry": { "type": "LineString", "coordinates": [ [ 90.461526995888974, 63.979379753990898 ], [ 88.033600359478555, 62.581710848438561 ], [ 82.668783598648503, 62.027234625830609 ] ] } },
{ "type": "Feature", "properties": { "ConType": "Certain" }, "geometry": { "type": "LineString", "coordinates": [ [ 78.210543222534398, 65.434530150724711 ], [ 79.527415155927315, 66.414551176908304 ], [ 82.899902396603594, 66.6955357310826 ] ] } },
{ "type": "Feature", "properties": { "ConType": "Certain" }, "geometry": { "type": "LineString", "coordinates": [ [ 87.366215017261112, 67.985308739438963 ], [ 86.246755830687675, 68.754335181893964 ], [ 84.226020412506429, 68.135645873569416 ], [ 85.720504022203784, 67.574733198614666 ], [ 87.366215017261112, 67.985308739438963 ] ] } },
{ "type": "Feature", "properties": { "ConType": "Certain" }, "geometry": { "type": "LineString", "coordinates": [ [ 86.59919345220753, 69.469499109911936 ], [ 82.857221196080019, 69.355784393306806 ], [ 81.109211396417962, 68.307372467997894 ], [ 82.899902396603594, 66.6955357310826 ] ] } },
{ "type": "Feature", "properties": { "ConType": "Certain" }, "geometry": { "type": "LineString", "coordinates": [ [ 69.999470108340958, 70.499399673773397 ], [ 70.847557006400862, 70.150546128501048 ], [ 68.643192456803931, 69.36352379864023 ], [ 68.801398563084973, 68.626798628514962 ], [ 67.333242552047864, 68.721356299744997 ], [ 67.541573376697386, 69.739898560675456 ], [ 66.338524109722357, 69.719411490766944 ], [ 66.295686277430406, 69.011161739351067 ], [ 69.762169414342807, 67.460314997740767 ], [ 68.929668989854889, 65.678662081941127 ], [ 70.471082502748772, 65.9533839508467 ], [ 69.941427066415145, 66.458556690195437 ], [ 70.823055772546169, 68.024768735886028 ], [ 75.362117844340972, 66.15847796628394 ], [ 73.716235789690032, 65.128092884722619 ] ] } },
{ "type": "Feature", "properties": { "ConType": "Certain" }, "geometry": { "type": "LineString", "coordinates": [ [ 78.719611359269933, 71.103196333571859 ], [ 75.479250151632826, 69.834667013363031 ], [ 74.848360074104832, 68.898997237327862 ], [ 77.511940462493442, 68.912927267950849 ], [ 79.46587061767886, 70.850374231371219 ] ] } },
{ "type": "Feature", "properties": { "ConType": "Certain" }, "geometry": { "type": "LineString", "coordinates": [ [ 86.669006928303943, 70.415014193138589 ], [ 83.021990656911782, 70.08751668177878 ], [ 82.511908529322014, 71.167133061304156 ] ] } },
{ "type": "Feature", "properties": { "ConType": "Certain" }, "geometry": { "type": "LineString", "coordinates": [ [ 74.650615843466497, 71.444770838206793 ], [ 69.999470108340958, 70.499399673773397 ] ] } },
{ "type": "Feature", "properties": { "ConType": "Certain" }, "geometry": { "type": "LineString", "coordinates": [ [ 86.649161519020922, 70.864888363017101 ], [ 85.143565370791833, 71.533762172022307 ], [ 83.074462929195136, 70.778280713688602 ], [ 84.420956605813529, 70.398275069891952 ], [ 86.649161519020922, 70.864888363017101 ] ] } },
{ "type": "Feature", "properties": { "ConType": "Certain" }, "geometry": { "type": "LineString", "coordinates": [ [ 75.433659734325261, 71.972262674572647 ], [ 71.97474768031725, 71.877587156866213 ], [ 74.650615843466497, 71.444770838206793 ] ] } },
{ "type": "Feature", "properties": { "ConType": "Certain" }, "geometry": { "type": "LineString", "coordinates": [ [ 71.249491796901253, 72.086029163161342 ], [ 69.009504251003079, 72.432449085533563 ], [ 67.71114774523106, 71.714706316493533 ], [ 69.898715011781249, 71.213674099159789 ], [ 71.249491796901253, 72.086029163161342 ] ] } },
{ "type": "Feature", "properties": { "ConType": "Certain" }, "geometry": { "type": "LineString", "coordinates": [ [ 69.999470108340958, 70.499399673773397 ], [ 66.447772482796651, 70.805391342576925 ], [ 65.157116959822815, 72.273683746853649 ], [ 67.356286193011883, 72.90393284969619 ] ] } },
{ "type": "Feature", "properties": { "ConType": "Certain" }, "geometry": { "type": "LineString", "coordinates": [ [ 67.356286193011883, 72.90393284969619 ], [ 72.559118534861341, 72.907440222678147 ] ] } },
{ "type": "Feature", "properties": { "ConType": "Certain" }, "geometry": { "type": "LineString", "coordinates": [ [ 82.41322777808098, 72.626942745287721 ], [ 85.121783447265557, 71.698708282199377 ], [ 88.858571978712206, 71.822598009008956 ], [ 90.933707477258125, 72.684733061182499 ], [ 89.374635569348214, 74.249266268641563 ], [ 83.184070916225267, 73.839484874890829 ], [ 81.097997724602536, 72.972648960246431 ], [ 81.981912243449827, 72.794968149101337 ] ] } },
{ "type": "Feature", "properties": { "ConType": "Certain" }, "geometry": { "type": "LineString", "coordinates": [ [ 78.923566862652393, 71.253870485210498 ], [ 79.249544739824159, 72.558870768704409 ], [ 78.149227626665436, 74.243707516140873 ], [ 74.703600038073191, 73.784500634143072 ] ] } },
{ "type": "Feature", "properties": { "ConType": "Certain" }, "geometry": { "type": "LineString", "coordinates": [ [ 65.841479462967357, 73.749767282278313 ], [ 69.351430794573389, 73.74433112177185 ], [ 70.96536377412383, 74.483726992821246 ], [ 67.419040712990125, 75.332322512118054 ], [ 64.521225485751273, 74.237413950379477 ] ] } },
{ "type": "Feature", "properties": { "ConType": "Certain" }, "geometry": { "type": "LineString", "coordinates": [ [ 84.97016111544238, 75.575884136961378 ], [ 83.279975206461103, 74.431113031049762 ], [ 89.140388014225024, 74.824192088385942 ] ] } },
{ "type": "Feature", "properties": { "ConType": "Certain" }, "geometry": { "type": "LineString", "coordinates": [ [ 72.094022870868741, 75.704986312190755 ], [ 63.265773209947305, 75.696075205857824 ] ] } },
{ "type": "Feature", "properties": { "ConType": "Certain" }, "geometry": { "type": "LineString", "coordinates": [ [ 89.140388014225024, 74.824192088385942 ], [ 86.771784733408154, 75.273313505033684 ], [ 89.207184046710523, 75.862535347280073 ], [ 84.97016111544238, 75.575884136961378 ] ] } },
{ "type": "Feature", "properties": { "ConType": "Certain" }, "geometry": { "type": "LineString", "coordinates": [ [ 84.97016111544238, 75.575884136961378 ], [ 82.149885825813072, 76.027090072605731 ], [ 74.510891068969769, 74.779865789306228 ] ] } },
{ "type": "Feature", "properties": { "ConType": "Approx" }, "geometry": { "type": "LineString", "coordinates": [ [ 75.963167627595951, 78.138813530083667 ], [ 75.469252219486151, 78.604288360620856 ], [ 73.651318246857016, 78.400287891890514 ], [ 74.753388724972311, 78.003256032561026 ], [ 77.051817715341855, 78.067425043332705 ], [ 75.963167627595951, 78.138813530083667 ] ] } },
{ "type": "Feature", "properties": { "ConType": "Approx" }, "geometry": { "type": "LineString", "coordinates": [ [ 77.142883661596954, 78.475661337371676 ], [ 76.758458628183888, 78.958652279834808 ], [ 73.741273758429614, 79.022325102032639 ], [ 75.699945368566048, 79.978653426389087 ], [ 79.064585089206759, 78.450853963203642 ], [ 77.142883661596954, 78.475661337371676 ] ] } },
{ "type": "Feature", "properties": { "ConType": "Certain" }, "geometry": { "type": "LineString", "coordinates": [ [ 80.227397875617001, 83.524256959512371 ], [ 85.275643048356471, 83.528086744096726 ], [ 85.994348336365945, 83.328672427557876 ], [ 84.999231217778402, 82.97718657421656 ], [ 87.366397134339977, 82.585542843102274 ], [ 85.081458302355884, 81.745392327290176 ], [ 85.635991002891785, 81.19962594037996 ], [ 79.928604514287613, 80.716487619743333 ], [ 79.268041571214965, 80.935548066794382 ], [ 82.076034382332196, 81.947744096279166 ], [ 81.577955727146005, 82.363134510722574 ], [ 84.538694647621597, 82.717027030839816 ], [ 78.781071200413209, 83.199375052922207 ], [ 80.227397875617001, 83.524256959512371 ] ] } },
{ "type": "Feature", "properties": { "ConType": "Certain" }, "geometry": { "type": "LineString", "coordinates": [ [ 68.56749610175433, 84.092973666564191 ], [ 88.332789828092643, 84.196663534471924 ], [ 73.446140780878679, 83.041754689962787 ], [ 74.380697246559691, 82.04885077667943 ], [ 77.657982019183464, 81.367927346016714 ], [ 73.752060323747273, 80.751968237318593 ], [ 78.769114998511753, 79.55487352673245 ], [ 78.412727958529729, 79.194123733355781 ], [ 80.902069988488392, 78.151287253953541 ], [ 80.028287315090296, 77.757644809004802 ], [ 74.784237684170918, 77.427686082147488 ], [ 68.457956979146218, 78.603149198901676 ] ] } },
{ "type": "Feature", "properties": { "ConType": "Certain" }, "geometry": { "type": "LineString", "coordinates": [ [ 68.56749610175433, 84.092973666564191 ], [ 75.016765346892015, 85.16366442618893 ] ] } },
{ "type": "Feature", "properties": { "ConType": "Approx" }, "geometry": { "type": "LineString", "coordinates": [ [ 87.027647353846717, 84.893162770360448 ], [ 75.016765346892015, 85.16366442618893 ] ] } },
{ "type": "Feature", "properties": { "ConType": "Certain" }, "geometry": { "type": "LineString", "coordinates": [ [ 69.279439983219575, 85.02583327159887 ], [ 74.414485498374503, 85.324372347043195 ] ] } },
{ "type": "Feature", "properties": { "ConType": "Certain" }, "geometry": { "type": "LineString", "coordinates": [ [ 74.414485498374503, 85.324372347043195 ], [ 75.405209711886059, 85.638960114112706 ], [ 64.298258230964834, 86.005756205059896 ] ] } },
{ "type": "Feature", "properties": { "ConType": "Certain" }, "geometry": { "type": "LineString", "coordinates": [ [ 107.633854796622288, -87.35974598276276 ], [ 103.972646003823982, -87.294760894623195 ], [ 103.217937125026282, -87.180845662576516 ], [ 110.769281280507158, -87.139187739479937 ], [ 107.633854796622288, -87.35974598276276 ] ] } },
{ "type": "Feature", "properties": { "ConType": "Certain" }, "geometry": { "type": "LineString", "coordinates": [ [ 103.666783911730974, -86.772976623469603 ], [ 90.460277242828397, -87.259698413560642 ] ] } },
{ "type": "Feature", "properties": { "ConType": "Certain" }, "geometry": { "type": "LineString", "coordinates": [ [ 103.666783911730974, -86.772976623469603 ], [ 117.52553521796257, -87.221707783109665 ] ] } },
{ "type": "Feature", "properties": { "ConType": "Certain" }, "geometry": { "type": "LineString", "coordinates": [ [ 107.797160191004338, -83.211890691685454 ], [ 102.854608193826564, -85.815766694685365 ], [ 107.111371015035232, -86.188844505737208 ] ] } },
{ "type": "Feature", "properties": { "ConType": "Certain" }, "geometry": { "type": "LineString", "coordinates": [ [ 107.797160191004338, -83.211890691685454 ], [ 98.435911455972331, -82.297590968462245 ] ] } },
{ "type": "Feature", "properties": { "ConType": "Certain" }, "geometry": { "type": "LineString", "coordinates": [ [ 114.76959482117033, -82.21092987846913 ], [ 105.625064977952078, -81.431677814647671 ], [ 107.318758563311931, -80.652977721494537 ] ] } },
{ "type": "Feature", "properties": { "ConType": "Certain" }, "geometry": { "type": "LineString", "coordinates": [ [ 98.435911455972331, -82.297590968462245 ], [ 98.934510172424211, -82.055185907768632 ], [ 94.712212549994135, -80.584799490161842 ] ] } },
{ "type": "Feature", "properties": { "ConType": "Certain" }, "geometry": { "type": "LineString", "coordinates": [ [ 94.712212549994135, -80.584799490161842 ], [ 85.852725763664353, -79.854925769401291 ] ] } },
{ "type": "Feature", "properties": { "ConType": "Certain" }, "geometry": { "type": "LineString", "coordinates": [ [ 107.318758563311931, -80.652977721494537 ], [ 103.831445699764217, -79.328093995321424 ], [ 107.176268418273068, -78.575018501334682 ], [ 105.667547569155928, -79.401083245158318 ], [ 112.138481260695883, -80.483237596211396 ], [ 110.524546454170505, -80.698373687993808 ] ] } },
{ "type": "Feature", "properties": { "ConType": "Certain" }, "geometry": { "type": "LineString", "coordinates": [ [ 96.677527993914794, -77.475013764607581 ], [ 98.02927578980993, -78.244511118086592 ], [ 93.961601480253194, -80.033850885660186 ], [ 94.712212549994135, -80.584799490161842 ] ] } },
{ "type": "Feature", "properties": { "ConType": "Certain" }, "geometry": { "type": "LineString", "coordinates": [ [ 91.137028387176102, -77.746700477479493 ], [ 96.677527993914794, -77.475013764607581 ] ] } },
{ "type": "Feature", "properties": { "ConType": "Certain" }, "geometry": { "type": "LineString", "coordinates": [ [ 97.92203895237229, -76.627254544718497 ], [ 91.298931060572315, -77.432296004799326 ] ] } },
{ "type": "Feature", "properties": { "ConType": "Approx" }, "geometry": { "type": "LineString", "coordinates": [ [ 111.121655736183754, -77.892455086985962 ], [ 103.87239761578374, -75.992013978271757 ], [ 108.814002972844293, -76.15071276427949 ] ] } },
{ "type": "Feature", "properties": { "ConType": "Certain" }, "geometry": { "type": "LineString", "coordinates": [ [ 104.810520864108753, -74.20007680972175 ], [ 107.346333599985087, -73.54227713649982 ], [ 109.353524238507944, -74.216174786797893 ], [ 107.823668488694267, -74.943870661143833 ], [ 104.810520864108753, -74.20007680972175 ] ] } },
{ "type": "Feature", "properties": { "ConType": "Certain" }, "geometry": { "type": "LineString", "coordinates": [ [ 100.821719438535666, -72.80079565818356 ], [ 103.879626018876877, -74.209879568844414 ], [ 101.055971188445966, -75.190548808359495 ], [ 101.243147279498203, -76.171301369801881 ], [ 97.92203895237229, -76.627254544718497 ] ] } },
{ "type": "Feature", "properties": { "ConType": "Certain" }, "geometry": { "type": "LineString", "coordinates": [ [ 89.895800466331806, -71.911908136752757 ], [ 98.28291335598982, -72.046612140197794 ] ] } },
{ "type": "Feature", "properties": { "ConType": "Certain" }, "geometry": { "type": "LineString", "coordinates": [ [ 89.895800466331806, -71.911908136752757 ], [ 90.521091479191, -70.643148208781184 ], [ 95.616751973123158, -71.121551640363961 ] ] } },
{ "type": "Feature", "properties": { "ConType": "Certain" }, "geometry": { "type": "LineString", "coordinates": [ [ 91.717910303376655, -69.724569248660202 ], [ 96.92907466647263, -70.869946656307718 ], [ 95.616751973123158, -71.121551640363961 ] ] } },
{ "type": "Feature", "properties": { "ConType": "Approx" }, "geometry": { "type": "LineString", "coordinates": [ [ 96.78518455739929, -68.949225354560824 ], [ 96.759442154627806, -69.595744321818046 ], [ 100.865618205702901, -71.917740572731176 ], [ 100.821719438535666, -72.80079565818356 ] ] } },
{ "type": "Feature", "properties": { "ConType": "Certain" }, "geometry": { "type": "LineString", "coordinates": [ [ 88.451815788269045, -69.425275302804792 ], [ 88.036236268732722, -68.698715493554488 ], [ 88.954066198826311, -67.992298590396572 ], [ 93.065292618605937, -68.525149864216615 ], [ 93.042014673058162, -69.345923418321618 ], [ 91.717910303376655, -69.724569248660202 ] ] } },
{ "type": "Feature", "properties": { "ConType": "Certain" }, "geometry": { "type": "LineString", "coordinates": [ [ 107.366603190627401, -66.02315017622773 ], [ 108.860331309929393, -67.750540526150431 ], [ 113.303951213905705, -68.130674694663014 ], [ 109.331477650955819, -67.131851244208178 ], [ 107.366603190627401, -66.02315017622773 ] ] } },
{ "type": "Feature", "properties": { "ConType": "Certain" }, "geometry": { "type": "LineString", "coordinates": [ [ 92.856611344555176, -65.98688333286718 ], [ 94.957836512907818, -66.463509028835432 ], [ 86.006117220575888, -68.362549349067962 ] ] } },
{ "type": "Feature", "properties": { "ConType": "Approx" }, "geometry": { "type": "LineString", "coordinates": [ [ 99.049552644684155, -63.968521883887654 ], [ 97.248546356259411, -68.440099292168156 ] ] } },
{ "type": "Feature", "properties": { "ConType": "Certain" }, "geometry": { "type": "LineString", "coordinates": [ [ 92.856611344555176, -65.98688333286718 ], [ 93.561335819294627, -65.812374206204652 ], [ 92.408298773224871, -64.852948991211576 ], [ 95.168787229452164, -65.18807134272808 ], [ 94.607056442393926, -64.558324493092613 ], [ 96.672986276127276, -64.367783223108205 ], [ 91.705946420925486, -63.826104122011294 ], [ 87.311112870676794, -64.570328661329597 ], [ 84.50009280502745, -63.740726732514844 ] ] } },
{ "type": "Feature", "properties": { "ConType": "Approx" }, "geometry": { "type": "LineString", "coordinates": [ [ 96.532253344564339, -61.695139769584777 ], [ 95.607959738878904, -63.436459144304926 ], [ 99.049552644684155, -63.968521883887654 ] ] } },
{ "type": "Feature", "properties": { "ConType": "Certain" }, "geometry": { "type": "LineString", "coordinates": [ [ 94.299396554238228, -59.794990053473185 ], [ 92.679770374642743, -60.597087808496646 ], [ 91.139088212331529, -59.961632935256318 ], [ 93.70357230173046, -59.369826968930496 ] ] } },
{ "type": "Feature", "properties": { "ConType": "Certain" }, "geometry": { "type": "LineString", "coordinates": [ [ 97.559691782738639, -59.72906010602226 ], [ 94.965182162279802, -59.488039005194985 ], [ 94.558047712183964, -58.673527074470798 ], [ 95.827581383810866, -57.939988821313733 ], [ 97.660750473718863, -58.345479831641128 ], [ 97.559691782738639, -59.72906010602226 ] ] } },
{ "type": "Feature", "properties": { "ConType": "Certain" }, "geometry": { "type": "LineString", "coordinates": [ [ 93.70357230173046, -59.369826968930496 ], [ 94.848179692223781, -57.976946271078504 ], [ 97.953429936108748, -57.659053935133898 ], [ 98.839195879657311, -58.307713516772175 ], [ 97.881878733169387, -59.031724669659674 ], [ 98.160016985771051, -60.056319582999343 ] ] } },
{ "type": "Feature", "properties": { "ConType": "Certain" }, "geometry": { "type": "LineString", "coordinates": [ [ 87.855601892142261, -57.759598936176126 ], [ 93.368818732022149, -58.304548991788693 ], [ 90.716758518519043, -59.500245509252835 ], [ 88.777466861183981, -58.817980521689869 ] ] } },
{ "type": "Feature", "properties": { "ConType": "Certain" }, "geometry": { "type": "LineString", "coordinates": [ [ 99.363751233122855, -55.951370724812897 ], [ 96.810740664793798, -56.450890929148137 ], [ 100.218001483760432, -57.907767731416563 ], [ 101.234579832419755, -59.175431810824705 ] ] } },
{ "type": "Feature", "properties": { "ConType": "Certain" }, "geometry": { "type": "LineString", "coordinates": [ [ 94.386475549898847, -55.519490384520083 ], [ 96.197737100214169, -55.886779484972841 ], [ 96.50555796332587, -56.740820213908115 ], [ 93.714402994757677, -56.48206160741352 ] ] } },
{ "type": "Feature", "properties": { "ConType": "Certain" }, "geometry": { "type": "LineString", "coordinates": [ [ 94.373142864217854, -55.174293292062131 ], [ 95.495446673789559, -55.229437280988513 ], [ 96.007179097250301, -54.366125191993504 ], [ 94.434176532137556, -53.994929719113443 ], [ 94.27369937404211, -54.986370472838907 ] ] } },
{ "type": "Feature", "properties": { "ConType": "Certain" }, "geometry": { "type": "LineString", "coordinates": [ [ 98.693731844901848, -54.724658389939258 ], [ 98.237382938648437, -53.938520721556309 ], [ 98.929617197277153, -53.446465173891063 ], [ 100.576408627033899, -54.639626470183231 ], [ 98.693731844901848, -54.724658389939258 ] ] } },
{ "type": "Feature", "properties": { "ConType": "Certain" }, "geometry": { "type": "LineString", "coordinates": [ [ 98.101630815534705, -52.670339753355172 ], [ 96.77315841269899, -52.677549659151936 ], [ 96.927284033206817, -53.567221859705164 ], [ 97.76025416832374, -53.963869938883818 ], [ 98.493503436263893, -52.854588657973267 ] ] } },
{ "type": "Feature", "properties": { "ConType": "Certain" }, "geometry": { "type": "LineString", "coordinates": [ [ 102.242885727788405, -52.966061963288105 ], [ 100.394481200716044, -52.377996787422894 ], [ 99.356682746395578, -52.921472553440992 ], [ 101.470239701795819, -54.361885706639747 ], [ 102.846868059681896, -54.184067100694882 ] ] } },
{ "type": "Feature", "properties": { "ConType": "Certain" }, "geometry": { "type": "LineString", "coordinates": [ [ 101.237283761862017, -49.970924947436814 ], [ 100.003917452504083, -49.401910423690168 ], [ 99.877639796953531, -48.2675618764859 ], [ 102.328477994595858, -47.856633623977359 ] ] } },
{ "type": "Feature", "properties": { "ConType": "Certain" }, "geometry": { "type": "LineString", "coordinates": [ [ 94.211048658556308, -48.01380649680754 ], [ 94.736844448829601, -47.36038628687519 ], [ 95.30399652336763, -48.389985432856626 ], [ 96.455751498048315, -48.171850022109531 ], [ 97.031628990335307, -48.800080010997185 ], [ 96.272517751701642, -49.916933324575247 ], [ 97.125356017865158, -50.206451833486717 ] ] } },
{ "type": "Feature", "properties": { "ConType": "Certain" }, "geometry": { "type": "LineString", "coordinates": [ [ 101.677678883548992, -44.936219960536214 ], [ 99.400252651485857, -46.621876775664795 ], [ 102.263825000366126, -47.690643302011104 ] ] } },
{ "type": "Feature", "properties": { "ConType": "Certain" }, "geometry": { "type": "LineString", "coordinates": [ [ 98.46839151461441, -49.625035804143238 ], [ 99.746978608642237, -49.182253254979173 ], [ 96.438300669145889, -47.03929095724282 ], [ 97.946052641157152, -46.327296969177254 ], [ 97.966993638478286, -45.301187988316741 ], [ 100.047132937655647, -45.315148655396037 ], [ 99.73583798614257, -44.510153743601599 ] ] } },
{ "type": "Feature", "properties": { "ConType": "Certain" }, "geometry": { "type": "LineString", "coordinates": [ [ 102.745659424848554, -67.695743072150194 ], [ 100.380768692230532, -67.269505993489304 ], [ 99.301508144097411, -65.350000645767409 ], [ 100.965060660372984, -64.72190264757154 ], [ 100.428769443454968, -65.734241932994053 ], [ 104.081599208327717, -67.641827028008265 ], [ 102.745659424848554, -67.695743072150194 ] ] } },
{ "type": "Feature", "properties": { "ConType": "Certain" }, "geometry": { "type": "LineString", "coordinates": [ [ 108.880379882778243, -63.282478306610898 ], [ 108.43977659807787, -62.852778454261376 ], [ 111.558439139558985, -62.228385392968214 ], [ 111.602141487138113, -63.171444550350294 ], [ 110.693683064349145, -63.336365053198726 ] ] } },
{ "type": "Feature", "properties": { "ConType": "Certain" }, "geometry": { "type": "LineString", "coordinates": [ [ 100.623565444469918, -62.080388036567051 ], [ 106.923857372232973, -67.61199122202558 ], [ 105.729047857676662, -67.600519597184174 ], [ 98.661649140108594, -61.611414202835462 ] ] } },
{ "type": "Feature", "properties": { "ConType": "Certain" }, "geometry": { "type": "LineString", "coordinates": [ [ 102.674864279524172, -61.307472944000821 ], [ 104.563644157040173, -61.825538153823047 ], [ 103.825704487214693, -62.810678099843308 ], [ 104.521876717681266, -63.265033262029732 ], [ 108.653335179481985, -64.65799921761095 ] ] } },
{ "type": "Feature", "properties": { "ConType": "Certain" }, "geometry": { "type": "LineString", "coordinates": [ [ 101.666039767321251, -59.95050617006445 ], [ 106.495250047573762, -60.056255747704988 ] ] } },
{ "type": "Feature", "properties": { "ConType": "Certain" }, "geometry": { "type": "LineString", "coordinates": [ [ 106.382424592861582, -58.398862857505932 ], [ 101.255507167002619, -58.654895713090951 ], [ 102.123392342350556, -57.623657018731635 ] ] } },
{ "type": "Feature", "properties": { "ConType": "Certain" }, "geometry": { "type": "LineString", "coordinates": [ [ 102.489433764051753, -56.173901025904755 ], [ 101.929099570688123, -55.70801345073928 ], [ 102.834136208003244, -55.208578514026648 ], [ 104.114357313421849, -55.812515339734915 ], [ 102.489433764051753, -56.173901025904755 ] ] } },
{ "type": "Feature", "properties": { "ConType": "Certain" }, "geometry": { "type": "LineString", "coordinates": [ [ 102.99360096807635, -54.073182823299128 ], [ 105.418109967630983, -53.364226883427818 ], [ 104.05126682792995, -52.560637103302675 ], [ 102.838263166213622, -53.360484803531875 ] ] } },
{ "type": "Feature", "properties": { "ConType": "Certain" }, "geometry": { "type": "LineString", "coordinates": [ [ 102.242885727788405, -52.966061963288105 ], [ 104.589151417589619, -52.130420141208319 ], [ 106.560570629643109, -53.537913624052813 ] ] } },
{ "type": "Feature", "properties": { "ConType": "Certain" }, "geometry": { "type": "LineString", "coordinates": [ [ 105.917961899821464, -51.142351468686613 ], [ 104.929482075503358, -50.960672636270637 ], [ 104.558566426583411, -49.911765983308257 ], [ 106.0087307351085, -49.664098113664835 ], [ 106.927534027300496, -50.421584535142422 ] ] } },
{ "type": "Feature", "properties": { "ConType": "Certain" }, "geometry": { "type": "LineString", "coordinates": [ [ 111.309083197875921, -49.629265135605827 ], [ 111.61665413148134, -49.0533876433188 ], [ 113.089068164742045, -50.185510437133161 ], [ 111.387611944425743, -50.656682929623358 ] ] } },
{ "type": "Feature", "properties": { "ConType": "Certain" }, "geometry": { "type": "LineString", "coordinates": [ [ 108.96955893991327, -47.711610579409772 ], [ 108.524803587639937, -47.102439074888657 ], [ 107.436343119441972, -47.993925032801506 ], [ 106.667817304384272, -46.653657300788851 ], [ 109.183966675505076, -46.255333209583519 ], [ 109.757284167036488, -46.80940707229955 ], [ 108.96955893991327, -47.711610579409772 ] ] } },
{ "type": "Feature", "properties": { "ConType": "Internal" }, "geometry": { "type": "LineString", "coordinates": [ [ 117.52553521796257, -87.221707783109665 ], [ 124.266314229546111, -87.525785088916081 ], [ 113.701702647414692, -87.417774834304126 ] ] } },
{ "type": "Feature", "properties": { "ConType": "Approx" }, "geometry": { "type": "LineString", "coordinates": [ [ 128.202687375336041, -85.766772365918285 ], [ 121.922055883892213, -85.97278491442033 ], [ 124.60338616773997, -85.435834162862477 ], [ 120.461501938483565, -85.014982323553937 ], [ 133.691780525393824, -85.410772736952381 ], [ 128.202687375336041, -85.766772365918285 ] ] } },
{ "type": "Feature", "properties": { "ConType": "Certain" }, "geometry": { "type": "LineString", "coordinates": [ [ 131.982004442777622, -84.082243737468318 ], [ 134.632262797342463, -84.415789680067888 ], [ 123.814001651676222, -84.437286150308879 ] ] } },
{ "type": "Feature", "properties": { "ConType": "Certain" }, "geometry": { "type": "LineString", "coordinates": [ [ 125.036182082981213, -84.08444270621905 ], [ 131.982004442777622, -84.082243737468318 ] ] } },
{ "type": "Feature", "properties": { "ConType": "Certain" }, "geometry": { "type": "LineString", "coordinates": [ [ 123.814001651676222, -84.437286150308879 ], [ 111.091239196220386, -84.255961912614453 ], [ 112.640139576390595, -83.509196977893851 ] ] } },
{ "type": "Feature", "properties": { "ConType": "Certain" }, "geometry": { "type": "LineString", "coordinates": [ [ 115.456162169724962, -83.35904087916758 ], [ 123.095619579929576, -83.396040946254701 ], [ 125.036182082981213, -84.08444270621905 ] ] } },
{ "type": "Feature", "properties": { "ConType": "Certain" }, "geometry": { "type": "LineString", "coordinates": [ [ 109.873042401232226, -83.127667890963338 ], [ 115.456162169724962, -83.35904087916758 ] ] } },
{ "type": "Feature", "properties": { "ConType": "Certain" }, "geometry": { "type": "LineString", "coordinates": [ [ 110.524546454170505, -80.698373687993808 ], [ 107.490513083414427, -81.252619533684239 ], [ 109.502364259048861, -81.889700193630532 ], [ 118.335927521460462, -81.753929827150145 ], [ 114.76959482117033, -82.21092987846913 ] ] } },
{ "type": "Feature", "properties": { "ConType": "Internal" }, "geometry": { "type": "LineString", "coordinates": [ [ 126.934936712487655, -80.23962742791953 ], [ 111.121655736183754, -77.892455086985962 ] ] } },
{ "type": "Feature", "properties": { "ConType": "Internal" }, "geometry": { "type": "LineString", "coordinates": [ [ 116.925031723286153, -76.384458155235876 ], [ 118.288431002116269, -77.237818345915585 ], [ 117.618279151619717, -77.706547150654814 ], [ 121.999067047478576, -78.683117466460558 ], [ 130.87888526788069, -79.243658286068111 ], [ 142.910877112338397, -78.424885803716464 ], [ 143.943716642334948, -78.120499198315187 ], [ 142.587754285772462, -77.56693362705721 ], [ 143.415378151505053, -77.207403438357559 ] ] } },
{ "type": "Feature", "properties": { "ConType": "Certain" }, "geometry": { "type": "LineString", "coordinates": [ [ 131.297252619197366, -76.319677117767299 ], [ 127.032287399621779, -76.792597570138525 ], [ 125.513744430064961, -75.9922343826765 ] ] } },
{ "type": "Feature", "properties": { "ConType": "Certain" }, "geometry": { "type": "LineString", "coordinates": [ [ 130.231134009353582, -73.697338913454885 ], [ 124.918774489486353, -74.541903225833892 ], [ 130.146568670625157, -75.283850434348238 ] ] } },
{ "type": "Feature", "properties": { "ConType": "Approx" }, "geometry": { "type": "LineString", "coordinates": [ [ 131.00191859196309, -73.511522487460184 ], [ 137.500812379869018, -72.999146121304207 ] ] } },
{ "type": "Feature", "properties": { "ConType": "Certain" }, "geometry": { "type": "LineString", "coordinates": [ [ 123.878050589964175, -75.67148108978661 ], [ 120.978262708016487, -75.086011108677226 ], [ 121.720134001436833, -74.921201312592814 ], [ 121.096313548373175, -74.533008888756115 ], [ 121.686645805515298, -73.818410317130528 ], [ 125.21933070021241, -73.17105497131864 ], [ 124.079183796377322, -72.845577187302396 ] ] } },
{ "type": "Feature", "properties": { "ConType": "Certain" }, "geometry": { "type": "LineString", "coordinates": [ [ 118.239772922472653, -74.453881765056451 ], [ 119.337866979832583, -73.356041604442552 ], [ 124.079183796377322, -72.845577187302396 ] ] } },
{ "type": "Feature", "properties": { "ConType": "Certain" }, "geometry": { "type": "LineString", "coordinates": [ [ 137.500812379869018, -72.999146121304207 ], [ 135.180660011614606, -73.246876009160445 ], [ 132.084027311515001, -72.369126798479471 ], [ 129.787242895353216, -73.147918965890923 ], [ 131.00191859196309, -73.511522487460184 ] ] } },
{ "type": "Feature", "properties": { "ConType": "Certain" }, "geometry": { "type": "LineString", "coordinates": [ [ 125.225255283000521, -72.462739739011909 ], [ 120.383203733740743, -72.120015684623652 ], [ 118.41576213624208, -73.253571690777434 ], [ 117.634271493930783, -74.176265479842286 ], [ 118.239772922472653, -74.453881765056451 ] ] } },
{ "type": "Feature", "properties": { "ConType": "Certain" }, "geometry": { "type": "LineString", "coordinates": [ [ 126.17263505793197, -72.296015085262113 ], [ 134.104892797777268, -71.306112143135564 ] ] } },
{ "type": "Feature", "properties": { "ConType": "Internal" }, "geometry": { "type": "LineString", "coordinates": [ [ 108.814002972844293, -76.15071276427949 ], [ 110.63663159491054, -74.69948425606843 ], [ 110.04667667404027, -73.685803647888662 ], [ 112.787522126059002, -73.076314701532624 ], [ 112.284480948661553, -71.829990503468352 ], [ 118.768055766417305, -70.941127069085638 ] ] } },
{ "type": "Feature", "properties": { "ConType": "Certain" }, "geometry": { "type": "LineString", "coordinates": [ [ 119.948127796700035, -70.517690653900644 ], [ 114.38707983065126, -70.432221506733597 ], [ 118.768055766417305, -70.941127069085638 ] ] } },
{ "type": "Feature", "properties": { "ConType": "Internal" }, "geometry": { "type": "LineString", "coordinates": [ [ 119.948127796700035, -70.517690653900644 ], [ 125.039304627115541, -69.514196934559976 ] ] } },
{ "type": "Feature", "properties": { "ConType": "Certain" }, "geometry": { "type": "LineString", "coordinates": [ [ 111.92922416636938, -65.893487010878147 ], [ 119.728209891629419, -67.984060087839779 ], [ 120.38515186609331, -67.504335060871284 ], [ 118.559187540729553, -65.28033813913629 ], [ 120.288231909726647, -64.928466174107584 ], [ 120.757810729376445, -64.100618992022831 ] ] } },
{ "type": "Feature", "properties": { "ConType": "Certain" }, "geometry": { "type": "LineString", "coordinates": [ [ 119.406880672934648, -61.816151664664744 ], [ 120.432903311093483, -62.765588003238705 ], [ 118.991190492803355, -63.241626788468182 ], [ 117.613728153855007, -62.362574120238911 ] ] } },
{ "type": "Feature", "properties": { "ConType": "Approx" }, "geometry": { "type": "LineString", "coordinates": [ [ 117.456667435518028, -60.878253602537988 ], [ 115.91832847074285, -60.774284151408693 ], [ 116.343899082812271, -60.138434935200571 ], [ 115.394601825175641, -59.790299196492981 ], [ 109.278399739792079, -60.368639365197879 ], [ 112.478515262736323, -61.158636996228843 ], [ 113.524296232069645, -62.163301638290889 ], [ 115.28829427489147, -62.199885573920774 ], [ 116.235745971295003, -61.379257000496978 ], [ 117.613728153855007, -62.362574120238911 ] ] } },
{ "type": "Feature", "properties": { "ConType": "Certain" }, "geometry": { "type": "LineString", "coordinates": [ [ 121.839453989148893, -59.151592809200928 ], [ 123.033853232418423, -60.514660910906557 ], [ 123.339335613831736, -62.530595972334204 ], [ 122.395850029296369, -60.277068600056154 ] ] } },
{ "type": "Feature", "properties": { "ConType": "Certain" }, "geometry": { "type": "LineString", "coordinates": [ [ 116.918721912618011, -58.743259025934712 ], [ 115.032177549946198, -58.202891742280244 ], [ 116.557638343459345, -57.228860245533845 ], [ 114.77410484061366, -56.728419338188907 ], [ 116.265478210226021, -56.188704927641247 ] ] } },
{ "type": "Feature", "properties": { "ConType": "Certain" }, "geometry": { "type": "LineString", "coordinates": [ [ 115.494573165993771, -53.535286068097228 ], [ 113.42379546426622, -53.271827133373534 ], [ 113.064092214215265, -54.7146137380212 ], [ 110.698109131987565, -55.030755241710885 ], [ 111.775268184108242, -56.339800625706033 ], [ 111.421138599158127, -55.594670104706431 ], [ 112.01081594186229, -55.275966209364327 ], [ 116.358904189228156, -54.230160348322528 ] ] } },
{ "type": "Feature", "properties": { "ConType": "Certain" }, "geometry": { "type": "LineString", "coordinates": [ [ 114.446329708216552, -52.766704217015267 ], [ 112.35405379831343, -52.816158023373205 ], [ 111.284076976947347, -51.771368300046042 ], [ 113.005830588264033, -50.850517856100311 ] ] } },
{ "type": "Feature", "properties": { "ConType": "Certain" }, "geometry": { "type": "LineString", "coordinates": [ [ 113.604128653821817, -45.668311312233293 ], [ 115.444999567464123, -43.910208211675425 ], [ 115.615726480143181, -45.35103454810838 ], [ 116.266665823055661, -45.4683227352728 ] ] } },
{ "type": "Feature", "properties": { "ConType": "Certain" }, "geometry": { "type": "LineString", "coordinates": [ [ 119.289509302350041, -55.637104040336943 ], [ 119.818746717593569, -54.518958105743998 ], [ 118.433143075110252, -53.631637231775805 ], [ 116.358904189228156, -54.230160348322528 ] ] } },
{ "type": "Feature", "properties": { "ConType": "Approx" }, "geometry": { "type": "LineString", "coordinates": [ [ 124.457514895663209, -56.366618104270408 ], [ 123.534266853860288, -55.86358795138031 ], [ 123.680365627182951, -54.866686956695858 ], [ 122.493214491293571, -53.237502657831037 ], [ 123.306672217929048, -51.547163530292572 ] ] } },
{ "type": "Feature", "properties": { "ConType": "Certain" }, "geometry": { "type": "LineString", "coordinates": [ [ 118.282718823297785, -50.374664212021834 ], [ 116.642453525951566, -51.185264714808774 ], [ 117.5451001931946, -52.444023947086798 ], [ 119.8420963471726, -53.460755626428096 ], [ 121.395187774777355, -52.193537226663224 ] ] } },
{ "type": "Feature", "properties": { "ConType": "Certain" }, "geometry": { "type": "LineString", "coordinates": [ [ 126.481426206305315, -66.871652275768454 ], [ 125.752997827150764, -65.726661055657473 ], [ 127.924137690625997, -65.116383977394307 ], [ 131.859014240579199, -66.405948766674911 ], [ 129.872202369288772, -67.230188728631575 ], [ 126.481426206305315, -66.871652275768454 ] ] } },
{ "type": "Feature", "properties": { "ConType": "Certain" }, "geometry": { "type": "LineString", "coordinates": [ [ 125.265142857529057, -64.722897409020334 ], [ 123.728283409343405, -63.660907871269465 ], [ 125.55549830232151, -63.243354955021914 ], [ 127.058211256616659, -64.123596159461599 ], [ 125.265142857529057, -64.722897409020334 ] ] } },
{ "type": "Feature", "properties": { "ConType": "Certain" }, "geometry": { "type": "LineString", "coordinates": [ [ 127.274542918792548, -59.315324254788344 ], [ 129.555321976271671, -65.141420125754607 ], [ 128.709686212369434, -65.074291761918545 ], [ 127.199998656091296, -62.555961352123738 ], [ 126.476138146188077, -59.070263359601704 ] ] } },
{ "type": "Feature", "properties": { "ConType": "Certain" }, "geometry": { "type": "LineString", "coordinates": [ [ 126.443055090194306, -50.570102820127623 ], [ 129.144517832740092, -50.717011015880701 ], [ 129.119045898102428, -52.934563986097587 ] ] } },
{ "type": "Feature", "properties": { "ConType": "Certain" }, "geometry": { "type": "LineString", "coordinates": [ [ 126.05919897808306, -43.95854086553787 ], [ 125.230857249723257, -45.375281456504574 ], [ 126.090586568395096, -46.9076194188359 ], [ 128.128057868096732, -47.012468340723764 ] ] } },
{ "type": "Feature", "properties": { "ConType": "Certain" }, "geometry": { "type": "LineString", "coordinates": [ [ 132.854424298432235, -55.046568510801961 ], [ 132.033885952505102, -55.250929998346045 ], [ 131.096666397196117, -54.566350949209458 ], [ 132.878237755385356, -54.225035281407877 ], [ 132.854424298432235, -55.046568510801961 ] ] } },
{ "type": "Feature", "properties": { "ConType": "Certain" }, "geometry": { "type": "LineString", "coordinates": [ [ 133.558051856124791, -48.796568278338668 ], [ 132.512193847151536, -48.649780102304689 ], [ 131.779258861764788, -50.311099408890286 ], [ 133.113558206463097, -51.108732139498365 ] ] } },
{ "type": "Feature", "properties": { "ConType": "Certain" }, "geometry": { "type": "LineString", "coordinates": [ [ 93.897396510394401, -44.688921248648889 ], [ 92.950443601222091, -44.432044442786541 ], [ 92.259007760303192, -42.900103313253432 ], [ 92.540347905131185, -40.74108750912049 ] ] } },
{ "type": "Feature", "properties": { "ConType": "Certain" }, "geometry": { "type": "LineString", "coordinates": [ [ 94.023761728828475, -34.355601621459677 ], [ 94.167094538007021, -33.477658266664754 ], [ 93.629531706987606, -34.631807811832687 ], [ 92.583926041501869, -34.657961016835003 ], [ 92.52164623160013, -33.715435619732503 ], [ 93.449891748875942, -33.230678846671779 ], [ 92.424763935979527, -33.556102721737425 ] ] } },
{ "type": "Feature", "properties": { "ConType": "Certain" }, "geometry": { "type": "LineString", "coordinates": [ [ 99.73583798614257, -44.510153743601599 ], [ 97.287802417458153, -44.206657926969449 ], [ 94.618444903601883, -45.364456475247266 ], [ 94.034173523553775, -44.880397873717868 ] ] } },
{ "type": "Feature", "properties": { "ConType": "Certain" }, "geometry": { "type": "LineString", "coordinates": [ [ 95.973910135018585, -41.040899596928561 ], [ 94.845055499195155, -41.696137673265149 ], [ 95.430343580879722, -42.806788736848759 ], [ 97.006335080220808, -42.092456154960011 ], [ 95.973910135018585, -41.040899596928561 ] ] } },
{ "type": "Feature", "properties": { "ConType": "Certain" }, "geometry": { "type": "LineString", "coordinates": [ [ 100.148494359035809, -36.014561835168024 ], [ 98.857557824897938, -36.058748558642122 ], [ 98.840641567531051, -37.085327035775329 ], [ 100.3482036165978, -36.82260934829791 ], [ 100.148494359035809, -36.014561835168024 ] ] } },
{ "type": "Feature", "properties": { "ConType": "Certain" }, "geometry": { "type": "LineString", "coordinates": [ [ 97.992702690713443, -32.795151092803195 ], [ 98.439317761626398, -34.151516759020751 ], [ 97.700822717814717, -34.353945580840893 ], [ 97.678613836191161, -36.54280217721292 ] ] } },
{ "type": "Feature", "properties": { "ConType": "Internal" }, "geometry": { "type": "LineString", "coordinates": [ [ 94.615273773147777, -28.478285975030786 ], [ 96.404859780002184, -28.855615657930457 ], [ 93.037802994658065, -27.190162065448138 ] ] } },
{ "type": "Feature", "properties": { "ConType": "Certain" }, "geometry": { "type": "LineString", "coordinates": [ [ 104.013755319996633, -43.324457153446232 ], [ 105.240600555751726, -42.075212123786478 ], [ 106.898703680792892, -42.905221547150049 ], [ 105.856131614784545, -43.995340080808994 ], [ 104.175575077093498, -43.664441104948828 ] ] } },
{ "type": "Feature", "properties": { "ConType": "Certain" }, "geometry": { "type": "LineString", "coordinates": [ [ 100.830390050335566, -41.178908334138129 ], [ 103.090188355651676, -42.392593896096685 ], [ 101.864155088219846, -43.98262268333788 ], [ 99.9544932833725, -44.068148011631891 ] ] } },
{ "type": "Feature", "properties": { "ConType": "Certain" }, "geometry": { "type": "LineString", "coordinates": [ [ 99.931076124975817, -38.029680522426801 ], [ 103.290831566738092, -39.362314750992049 ], [ 104.972176539732786, -40.980754135609509 ], [ 107.740467151615434, -40.75654283293678 ] ] } },
{ "type": "Feature", "properties": { "ConType": "Certain" }, "geometry": { "type": "LineString", "coordinates": [ [ 102.887634273926309, -37.637075908046228 ], [ 102.490823135589224, -38.910943101469449 ], [ 104.042026866115691, -38.844443467629716 ], [ 103.917597225352907, -37.707248773848868 ], [ 102.887634273926309, -37.637075908046228 ] ] } },
{ "type": "Feature", "properties": { "ConType": "Certain" }, "geometry": { "type": "LineString", "coordinates": [ [ 106.039760947365323, -36.244022923823273 ], [ 104.459101312807675, -37.413220281769732 ], [ 101.878083651326918, -36.47245118135789 ] ] } },
{ "type": "Feature", "properties": { "ConType": "Certain" }, "geometry": { "type": "LineString", "coordinates": [ [ 101.344475963730687, -33.793764038814729 ], [ 100.194903379817305, -34.787342752201411 ], [ 100.558229976182659, -35.751889386754911 ], [ 102.183777546306871, -36.065613476175585 ], [ 102.80280562656317, -34.891815310665038 ] ] } },
{ "type": "Feature", "properties": { "ConType": "Certain" }, "geometry": { "type": "LineString", "coordinates": [ [ 106.425233628863324, -36.772263269165968 ], [ 107.654630871534451, -36.114874467428393 ], [ 106.856618839172484, -37.007246752202363 ], [ 108.345458662889513, -38.549720639347427 ] ] } },
{ "type": "Feature", "properties": { "ConType": "Certain" }, "geometry": { "type": "LineString", "coordinates": [ [ 103.349723571579915, -25.98014088089003 ], [ 103.867093683409877, -26.786647937594537 ], [ 103.256936394020613, -27.615901415467935 ], [ 103.825777061648893, -27.19880044795984 ], [ 104.093985979404948, -27.323838365833858 ], [ 102.115140711297258, -28.337929522314717 ], [ 103.925413165764667, -28.452960739222135 ] ] } },
{ "type": "Feature", "properties": { "ConType": "Certain" }, "geometry": { "type": "LineString", "coordinates": [ [ 110.531720420666844, -35.139293356297607 ], [ 107.402029552984246, -34.842903370551092 ], [ 105.867675537045898, -32.294858678284307 ], [ 106.179508357883165, -31.257802602351632 ] ] } },
{ "type": "Feature", "properties": { "ConType": "Certain" }, "geometry": { "type": "LineString", "coordinates": [ [ 109.754410576262984, -30.842760681720822 ], [ 110.394443584770642, -32.0788016196691 ], [ 109.283459675381451, -31.729706653185133 ], [ 109.352034406435692, -32.322507404044252 ], [ 112.511488845338988, -33.540834003290293 ] ] } },
{ "type": "Feature", "properties": { "ConType": "Certain" }, "geometry": { "type": "LineString", "coordinates": [ [ 108.345215223431211, -30.684572726468364 ], [ 107.644909102802572, -33.809811279412934 ], [ 108.014063251121371, -31.065488790769788 ] ] } },
{ "type": "Feature", "properties": { "ConType": "Certain" }, "geometry": { "type": "LineString", "coordinates": [ [ 108.646197607380856, -30.525424563996292 ], [ 108.313720857319254, -32.614969667479933 ], [ 110.942719315105478, -34.963723172741631 ] ] } },
{ "type": "Feature", "properties": { "ConType": "Certain" }, "geometry": { "type": "LineString", "coordinates": [ [ 112.333746302888699, -29.243762885574089 ], [ 113.380548343428387, -30.007090739397462 ], [ 111.731617895420285, -30.077802892573402 ], [ 111.191619212195604, -31.603433179230535 ], [ 111.453919828346088, -32.12934788776154 ], [ 111.936904979892418, -31.059299910010406 ], [ 111.74662116826569, -31.913952256716808 ], [ 112.513950047645366, -31.931410294585159 ] ] } },
{ "type": "Feature", "properties": { "ConType": "Certain" }, "geometry": { "type": "LineString", "coordinates": [ [ 100.598825905813868, -21.56335176865074 ], [ 97.929281331493584, -21.504267529114568 ], [ 96.206285070553037, -22.798101196938898 ], [ 95.480433784592535, -21.851590656430083 ], [ 93.874569877112833, -22.969730796808424 ] ] } },
{ "type": "Feature", "properties": { "ConType": "Certain" }, "geometry": { "type": "LineString", "coordinates": [ [ 97.484576870694298, -17.591312544249039 ], [ 96.737572170251951, -19.238607503457061 ], [ 95.231966105572468, -19.170908922288234 ], [ 96.033305497826717, -16.358730752421913 ], [ 96.148562461556423, -19.105186072664967 ], [ 97.484576870694298, -17.591312544249039 ] ] } },
{ "type": "Feature", "properties": { "ConType": "Certain" }, "geometry": { "type": "LineString", "coordinates": [ [ 94.997675474734322, -11.639689271239224 ], [ 92.77853512715555, -11.820955586574302 ], [ 93.200906874368556, -12.621439575331312 ], [ 94.321908545507398, -12.410634637532977 ] ] } },
{ "type": "Feature", "properties": { "ConType": "Certain" }, "geometry": { "type": "LineString", "coordinates": [ [ 96.327170600968572, -9.054767878859852 ], [ 96.216260297425038, -8.545929990428105 ], [ 95.343925950131606, -9.206083598785904 ], [ 95.226103732268953, -11.525475144120811 ] ] } },
{ "type": "Feature", "properties": { "ConType": "Certain" }, "geometry": { "type": "LineString", "coordinates": [ [ 94.21081298209242, -5.136206119095712 ], [ 95.247744949048126, -5.192612910432248 ], [ 95.502595125295329, -6.243331371761179 ], [ 93.656492573401266, -7.666926452653718 ] ] } },
{ "type": "Feature", "properties": { "ConType": "Approx" }, "geometry": { "type": "LineString", "coordinates": [ [ 98.34016769549109, -8.377245965462112 ], [ 98.237195657232633, -5.892177572756172 ], [ 98.806797319265442, -5.597482106226092 ], [ 98.644222091559939, -6.622425747521347 ], [ 99.915965749849363, -6.849750973908942 ] ] } },
{ "type": "Feature", "properties": { "ConType": "Certain" }, "geometry": { "type": "LineString", "coordinates": [ [ 97.399848673972514, -0.532392145794783 ], [ 97.011278115799115, -1.811282072453917 ], [ 98.016404382312402, -2.257148393651489 ], [ 99.1174090085496, -1.932989220522255 ], [ 98.600918535665485, -0.531949071404513 ] ] } },
{ "type": "Feature", "properties": { "ConType": "Certain" }, "geometry": { "type": "LineString", "coordinates": [ [ 97.39453180767164, -2.987552830832703 ], [ 99.914075559642853, -2.02360511426637 ], [ 99.322037992919945, 0.040977549730462 ] ] } },
{ "type": "Feature", "properties": { "ConType": "Certain" }, "geometry": { "type": "LineString", "coordinates": [ [ 105.840435166557583, -9.156654941363978 ], [ 107.407826775175778, -9.314237514963587 ], [ 107.932783446432097, -12.44378880374277 ], [ 106.238376773642997, -10.992990683329138 ], [ 104.312573876431074, -10.999679090024417 ], [ 104.393556378880575, -13.31718901610545 ], [ 103.200737768995182, -13.990634932020356 ], [ 102.043135017023417, -12.94826570309678 ] ] } },
{ "type": "Feature", "properties": { "ConType": "Certain" }, "geometry": { "type": "LineString", "coordinates": [ [ 109.767735555011981, -19.61938293026493 ], [ 110.358352513543593, -17.373593053900684 ], [ 108.190152912234382, -16.191055511101908 ] ] } },
{ "type": "Feature", "properties": { "ConType": "Certain" }, "geometry": { "type": "LineString", "coordinates": [ [ 110.474435477687166, -14.279396539082958 ], [ 111.548191089932075, -12.821622642673567 ], [ 113.113804623263519, -13.294680635914828 ], [ 113.04325381769371, -15.148704027578919 ], [ 111.018270290441464, -15.184763017918225 ] ] } },
{ "type": "Feature", "properties": { "ConType": "Certain" }, "geometry": { "type": "LineString", "coordinates": [ [ 103.80479975897282, 0.50882717061872 ], [ 105.651214087100939, -1.503056514615945 ], [ 104.190635761141039, -3.826003158529732 ], [ 103.106665898304826, -3.772774960542924 ] ] } },
{ "type": "Feature", "properties": { "ConType": "Certain" }, "geometry": { "type": "LineString", "coordinates": [ [ 121.198227108608876, -45.316760423202567 ], [ 118.115794128987972, -44.967981816878869 ], [ 117.272788958304673, -42.836239324844762 ] ] } },
{ "type": "Feature", "properties": { "ConType": "Certain" }, "geometry": { "type": "LineString", "coordinates": [ [ 120.760139321006733, -42.60938647699713 ], [ 121.486072411911792, -42.394599795812546 ], [ 122.328482394406876, -43.353118702643258 ], [ 121.116960673154637, -44.668693084827268 ], [ 118.331102510439152, -44.502029730372378 ], [ 118.338458307106706, -42.837889412955086 ], [ 120.681617107376141, -42.5736945602115 ] ] } },
{ "type": "Feature", "properties": { "ConType": "Certain" }, "geometry": { "type": "LineString", "coordinates": [ [ 119.239912411539422, -32.477658307034616 ], [ 117.185645790975272, -32.85061355907014 ], [ 116.969305079667322, -33.570321097806335 ], [ 118.150442688111681, -34.694426551960021 ] ] } },
{ "type": "Feature", "properties": { "ConType": "Certain" }, "geometry": { "type": "LineString", "coordinates": [ [ 115.160204926396958, -29.69205286375454 ], [ 114.838805959472808, -30.903802897508623 ], [ 113.072711317854655, -29.103030969730078 ], [ 114.151654513193165, -29.500744673239414 ] ] } },
{ "type": "Feature", "properties": { "ConType": "Certain" }, "geometry": { "type": "LineString", "coordinates": [ [ 114.443219346113423, -28.156095087040413 ], [ 115.84347756316663, -28.427828137140239 ], [ 116.542039110743204, -30.04607331168798 ], [ 116.035739454364432, -32.56507533592233 ], [ 115.145131562352219, -32.525047625164035 ] ] } },
{ "type": "Feature", "properties": { "ConType": "Certain" }, "geometry": { "type": "LineString", "coordinates": [ [ 118.12017964042191, -27.402545199564841 ], [ 119.103778595775012, -26.215359862309697 ], [ 118.494780696740321, -25.239101052319359 ], [ 117.597045564598687, -24.982409163358405 ], [ 116.417883206222797, -25.88182705150442 ] ] } },
{ "type": "Feature", "properties": { "ConType": "Certain" }, "geometry": { "type": "LineString", "coordinates": [ [ 114.583639884755769, -25.829471979330876 ], [ 115.739652337524944, -25.01697076639174 ], [ 115.228990475184418, -24.458244343914789 ], [ 113.960813912828911, -24.613541935840829 ], [ 113.671511626726172, -25.624591146141277 ] ] } },
{ "type": "Feature", "properties": { "ConType": "Certain" }, "geometry": { "type": "LineString", "coordinates": [ [ 117.484655642234273, -22.484799940081942 ], [ 116.622107799263375, -23.578648602450862 ], [ 117.562182019336973, -24.412301267687614 ], [ 118.958999198426369, -23.281370904772022 ], [ 117.484655642234273, -22.484799940081942 ] ] } },
{ "type": "Feature", "properties": { "ConType": "Certain" }, "geometry": { "type": "LineString", "coordinates": [ [ 125.522285636639353, -41.479328860649105 ], [ 124.523148170751966, -41.842233330177521 ], [ 124.383096895394914, -42.397487296658447 ], [ 125.558594414680044, -42.660721213371133 ], [ 126.144167755080375, -41.935940913945601 ], [ 125.522285636639353, -41.479328860649105 ] ] } },
{ "type": "Feature", "properties": { "ConType": "Certain" }, "geometry": { "type": "LineString", "coordinates": [ [ 129.116863154471702, -38.860005441930028 ], [ 130.587439992989061, -36.478051222172134 ], [ 127.512935306140477, -38.866780079202179 ] ] } },
{ "type": "Feature", "properties": { "ConType": "Certain" }, "geometry": { "type": "LineString", "coordinates": [ [ 129.936530689633173, -40.554959844431259 ], [ 130.874643220145146, -41.620253344264114 ], [ 131.607975605549711, -41.06983547596986 ], [ 131.276507266483975, -40.130819219464009 ], [ 129.936530689633173, -40.554959844431259 ] ] } },
{ "type": "Feature", "properties": { "ConType": "Certain" }, "geometry": { "type": "LineString", "coordinates": [ [ 131.113304683960052, -36.277187257115386 ], [ 130.723793922952808, -38.081731337324321 ], [ 132.364035631216979, -38.660076779193218 ], [ 132.239457019448793, -39.627421435693932 ] ] } },
{ "type": "Feature", "properties": { "ConType": "Certain" }, "geometry": { "type": "LineString", "coordinates": [ [ 134.094043933934785, -34.665198990110724 ], [ 132.92484840955882, -35.279473697207919 ], [ 133.436250552893569, -36.899469321467087 ], [ 135.629339109065683, -36.74865395522189 ], [ 135.915283158081252, -35.692988514159467 ], [ 134.094043933934785, -34.665198990110724 ] ] } },
{ "type": "Feature", "properties": { "ConType": "Certain" }, "geometry": { "type": "LineString", "coordinates": [ [ 133.5682637092238, -37.655576528596171 ], [ 131.863123760083369, -35.71956929064774 ], [ 132.830224733089523, -33.88745620542101 ] ] } },
{ "type": "Feature", "properties": { "ConType": "Certain" }, "geometry": { "type": "LineString", "coordinates": [ [ 122.69390103862024, -19.207950185350821 ], [ 122.975004372545143, -18.453470390737497 ], [ 121.917355443538298, -17.730251132533944 ], [ 121.755584671793585, -19.987981605663883 ], [ 120.023756266770832, -20.560938622516595 ] ] } },
{ "type": "Feature", "properties": { "ConType": "Certain" }, "geometry": { "type": "LineString", "coordinates": [ [ 116.50511044407753, -11.746021083354281 ], [ 119.771629387878505, -13.662297764104023 ], [ 122.284897197470741, -12.719308655050046 ] ] } },
{ "type": "Feature", "properties": { "ConType": "Certain" }, "geometry": { "type": "LineString", "coordinates": [ [ 113.596936889160304, -10.205546948847095 ], [ 112.240768875903768, -10.469691965409027 ], [ 112.732039978589569, -11.949680850946519 ], [ 113.809480892703746, -11.21839542932174 ], [ 113.596936889160304, -10.205546948847095 ] ] } },
{ "type": "Feature", "properties": { "ConType": "Certain" }, "geometry": { "type": "LineString", "coordinates": [ [ 114.946805120323887, -11.595390122853232 ], [ 114.211918586075541, -12.698657807065212 ], [ 112.829001249652109, -12.823967132942794 ], [ 111.155025346924191, -11.337425897575198 ], [ 112.232232863346439, -9.089295989551937 ], [ 114.416481931261174, -9.285966760313823 ] ] } },
{ "type": "Feature", "properties": { "ConType": "Certain" }, "geometry": { "type": "LineString", "coordinates": [ [ 128.965410516957661, -19.798093627605418 ], [ 128.473830434562501, -19.361121910606528 ], [ 127.947191350271808, -20.036421846582314 ], [ 128.702287577427683, -20.605358829425107 ], [ 129.522408726711831, -19.980573750105112 ], [ 128.965410516957661, -19.798093627605418 ] ] } },
{ "type": "Feature", "properties": { "ConType": "Certain" }, "geometry": { "type": "LineString", "coordinates": [ [ 128.968539709433884, -18.910993451545153 ], [ 126.702762322074918, -19.447129777927245 ], [ 126.107844166671001, -20.409596391667822 ], [ 129.560569922088149, -22.797517828025089 ], [ 131.541037471352553, -20.298102673041409 ], [ 130.289219909340346, -18.801924069246102 ], [ 128.968539709433884, -18.910993451545153 ] ] } },
{ "type": "Feature", "properties": { "ConType": "Certain" }, "geometry": { "type": "LineString", "coordinates": [ [ 127.225297344701573, -15.359709002639466 ], [ 126.340956197535874, -15.982899897961838 ], [ 124.321647204845078, -14.647280131890568 ], [ 125.735750247556666, -16.638731256364835 ], [ 127.248037354969412, -15.816452429941281 ] ] } },
{ "type": "Feature", "properties": { "ConType": "Certain" }, "geometry": { "type": "LineString", "coordinates": [ [ 127.248037354969412, -15.816452429941281 ], [ 129.064440048918925, -13.583896097838714 ], [ 127.358212182396741, -15.091644462069221 ], [ 127.067682973824063, -13.713009056836876 ], [ 127.225297344701573, -15.359709002639466 ] ] } },
{ "type": "Feature", "properties": { "ConType": "Certain" }, "geometry": { "type": "LineString", "coordinates": [ [ 122.82123185615832, -24.353132974115042 ], [ 124.399185661747481, -23.59160852259501 ], [ 125.41147402931368, -25.129361961702589 ], [ 126.309875604962201, -24.883307455995396 ], [ 125.377360885959419, -26.148964019771245 ], [ 126.201497257779934, -26.489348833969743 ], [ 127.455592493566044, -24.853554140897295 ], [ 126.615290253095097, -28.356108117103535 ], [ 128.006244339963075, -26.129124464063025 ], [ 128.830987336702691, -26.640842242044513 ], [ 130.95724525339557, -24.850201744193825 ], [ 132.024737883570765, -25.202321547930836 ], [ 132.795115278325795, -23.648306070060965 ], [ 135.798256086522116, -23.017284822990558 ], [ 136.18114696228605, -21.819795340724067 ], [ 135.190078673998698, -21.015758466204321 ], [ 135.209047059482316, -19.464248918547884 ], [ 136.761312107427472, -19.028543483126146 ], [ 138.030675593374752, -17.374555948818035 ], [ 133.547426661497752, -18.093592113853266 ], [ 133.664383378034444, -16.197957545246318 ], [ 131.585270076959716, -16.929080244087125 ], [ 132.63083349117764, -14.792156121467931 ] ] } },
{ "type": "Feature", "properties": { "ConType": "Certain" }, "geometry": { "type": "LineString", "coordinates": [ [ 130.631782949199135, -15.08482015350485 ], [ 129.864024120627931, -16.705475041985185 ], [ 131.60974142295612, -14.31387479050888 ] ] } },
{ "type": "Feature", "properties": { "ConType": "Certain" }, "geometry": { "type": "LineString", "coordinates": [ [ 128.240177262967137, -4.878605475013216 ], [ 127.976235947510631, -6.968790016412807 ], [ 128.004610625373203, -4.514547943586604 ] ] } },
{ "type": "Feature", "properties": { "ConType": "Certain" }, "geometry": { "type": "LineString", "coordinates": [ [ 125.599472113966598, 0.788046375672561 ], [ 125.067616881137297, -0.345262889936536 ], [ 126.040968634395227, -0.737231443336686 ], [ 126.826529789966926, 0.620875165067709 ], [ 125.599472113966598, 0.788046375672561 ] ] } },
{ "type": "Feature", "properties": { "ConType": "Certain" }, "geometry": { "type": "LineString", "coordinates": [ [ 107.111371015035232, -86.188844505737208 ], [ 124.682841312580507, -87.222013626622015 ], [ 179.999983509510031, -87.5417709147968 ] ] } },
{ "type": "Feature", "properties": { "ConType": "Certain" }, "geometry": { "type": "LineString", "coordinates": [ [ 150.396331345628852, -84.075729282527263 ], [ 141.852339109412526, -83.602187193703074 ], [ 144.790292097913749, -82.967376388473923 ] ] } },
{ "type": "Feature", "properties": { "ConType": "Approx" }, "geometry": { "type": "LineString", "coordinates": [ [ 131.982004442777622, -84.082243737468318 ], [ 138.158893730408352, -83.739542282825496 ], [ 141.025235525897386, -82.782670308121411 ] ] } },
{ "type": "Feature", "properties": { "ConType": "Certain" }, "geometry": { "type": "LineString", "coordinates": [ [ 149.318152646946459, -82.663930787269123 ], [ 149.907260722080935, -82.493752164926306 ], [ 140.112306927547223, -82.265643591722878 ], [ 141.025235525897386, -82.782670308121411 ] ] } },
{ "type": "Feature", "properties": { "ConType": "Approx" }, "geometry": { "type": "LineString", "coordinates": [ [ 146.515835943435803, -79.323235244624712 ], [ 126.934936712487655, -80.23962742791953 ] ] } },
{ "type": "Feature", "properties": { "ConType": "Approx" }, "geometry": { "type": "LineString", "coordinates": [ [ 128.564675198134779, -80.524634281684527 ], [ 140.453597218865326, -80.751839966532359 ], [ 141.243465124785246, -80.555767065060863 ], [ 139.442915266794728, -80.380040912592037 ], [ 152.565517928903432, -78.882990482312167 ], [ 146.515835943435803, -79.323235244624712 ] ] } },
{ "type": "Feature", "properties": { "ConType": "Approx" }, "geometry": { "type": "LineString", "coordinates": [ [ 133.604376997652736, -77.364489919019221 ], [ 139.530098822141383, -76.121902979483934 ] ] } },
{ "type": "Feature", "properties": { "ConType": "Certain" }, "geometry": { "type": "LineString", "coordinates": [ [ 143.415378151505053, -77.207403438357559 ], [ 138.921643755602759, -76.410084380212027 ], [ 139.530098822141383, -76.121902979483934 ] ] } },
{ "type": "Feature", "properties": { "ConType": "Certain" }, "geometry": { "type": "LineString", "coordinates": [ [ 146.561315175799962, -75.251137937670762 ], [ 146.826135170545854, -75.713877460306918 ], [ 145.007237679717292, -75.920611360496522 ], [ 146.714437793685306, -76.723963238150489 ], [ 143.415378151505053, -77.207403438357559 ] ] } },
{ "type": "Feature", "properties": { "ConType": "Approx" }, "geometry": { "type": "LineString", "coordinates": [ [ 136.959509032105473, -75.447573068244466 ], [ 134.002432322383157, -75.026909549155206 ], [ 138.482109360043836, -74.404250511288353 ], [ 141.561262500906537, -75.211094641563449 ], [ 136.959509032105473, -75.447573068244466 ] ] } },
{ "type": "Feature", "properties": { "ConType": "Certain" }, "geometry": { "type": "LineString", "coordinates": [ [ 142.747066806731652, -75.055483594828914 ], [ 143.901533895965969, -74.875513491800533 ], [ 140.121674807284279, -73.313196579673601 ], [ 145.028664372048837, -73.981621800385966 ], [ 146.561315175799962, -75.251137937670762 ] ] } },
{ "type": "Feature", "properties": { "ConType": "Approx" }, "geometry": { "type": "LineString", "coordinates": [ [ 142.747066806731652, -75.055483594828914 ], [ 137.292686176407898, -73.169129432115895 ], [ 137.920978387971303, -73.03865153819396 ] ] } },
{ "type": "Feature", "properties": { "ConType": "Certain" }, "geometry": { "type": "LineString", "coordinates": [ [ 134.104892797777268, -71.306112143135564 ], [ 135.409983895774218, -71.028353762805253 ], [ 139.110743077405715, -72.656647084926988 ], [ 137.920978387971303, -73.03865153819396 ] ] } },
{ "type": "Feature", "properties": { "ConType": "Certain" }, "geometry": { "type": "LineString", "coordinates": [ [ 133.469962678555788, -70.698014457949867 ], [ 142.809714346447009, -71.291315549298659 ], [ 148.197290633857961, -73.345554521202999 ], [ 149.971377007808115, -74.838426409262851 ], [ 148.456300370253871, -75.693881150812146 ], [ 146.561315175799962, -75.251137937670762 ] ] } },
{ "type": "Feature", "properties": { "ConType": "Internal" }, "geometry": { "type": "LineString", "coordinates": [ [ 129.784224676761909, -68.960878878827018 ], [ 142.770370804809517, -69.615349477306623 ] ] } },
{ "type": "Feature", "properties": { "ConType": "Certain" }, "geometry": { "type": "LineString", "coordinates": [ [ 141.940775883795652, -67.443706559261656 ], [ 143.07630853498236, -68.145956010662687 ], [ 140.532218761889169, -68.505234241716053 ], [ 139.891773968409751, -68.106114334756114 ], [ 140.539990017265154, -67.601320194732281 ] ] } },
{ "type": "Feature", "properties": { "ConType": "Certain" }, "geometry": { "type": "LineString", "coordinates": [ [ 148.25974406243725, -85.712726883572941 ], [ 144.516247947654506, -84.937947808326385 ], [ 153.441738324352883, -84.516978017012235 ], [ 158.932040714138026, -85.099673947799886 ], [ 148.25974406243725, -85.712726883572941 ] ] } },
{ "type": "Feature", "properties": { "ConType": "Approx" }, "geometry": { "type": "LineString", "coordinates": [ [ 157.52783233662015, -84.19068201866105 ], [ 150.396331345628852, -84.075729282527263 ] ] } },
{ "type": "Feature", "properties": { "ConType": "Certain" }, "geometry": { "type": "LineString", "coordinates": [ [ 149.318152646946459, -82.663930787269123 ], [ 156.99910601595505, -83.226181028799871 ], [ 150.396331345628852, -84.075729282527263 ] ] } },
{ "type": "Feature", "properties": { "ConType": "Certain" }, "geometry": { "type": "LineString", "coordinates": [ [ 158.895978079742292, -82.146090064513928 ], [ 156.376988544233427, -82.387906212711073 ], [ 153.32286746906874, -81.811405623050703 ], [ 154.922889413258673, -81.695249095136347 ], [ 158.895978079742292, -82.146090064513928 ] ] } },
{ "type": "Feature", "properties": { "ConType": "Certain" }, "geometry": { "type": "LineString", "coordinates": [ [ 155.245682174054792, -78.696320601813326 ], [ 156.609934983238247, -78.547180456125545 ], [ 157.205158114836053, -78.27646254451038 ], [ 153.647412417510964, -78.362215057462564 ], [ 155.245682174054792, -78.696320601813326 ] ] } },
{ "type": "Feature", "properties": { "ConType": "Internal" }, "geometry": { "type": "LineString", "coordinates": [ [ 146.515835943435803, -79.323235244624712 ], [ 144.969507818603773, -79.090420423661612 ], [ 153.588118685952566, -76.633338707497998 ], [ 154.391425878570715, -76.031710086490762 ], [ 152.912663826462875, -75.445454126930244 ], [ 154.995872575377717, -74.472016011183896 ] ] } },
{ "type": "Feature", "properties": { "ConType": "Certain" }, "geometry": { "type": "LineString", "coordinates": [ [ 154.995872575377717, -74.472016011183896 ], [ 150.257129076059101, -73.037005470087962 ], [ 151.097990245532458, -72.881576586601327 ], [ 150.227935619939757, -72.525216064137624 ], [ 151.065866473377469, -71.810699149056077 ], [ 149.425145418346034, -71.204873818311299 ] ] } },
{ "type": "Feature", "properties": { "ConType": "Certain" }, "geometry": { "type": "LineString", "coordinates": [ [ 149.425145418346034, -71.204873818311299 ], [ 151.466985275550286, -71.388579837668701 ], [ 154.995872575377717, -74.472016011183896 ] ] } },
{ "type": "Feature", "properties": { "ConType": "Certain" }, "geometry": { "type": "LineString", "coordinates": [ [ 152.222542088353919, -71.599053047611775 ], [ 156.668182145088593, -73.610545766814198 ], [ 159.022074577870484, -73.531116100688592 ], [ 156.359041563032889, -73.009493876272288 ], [ 158.6742416256252, -72.650404202878917 ], [ 151.887804005061042, -71.130343000694253 ], [ 152.222542088353919, -71.599053047611775 ] ] } },
{ "type": "Feature", "properties": { "ConType": "Certain" }, "geometry": { "type": "LineString", "coordinates": [ [ 157.402411970901909, -70.241651433863339 ], [ 157.604695198652252, -70.737609393311743 ], [ 156.493051365484177, -70.941611652741273 ], [ 154.292954081812326, -70.342894283253599 ], [ 155.835812214096393, -69.657892671971965 ], [ 157.402411970901909, -70.241651433863339 ] ] } },
{ "type": "Feature", "properties": { "ConType": "Certain" }, "geometry": { "type": "LineString", "coordinates": [ [ 144.384504286610365, -69.058657394674611 ], [ 148.307506726514305, -69.528742388602183 ], [ 146.404884503276975, -69.858120764022246 ] ] } },
{ "type": "Feature", "properties": { "ConType": "Certain" }, "geometry": { "type": "LineString", "coordinates": [ [ 152.252698571302233, -68.662772931642465 ], [ 150.777125599511919, -68.704175760895794 ], [ 150.448197487661332, -69.148920563543314 ], [ 153.274104147096779, -69.392063382422876 ], [ 152.252698571302233, -68.662772931642465 ] ] } },
{ "type": "Feature", "properties": { "ConType": "Certain" }, "geometry": { "type": "LineString", "coordinates": [ [ 158.07438915069838, -68.831257272209626 ], [ 155.14710092698985, -68.837665132729072 ], [ 154.2497314338639, -68.359399212336243 ], [ 156.868204883841429, -67.540306613643082 ], [ 158.559245022307152, -68.081954237347603 ], [ 158.07438915069838, -68.831257272209626 ] ] } },
{ "type": "Feature", "properties": { "ConType": "Approx" }, "geometry": { "type": "LineString", "coordinates": [ [ 151.056712603633002, -66.448774967666395 ], [ 151.478453351971069, -67.118928114193892 ], [ 149.911302056507623, -68.216805101213339 ], [ 147.095402338777262, -67.888790173414378 ], [ 147.162672801027242, -66.960544441782318 ], [ 149.218524022215206, -66.888251895960792 ], [ 147.920712073682751, -66.362726659563791 ] ] } },
{ "type": "Feature", "properties": { "ConType": "Certain" }, "geometry": { "type": "LineString", "coordinates": [ [ 140.539990017265154, -67.601320194732281 ], [ 138.844670813386529, -67.069626843750868 ], [ 139.9073536287504, -64.913894594983915 ], [ 144.07980171348575, -64.201541134767425 ], [ 145.269607239436652, -65.007567347508569 ], [ 141.822926657044178, -65.853704860056212 ] ] } },
{ "type": "Feature", "properties": { "ConType": "Certain" }, "geometry": { "type": "LineString", "coordinates": [ [ 146.971396035139918, -64.809334612143914 ], [ 145.566819390268876, -64.971207648313808 ], [ 144.780296243373925, -64.45524724218599 ], [ 146.373377163664571, -64.069107741233125 ], [ 146.971396035139918, -64.809334612143914 ] ] } },
{ "type": "Feature", "properties": { "ConType": "Certain" }, "geometry": { "type": "LineString", "coordinates": [ [ 145.303366111252615, -62.943943347366272 ], [ 144.087124555351608, -62.739068282008965 ], [ 143.853514080225551, -62.335060933591315 ], [ 146.296424103815951, -62.369149363317632 ], [ 145.303366111252615, -62.943943347366272 ] ] } },
{ "type": "Feature", "properties": { "ConType": "Certain" }, "geometry": { "type": "LineString", "coordinates": [ [ 139.701529644503978, -60.784836369271318 ], [ 136.88279558298251, -61.349111453015773 ], [ 136.787773886511076, -60.323064064953371 ], [ 137.812910389080514, -59.994752210862487 ] ] } },
{ "type": "Feature", "properties": { "ConType": "Certain" }, "geometry": { "type": "LineString", "coordinates": [ [ 143.492703950508229, -60.300047103099303 ], [ 143.099079814881918, -58.856571409030202 ], [ 139.642390951882021, -59.195555853566162 ], [ 139.8717002334337, -60.096915413696848 ], [ 141.576255408802297, -60.890387535459425 ] ] } },
{ "type": "Feature", "properties": { "ConType": "Certain" }, "geometry": { "type": "LineString", "coordinates": [ [ 138.179738917076634, -59.304290401493098 ], [ 140.757868118055029, -58.020410907458199 ], [ 144.321352511717009, -59.070846613092904 ] ] } },
{ "type": "Feature", "properties": { "ConType": "Certain" }, "geometry": { "type": "LineString", "coordinates": [ [ 144.044218847974236, -57.806554687439878 ], [ 139.278144506634249, -55.056009519001762 ] ] } },
{ "type": "Feature", "properties": { "ConType": "Certain" }, "geometry": { "type": "LineString", "coordinates": [ [ 136.343663819132985, -56.267852233807282 ], [ 133.824807804489865, -55.987911350584824 ], [ 134.147096135538419, -55.187831248595892 ], [ 135.46690366142866, -55.091874533414348 ] ] } },
{ "type": "Feature", "properties": { "ConType": "Certain" }, "geometry": { "type": "LineString", "coordinates": [ [ 137.073129438551575, -53.036133474855241 ], [ 142.655332012881672, -54.884394650354018 ], [ 144.149328440265919, -55.961222940871515 ], [ 144.044218847974236, -57.806554687439878 ] ] } },
{ "type": "Feature", "properties": { "ConType": "Certain" }, "geometry": { "type": "LineString", "coordinates": [ [ 139.680971546824139, -52.590162712692027 ], [ 138.129926123342671, -51.419392128194666 ], [ 134.691455032860432, -51.107198888741124 ] ] } },
{ "type": "Feature", "properties": { "ConType": "Certain" }, "geometry": { "type": "LineString", "coordinates": [ [ 141.314888732985111, -49.90668734925741 ], [ 141.010860076156405, -50.2479480923895 ], [ 140.476428314054857, -49.637168935702043 ], [ 140.312826755170107, -50.324295486975416 ], [ 139.429378332575482, -49.964372056769371 ], [ 140.400080919468934, -49.342686130369017 ], [ 141.314888732985111, -49.90668734925741 ] ] } },
{ "type": "Feature", "properties": { "ConType": "Certain" }, "geometry": { "type": "LineString", "coordinates": [ [ 138.480810344616827, -50.497617947273689 ], [ 140.432801231905472, -50.760566311767406 ], [ 143.846620438953181, -49.440847064380762 ], [ 144.043350170877829, -48.10552901299048 ] ] } },
{ "type": "Feature", "properties": { "ConType": "Certain" }, "geometry": { "type": "LineString", "coordinates": [ [ 144.043350170877829, -48.10552901299048 ], [ 144.565022333707219, -49.222535264813658 ], [ 140.612977905115315, -50.842936029000597 ] ] } },
{ "type": "Feature", "properties": { "ConType": "Certain" }, "geometry": { "type": "LineString", "coordinates": [ [ 142.050114843825554, -48.215024453090528 ], [ 143.2172582565737, -48.0973312579099 ], [ 143.60526134447224, -48.985493638494049 ], [ 142.061578201110876, -49.023656116710121 ], [ 142.050114843825554, -48.215024453090528 ] ] } },
{ "type": "Feature", "properties": { "ConType": "Certain" }, "geometry": { "type": "LineString", "coordinates": [ [ 143.849103268157307, -47.848527356148708 ], [ 142.286952238095864, -47.248586167410153 ], [ 140.454614771331279, -48.699186661245051 ], [ 140.110184645573071, -48.132734225754277 ] ] } },
{ "type": "Feature", "properties": { "ConType": "Certain" }, "geometry": { "type": "LineString", "coordinates": [ [ 147.349650678494356, -46.858697176430312 ], [ 145.88624999290721, -45.838949788114881 ], [ 144.336991162900546, -46.785572654601935 ], [ 145.505039901070091, -48.517592944753403 ], [ 146.533914077689872, -48.100557217397601 ] ] } },
{ "type": "Feature", "properties": { "ConType": "Certain" }, "geometry": { "type": "LineString", "coordinates": [ [ 137.61029243248737, -47.803273959647136 ], [ 141.541467795123566, -45.073937186422775 ] ] } },
{ "type": "Feature", "properties": { "ConType": "Certain" }, "geometry": { "type": "LineString", "coordinates": [ [ 151.056712603633002, -66.448774967666395 ], [ 151.59975596030921, -66.312211413768935 ], [ 149.7443383526562, -66.073413988724724 ], [ 151.372642320039574, -65.880919567153441 ], [ 150.380288642787775, -65.463104757022506 ], [ 152.564546186019243, -64.835268128361633 ], [ 152.397765014768055, -64.191642568289723 ], [ 151.123650256353045, -64.158970017725821 ], [ 147.390051270212069, -66.220804420107953 ], [ 147.920712073682751, -66.362726659563791 ] ] } },
{ "type": "Feature", "properties": { "ConType": "Approx" }, "geometry": { "type": "LineString", "coordinates": [ [ 148.114599682332909, -60.603473722232799 ], [ 146.256449243418132, -60.503901229161734 ], [ 149.148585830348708, -58.835013642792092 ], [ 148.908361152069176, -57.524411847670208 ], [ 149.938067878511021, -57.887180850637627 ] ] } },
{ "type": "Feature", "properties": { "ConType": "Approx" }, "geometry": { "type": "LineString", "coordinates": [ [ 145.453394572368126, -55.789582649571287 ], [ 145.982378028207648, -54.899992501296744 ], [ 147.461583471293437, -55.269886646999964 ], [ 146.252004345406732, -57.059118570290039 ], [ 146.609578856413378, -57.691264808481911 ], [ 145.358744523483153, -57.504431661064004 ] ] } },
{ "type": "Feature", "properties": { "ConType": "Approx" }, "geometry": { "type": "LineString", "coordinates": [ [ 150.22313534563088, -57.21750723555359 ], [ 146.630343860649134, -53.31097913615006 ], [ 145.179918406838738, -53.526238242043632 ], [ 144.597214159028169, -54.506092284700379 ] ] } },
{ "type": "Feature", "properties": { "ConType": "Certain" }, "geometry": { "type": "LineString", "coordinates": [ [ 145.926600738549951, -51.627370676468054 ], [ 147.842503512727944, -52.680586375039582 ], [ 150.587167358769108, -51.745128973293866 ] ] } },
{ "type": "Feature", "properties": { "ConType": "Certain" }, "geometry": { "type": "LineString", "coordinates": [ [ 149.495309670324758, -51.192474429333778 ], [ 147.654246782513411, -51.428060675578877 ], [ 146.868959297228258, -50.171600697803562 ], [ 147.289043655381988, -49.085798774880871 ] ] } },
{ "type": "Feature", "properties": { "ConType": "Approx" }, "geometry": { "type": "LineString", "coordinates": [ [ 147.671785243552875, -47.07324702032944 ], [ 146.755712174071817, -47.465012575053201 ], [ 146.798665142057928, -48.356649152865771 ], [ 148.590602402946018, -48.381967183006289 ], [ 148.621748143333861, -47.516968344384857 ], [ 147.671785243552875, -47.07324702032944 ] ] } },
{ "type": "Feature", "properties": { "ConType": "Certain" }, "geometry": { "type": "LineString", "coordinates": [ [ 151.57031481058425, -46.804942446916584 ], [ 150.609292535921867, -46.238525024047597 ], [ 149.415812135709331, -46.669738455845234 ], [ 149.855621758111027, -47.629145984797937 ], [ 151.193920317879702, -47.349382915040188 ] ] } },
{ "type": "Feature", "properties": { "ConType": "Certain" }, "geometry": { "type": "LineString", "coordinates": [ [ 150.22313534563088, -57.21750723555359 ], [ 154.097384874681552, -54.412612400045461 ], [ 153.963309271453937, -53.556345650599418 ] ] } },
{ "type": "Feature", "properties": { "ConType": "Certain" }, "geometry": { "type": "LineString", "coordinates": [ [ 159.340234974563259, -53.04593980548298 ], [ 155.562176458682302, -55.016185426904144 ], [ 154.014135531693711, -57.360006759503243 ] ] } },
{ "type": "Feature", "properties": { "ConType": "Buried" }, "geometry": { "type": "LineString", "coordinates": [ [ 155.181017228639064, -49.333811662467681 ], [ 153.911701019789405, -50.126825741177441 ], [ 152.707227896301333, -49.585004152527553 ], [ 153.663284773080733, -48.614256247422801 ], [ 155.181017228639064, -49.333811662467681 ] ] } },
{ "type": "Feature", "properties": { "ConType": "Certain" }, "geometry": { "type": "LineString", "coordinates": [ [ 153.079895165647656, -50.176155507811956 ], [ 152.539620945588098, -49.183794730421248 ], [ 153.808664539443498, -48.424754137015391 ], [ 155.458467236053167, -49.194625736738352 ], [ 154.236793839748685, -50.245728604797961 ] ] } },
{ "type": "Feature", "properties": { "ConType": "Certain" }, "geometry": { "type": "LineString", "coordinates": [ [ 158.732978466214661, -47.002378406870136 ], [ 157.983515125847703, -48.391659251853866 ], [ 155.733225337762235, -48.67451532085768 ], [ 155.158791854774563, -47.917290615182893 ] ] } },
{ "type": "Feature", "properties": { "ConType": "Certain" }, "geometry": { "type": "LineString", "coordinates": [ [ 152.063027224978327, -46.57973218471016 ], [ 153.458199173600008, -46.791251687347042 ], [ 153.7701259946042, -47.751656718210867 ], [ 152.988624377252307, -48.435698033232597 ], [ 151.312351848359242, -48.022797765786279 ] ] } },
{ "type": "Feature", "properties": { "ConType": "Certain" }, "geometry": { "type": "LineString", "coordinates": [ [ 155.473722258784164, -47.099342975721292 ], [ 157.464523408907837, -46.486888298377671 ], [ 158.251013996735708, -47.602476639600646 ], [ 156.815858867395406, -48.189730058201057 ], [ 155.473722258784164, -47.099342975721292 ] ] } },
{ "type": "Feature", "properties": { "ConType": "Certain" }, "geometry": { "type": "LineString", "coordinates": [ [ 158.231290836476859, -45.991717062680642 ], [ 157.296434816166396, -45.790004527144703 ], [ 156.201989108954223, -43.965056606616486 ], [ 154.715262821475903, -45.253662082378192 ] ] } },
{ "type": "Feature", "properties": { "ConType": "Certain" }, "geometry": { "type": "LineString", "coordinates": [ [ 179.999983509510031, -86.104479758299448 ], [ 169.215162408753514, -85.695658429963402 ], [ 179.999983509510031, -84.279218386260524 ] ] } },
{ "type": "Feature", "properties": { "ConType": "Certain" }, "geometry": { "type": "LineString", "coordinates": [ [ 157.52783233662015, -84.19068201866105 ], [ 164.189487980685328, -84.786116215326246 ], [ 172.45672191735315, -83.883753134820196 ] ] } },
{ "type": "Feature", "properties": { "ConType": "Certain" }, "geometry": { "type": "LineString", "coordinates": [ [ 179.999983509510031, -83.878625202127239 ], [ 172.45672191735315, -83.883753134820196 ] ] } },
{ "type": "Feature", "properties": { "ConType": "Certain" }, "geometry": { "type": "LineString", "coordinates": [ [ 171.643225553826198, -83.585435591624289 ], [ 160.786862190435301, -83.452552676522984 ], [ 157.52783233662015, -84.19068201866105 ] ] } },
{ "type": "Feature", "properties": { "ConType": "Certain" }, "geometry": { "type": "LineString", "coordinates": [ [ 171.643225553826198, -83.585435591624289 ], [ 179.268005206006876, -83.044061348000952 ] ] } },
{ "type": "Feature", "properties": { "ConType": "Certain" }, "geometry": { "type": "LineString", "coordinates": [ [ 179.999983509510031, -82.268300263854201 ], [ 171.122088269226708, -82.100643176860572 ], [ 179.999983509510031, -82.083803688715051 ] ] } },
{ "type": "Feature", "properties": { "ConType": "Certain" }, "geometry": { "type": "LineString", "coordinates": [ [ 179.999983509510031, -81.839428565374504 ], [ 175.859032656664994, -81.449828830030242 ], [ 179.999983509510031, -81.500378445378132 ] ] } },
{ "type": "Feature", "properties": { "ConType": "Certain" }, "geometry": { "type": "LineString", "coordinates": [ [ 163.225021894618919, -79.670312782323805 ], [ 162.200651478239678, -79.592938149666736 ], [ 161.534744000419551, -79.371794733579733 ], [ 164.682041926442764, -79.320743603729412 ], [ 163.225021894618919, -79.670312782323805 ] ] } },
{ "type": "Feature", "properties": { "ConType": "Certain" }, "geometry": { "type": "LineString", "coordinates": [ [ 176.41150112949768, -76.132259140515202 ], [ 156.45062116954594, -76.950465814677472 ], [ 163.366839993207861, -78.063878624533459 ], [ 169.094093412463621, -77.263857684872391 ], [ 175.18728126656211, -77.447288289413024 ] ] } },
{ "type": "Feature", "properties": { "ConType": "Certain" }, "geometry": { "type": "LineString", "coordinates": [ [ 176.41150112949768, -76.132259140515202 ], [ 164.899419752698748, -76.052945747820829 ], [ 163.361944597484012, -75.741491278974323 ], [ 163.866947827199795, -75.24546883126942 ] ] } },
{ "type": "Feature", "properties": { "ConType": "Certain" }, "geometry": { "type": "LineString", "coordinates": [ [ 163.866947827199795, -75.24546883126942 ], [ 161.375060366115633, -74.54803890007166 ], [ 165.81948070604841, -74.088047012470383 ] ] } },
{ "type": "Feature", "properties": { "ConType": "Certain" }, "geometry": { "type": "LineString", "coordinates": [ [ 172.04180215670624, -74.619705393701253 ], [ 173.168963902420899, -74.352089296321154 ], [ 168.485502724367933, -74.282052203773873 ] ] } },
{ "type": "Feature", "properties": { "ConType": "Certain" }, "geometry": { "type": "LineString", "coordinates": [ [ 163.866947827199795, -75.24546883126942 ], [ 158.548480403772828, -75.651031723495393 ], [ 156.954735246195781, -74.716138055630026 ], [ 158.901179193662557, -74.141050746474647 ], [ 158.255696075002561, -74.808176180077425 ], [ 159.405913656903493, -75.37770554139253 ], [ 162.345381230678356, -73.865345157116622 ], [ 160.319023155448519, -72.735348929103793 ], [ 161.041946357976371, -72.30973438389438 ], [ 166.107418812420917, -73.562844576814811 ], [ 163.395673746331141, -73.989811940872627 ], [ 165.81948070604841, -74.088047012470383 ] ] } },
{ "type": "Feature", "properties": { "ConType": "Certain" }, "geometry": { "type": "LineString", "coordinates": [ [ 172.04180215670624, -74.619705393701253 ], [ 175.994718579969941, -74.05354024836403 ], [ 174.349411603592245, -72.82840182927913 ], [ 163.525998190850714, -72.69421479707178 ], [ 163.978897613503648, -72.163461434567935 ], [ 160.284584708331238, -71.908324449644311 ], [ 159.035686744541579, -70.715154925369518 ], [ 166.885349000544693, -70.718651874041626 ], [ 171.63647125731427, -68.931911970892571 ] ] } },
{ "type": "Feature", "properties": { "ConType": "Certain" }, "geometry": { "type": "LineString", "coordinates": [ [ 169.198154291484627, -68.912994008596982 ], [ 167.662228618742716, -69.415729444713548 ], [ 166.460799657548989, -68.865521084930435 ], [ 167.43505419693102, -68.413083952882062 ], [ 169.198154291484627, -68.912994008596982 ] ] } },
{ "type": "Feature", "properties": { "ConType": "Certain" }, "geometry": { "type": "LineString", "coordinates": [ [ 173.901997389455914, -65.71936928555597 ], [ 170.815412276306262, -68.132640968150795 ], [ 171.63647125731427, -68.931911970892571 ] ] } },
{ "type": "Feature", "properties": { "ConType": "Certain" }, "geometry": { "type": "LineString", "coordinates": [ [ 173.117291155904297, -65.541675194216083 ], [ 171.6472660802946, -65.940275521387534 ], [ 170.292504263893107, -67.532755861605551 ], [ 170.493814772613774, -68.6991072840339 ], [ 171.63647125731427, -68.931911970892571 ] ] } },
{ "type": "Feature", "properties": { "ConType": "Certain" }, "geometry": { "type": "LineString", "coordinates": [ [ 179.999983509510031, -65.350299824448967 ], [ 176.372737118148052, -66.650221579421256 ], [ 176.235959811485515, -68.892111118311377 ], [ 172.33984200961126, -70.238135137065385 ], [ 175.279297160616409, -71.374782826647532 ], [ 175.816771168997064, -72.77590989558 ], [ 179.999983509510031, -73.479900849791932 ] ] } },
{ "type": "Feature", "properties": { "ConType": "Certain" }, "geometry": { "type": "LineString", "coordinates": [ [ 154.544609693519504, -64.854418439652349 ], [ 153.38089679549168, -65.186052842161871 ], [ 153.172230631908349, -66.131307828799919 ], [ 157.456558665677846, -66.899960829671414 ], [ 161.628243671806217, -69.417486354792899 ], [ 167.174722274845209, -68.074577944923732 ], [ 168.257409185782848, -66.539190698832314 ] ] } },
{ "type": "Feature", "properties": { "ConType": "Certain" }, "geometry": { "type": "LineString", "coordinates": [ [ 166.277197587786759, -60.554498184265292 ], [ 158.983951287276625, -61.798518286673158 ] ] } },
{ "type": "Feature", "properties": { "ConType": "Certain" }, "geometry": { "type": "LineString", "coordinates": [ [ 160.97720290210691, -59.876840652608273 ], [ 162.177987155518451, -60.846462755335551 ], [ 164.003178950813066, -60.600396552372132 ], [ 161.929691690318037, -59.762251613092616 ] ] } },
{ "type": "Feature", "properties": { "ConType": "Certain" }, "geometry": { "type": "LineString", "coordinates": [ [ 167.913506310469472, -59.140585493210722 ], [ 166.688261207922608, -57.530306664618195 ], [ 169.126727263478017, -56.314488996573232 ] ] } },
{ "type": "Feature", "properties": { "ConType": "Certain" }, "geometry": { "type": "LineString", "coordinates": [ [ 163.413888257335827, -55.716445048713247 ], [ 164.293862977370338, -56.712418945975863 ], [ 163.294073871749106, -57.324393729119265 ], [ 163.236056308538167, -56.277476645223487 ], [ 160.274228989203692, -55.884185566461213 ], [ 162.490925635840284, -55.087096255355583 ] ] } },
{ "type": "Feature", "properties": { "ConType": "Certain" }, "geometry": { "type": "LineString", "coordinates": [ [ 157.477268187917844, -57.288808139634362 ], [ 156.403133442106252, -56.381404560705086 ], [ 156.679817719491325, -55.66110872286108 ], [ 159.323764792574309, -54.537828823919796 ] ] } },
{ "type": "Feature", "properties": { "ConType": "Certain" }, "geometry": { "type": "LineString", "coordinates": [ [ 159.818360692770625, -51.769445211100248 ], [ 158.231706964636317, -51.429680457011763 ], [ 157.85133242690668, -50.651631472648525 ], [ 160.062783983611723, -50.06664641486703 ], [ 161.066862803205225, -51.001861162028177 ], [ 159.818360692770625, -51.769445211100248 ] ] } },
{ "type": "Feature", "properties": { "ConType": "Certain" }, "geometry": { "type": "LineString", "coordinates": [ [ 162.427070399762613, -50.022453837818126 ], [ 160.577897451665763, -48.977818296002376 ], [ 158.253446491792062, -49.07554295896179 ], [ 156.545721343493142, -50.308504299876958 ], [ 156.946620578899541, -52.382899052440472 ] ] } },
{ "type": "Feature", "properties": { "ConType": "Certain" }, "geometry": { "type": "LineString", "coordinates": [ [ 165.867268261833999, -53.535386812241839 ], [ 164.224183140860077, -52.9305355921935 ], [ 163.108321495405022, -53.478427638013372 ], [ 162.739436938008225, -54.772852302536599 ] ] } },
{ "type": "Feature", "properties": { "ConType": "Certain" }, "geometry": { "type": "LineString", "coordinates": [ [ 165.163029960284263, -52.477636845587234 ], [ 166.118212659255846, -52.764909197690599 ], [ 165.950385429453888, -51.843949042913003 ], [ 167.436109314507206, -52.197742424908682 ], [ 165.723274750598478, -51.647970243839822 ] ] } },
{ "type": "Feature", "properties": { "ConType": "Certain" }, "geometry": { "type": "LineString", "coordinates": [ [ 165.50235449256968, -46.077449894430316 ], [ 164.253974710306125, -47.716957422609219 ], [ 162.294493473276333, -48.096966815991522 ], [ 161.468177497319914, -47.324121712393207 ] ] } },
{ "type": "Feature", "properties": { "ConType": "Certain" }, "geometry": { "type": "LineString", "coordinates": [ [ 164.0726977002426, -44.809789373336095 ], [ 165.200853960071782, -43.914817959544465 ], [ 166.599668237079271, -44.743469854817512 ], [ 165.738277640900378, -45.714154785350722 ], [ 164.0726977002426, -44.809789373336095 ] ] } },
{ "type": "Feature", "properties": { "ConType": "Certain" }, "geometry": { "type": "LineString", "coordinates": [ [ 170.424234410599411, -62.307546605908868 ], [ 172.722345566697157, -60.605355549247371 ], [ 172.710594797240134, -61.131947396013842 ], [ 173.920082455661657, -60.763570694766997 ], [ 171.576989109900779, -62.317419238576846 ] ] } },
{ "type": "Feature", "properties": { "ConType": "Certain" }, "geometry": { "type": "LineString", "coordinates": [ [ 172.596517858128351, -60.047893742964327 ], [ 171.557810882829358, -61.185239007178055 ], [ 169.573832365993411, -60.468517507211764 ], [ 171.814218228694642, -59.517703557014549 ] ] } },
{ "type": "Feature", "properties": { "ConType": "Certain" }, "geometry": { "type": "LineString", "coordinates": [ [ 176.157523900983136, -57.684752731246455 ], [ 174.724597720589969, -58.242255212454346 ], [ 173.352862746776793, -57.455748993108408 ], [ 175.033051218279752, -56.869352095955556 ], [ 176.157523900983136, -57.684752731246455 ] ] } },
{ "type": "Feature", "properties": { "ConType": "Certain" }, "geometry": { "type": "LineString", "coordinates": [ [ 175.840850111125434, -54.217981849085646 ], [ 175.88998585896195, -54.933111592226759 ], [ 174.67577318506568, -55.460204900731057 ], [ 172.246736381093683, -54.488611201885149 ], [ 174.184086673138381, -53.343955060182637 ], [ 175.840850111125434, -54.217981849085646 ] ] } },
{ "type": "Feature", "properties": { "ConType": "Certain" }, "geometry": { "type": "LineString", "coordinates": [ [ 172.022665158588239, -46.93715253728994 ], [ 170.885286444904494, -47.150710013934834 ], [ 171.957832124886437, -47.472070294500639 ], [ 170.947191161030588, -47.825171338753087 ], [ 171.834129745448394, -48.021929481126705 ], [ 172.086449202005156, -49.277040603995566 ] ] } },
{ "type": "Feature", "properties": { "ConType": "Certain" }, "geometry": { "type": "LineString", "coordinates": [ [ 178.772367903737319, -53.489710952528888 ], [ 177.410916526414553, -53.817477048985189 ], [ 176.851106170284481, -53.160645134918802 ], [ 178.522879483289728, -52.861397011836281 ], [ 178.772367903737319, -53.489710952528888 ] ] } },
{ "type": "Feature", "properties": { "ConType": "Certain" }, "geometry": { "type": "LineString", "coordinates": [ [ 177.945102804428814, -49.774142731206254 ], [ 173.564862522859585, -48.84132930180786 ], [ 174.183620685712754, -48.339642935123116 ], [ 172.534397892041113, -48.050778245783775 ], [ 172.022665158588239, -46.93715253728994 ] ] } },
{ "type": "Feature", "properties": { "ConType": "Certain" }, "geometry": { "type": "LineString", "coordinates": [ [ 179.673889006043652, -45.537855859762921 ], [ 177.01663291880638, -47.052493683669816 ], [ 174.704896645621545, -46.710560211445646 ] ] } },
{ "type": "Feature", "properties": { "ConType": "Certain" }, "geometry": { "type": "LineString", "coordinates": [ [ 136.782240002634381, -43.575923534744504 ], [ 136.072489503465931, -44.0413998031175 ], [ 136.210115156358114, -45.254103900310994 ], [ 138.346627055399551, -45.17405370578939 ], [ 138.030293620412067, -43.475948361896002 ], [ 136.782240002634381, -43.575923534744504 ] ] } },
{ "type": "Feature", "properties": { "ConType": "Certain" }, "geometry": { "type": "LineString", "coordinates": [ [ 134.555064500740798, -42.970588657719127 ], [ 136.803816269466694, -41.958267543111909 ], [ 139.241555716659519, -42.47204398542722 ] ] } },
{ "type": "Feature", "properties": { "ConType": "Certain" }, "geometry": { "type": "LineString", "coordinates": [ [ 141.9982973408774, -42.181528607780031 ], [ 138.986134373316361, -39.003197330005229 ], [ 135.962345751100742, -38.2432978737219 ], [ 134.015539534958322, -39.175016968241863 ] ] } },
{ "type": "Feature", "properties": { "ConType": "Internal" }, "geometry": { "type": "LineString", "coordinates": [ [ 137.313454669704072, -37.620489558155313 ], [ 138.194236292658502, -38.253986804709619 ], [ 139.368193586363446, -36.022896402307367 ], [ 140.000000000628972, -36.31331420828262 ] ] } },
{ "type": "Feature", "properties": { "ConType": "Certain" }, "geometry": { "type": "LineString", "coordinates": [ [ 144.422913356970639, -45.345394482033633 ], [ 146.770174701921377, -43.899202580855224 ], [ 146.838936391208136, -43.39948712764685 ], [ 143.967661202874694, -43.833959025234648 ], [ 144.422913356970639, -45.345394482033633 ] ] } },
{ "type": "Feature", "properties": { "ConType": "Certain" }, "geometry": { "type": "LineString", "coordinates": [ [ 141.622699076151122, -45.084178551432124 ], [ 143.838976831081425, -43.807891127428391 ], [ 141.9982973408774, -42.181528607780031 ] ] } },
{ "type": "Feature", "properties": { "ConType": "Certain" }, "geometry": { "type": "LineString", "coordinates": [ [ 145.062747709989509, -37.241303998539756 ], [ 146.056741163166663, -37.494537325088139 ], [ 146.126426688362358, -38.381934941895345 ], [ 144.696934185268844, -38.287223115536193 ], [ 145.062747709989509, -37.241303998539756 ] ] } },
{ "type": "Feature", "properties": { "ConType": "Certain" }, "geometry": { "type": "LineString", "coordinates": [ [ 139.084594126550712, -23.463518257315265 ], [ 140.461016616684304, -23.453545019009809 ], [ 140.207106996134314, -22.76772728089345 ], [ 138.889366230648875, -22.677431490299693 ], [ 139.314311951347946, -21.749290018254904 ], [ 140.826062333769158, -22.347455944720423 ], [ 140.000000000628972, -21.693049705883563 ] ] } },
{ "type": "Feature", "properties": { "ConType": "Certain" }, "geometry": { "type": "LineString", "coordinates": [ [ 140.744025986689934, -27.761531352075576 ], [ 141.84144338399372, -26.809048542755203 ], [ 143.557621460363379, -27.247773555457133 ], [ 143.03452648641985, -26.650791914352489 ], [ 144.427731917517434, -27.77609853854479 ], [ 144.576628059825111, -28.858549528982163 ], [ 143.346711867243101, -30.157067771499364 ], [ 141.332712574758489, -29.754343160624103 ], [ 140.744025986689934, -27.761531352075576 ] ] } },
{ "type": "Feature", "properties": { "ConType": "Certain" }, "geometry": { "type": "LineString", "coordinates": [ [ 145.525371981508926, -28.377257584132391 ], [ 144.048317095636918, -26.022555590412885 ], [ 141.381810223243122, -25.757547173216341 ], [ 139.918243840266655, -26.693681066830976 ] ] } },
{ "type": "Feature", "properties": { "ConType": "Certain" }, "geometry": { "type": "LineString", "coordinates": [ [ 142.715051541715724, -22.427495352175455 ], [ 144.215964206819962, -22.560673745839487 ], [ 144.285581197372551, -23.427714083804965 ], [ 143.203982939223579, -24.474399540921308 ], [ 142.368865920629474, -23.548150834655939 ] ] } },
{ "type": "Feature", "properties": { "ConType": "Certain" }, "geometry": { "type": "LineString", "coordinates": [ [ 144.33958485386475, -21.547392796662791 ], [ 141.47343014851981, -22.014911276702176 ], [ 141.184348045870024, -23.940907216566664 ], [ 142.338879085821247, -25.238302100367779 ], [ 145.199023300984578, -24.655784909723419 ], [ 145.265640913212252, -22.913557314123487 ], [ 144.33958485386475, -21.547392796662791 ] ] } },
{ "type": "Feature", "properties": { "ConType": "Certain" }, "geometry": { "type": "LineString", "coordinates": [ [ 152.682024869943405, -41.706383308910766 ], [ 152.254816727742735, -43.474277946216617 ], [ 150.144041615338779, -44.144961842142685 ], [ 148.007027479579136, -42.937176627523634 ], [ 148.268105344962208, -41.469575881645689 ] ] } },
{ "type": "Feature", "properties": { "ConType": "Approx" }, "geometry": { "type": "LineString", "coordinates": [ [ 146.882455701625418, -40.66005469231002 ], [ 150.306063800594615, -39.80060934621644 ], [ 150.254069569154268, -38.314569562693279 ] ] } },
{ "type": "Feature", "properties": { "ConType": "Certain" }, "geometry": { "type": "LineString", "coordinates": [ [ 149.111304748799796, -33.970981471085025 ], [ 146.905129693462811, -33.417942200508755 ], [ 145.560621147087573, -34.009257970342681 ], [ 146.519974885810058, -34.827860224143478 ], [ 146.507787347334613, -35.069790558271649 ], [ 144.89836197324621, -34.813359257269788 ], [ 145.869126944407043, -36.38338178229013 ], [ 147.540072156307076, -36.691644565566072 ], [ 148.441611650380565, -35.987160479830379 ], [ 147.090913543901507, -34.739438210662257 ], [ 148.996927704327845, -34.988978683405449 ] ] } },
{ "type": "Feature", "properties": { "ConType": "Certain" }, "geometry": { "type": "LineString", "coordinates": [ [ 149.111304748799796, -33.970981471085025 ], [ 148.051309713607338, -32.996264812583412 ], [ 145.161526695758027, -33.277958843108394 ], [ 144.705832258741083, -34.980059266645206 ], [ 145.734156473045829, -36.669685517812908 ], [ 147.487219741333718, -36.991463532561212 ], [ 149.416180465720487, -36.091444256384356 ] ] } },
{ "type": "Feature", "properties": { "ConType": "Approx" }, "geometry": { "type": "LineString", "coordinates": [ [ 155.796293187233061, -40.824556893756309 ], [ 156.575352709665879, -42.017124030770297 ], [ 156.105813417310458, -43.066481352930147 ], [ 153.628371404828471, -42.713115535824848 ], [ 153.806208432220615, -41.39061056724254 ], [ 155.361164241538035, -40.695442582664818 ] ] } },
{ "type": "Feature", "properties": { "ConType": "Approx" }, "geometry": { "type": "LineString", "coordinates": [ [ 152.125200166742019, -37.100010950770596 ], [ 151.067434179430251, -38.537420807871591 ], [ 151.669018956337737, -39.781589498741383 ], [ 154.144003354507362, -39.29805279204809 ] ] } },
{ "type": "Feature", "properties": { "ConType": "Certain" }, "geometry": { "type": "LineString", "coordinates": [ [ 154.142506643248055, -36.205608771570745 ], [ 155.940963440969483, -38.115759427412222 ], [ 157.118328184661095, -36.976153489524862 ] ] } },
{ "type": "Feature", "properties": { "ConType": "Certain" }, "geometry": { "type": "LineString", "coordinates": [ [ 155.627267923589443, -33.008873554515041 ], [ 154.29165310749886, -34.180611373819566 ], [ 155.911012561950599, -33.949984464121925 ], [ 157.305412102521387, -35.924928319676432 ] ] } },
{ "type": "Feature", "properties": { "ConType": "Certain" }, "geometry": { "type": "LineString", "coordinates": [ [ 150.601152175554489, -31.805716703781798 ], [ 149.980877682897443, -29.93783993529345 ], [ 150.712999931576149, -29.116007500835515 ], [ 149.635104047948175, -29.398433722879219 ] ] } },
{ "type": "Feature", "properties": { "ConType": "Certain" }, "geometry": { "type": "LineString", "coordinates": [ [ 146.480901304446974, -28.705998285953427 ], [ 147.053020006943086, -27.572045994434358 ], [ 148.415035932700022, -27.62238758857378 ], [ 149.635104047948175, -29.398433722879219 ] ] } },
{ "type": "Feature", "properties": { "ConType": "Certain" }, "geometry": { "type": "LineString", "coordinates": [ [ 150.801124329527653, -26.868100124290663 ], [ 150.247084803386713, -27.800399049197242 ], [ 151.307498677520869, -28.518230614493696 ], [ 152.150973116929492, -27.846212967533049 ], [ 151.534553435774683, -26.760224360094274 ] ] } },
{ "type": "Feature", "properties": { "ConType": "Certain" }, "geometry": { "type": "LineString", "coordinates": [ [ 146.928651253251672, -23.431829318376824 ], [ 145.450546130530626, -24.853534621286439 ], [ 146.806583185303197, -27.072883474848609 ], [ 147.579356106904186, -26.705029159808387 ], [ 146.584430642600154, -26.40185253283915 ], [ 146.0399901744766, -25.046179019688662 ], [ 147.34775498427868, -23.598161301137647 ] ] } },
{ "type": "Feature", "properties": { "ConType": "Certain" }, "geometry": { "type": "LineString", "coordinates": [ [ 147.34775498427868, -23.598161301137647 ], [ 149.501866679930203, -24.670944128397153 ], [ 153.991963740298758, -22.634327730928867 ] ] } },
{ "type": "Feature", "properties": { "ConType": "Certain" }, "geometry": { "type": "LineString", "coordinates": [ [ 156.326129972260759, -27.482354962211414 ], [ 155.191264163613369, -28.509723658751938 ], [ 153.517181082755314, -27.658816973339928 ], [ 153.242209581144436, -26.588411155843247 ], [ 154.158606912287297, -25.768913714023302 ] ] } },
{ "type": "Feature", "properties": { "ConType": "Certain" }, "geometry": { "type": "LineString", "coordinates": [ [ 138.560450314020613, -15.129087801413936 ], [ 137.954206553259951, -13.717761223005329 ], [ 139.030022303950176, -12.643808614059299 ], [ 140.760437029435536, -13.314350629225503 ], [ 140.445833782546231, -14.901907047848075 ] ] } },
{ "type": "Feature", "properties": { "ConType": "Certain" }, "geometry": { "type": "LineString", "coordinates": [ [ 145.139118040695337, -18.749595933410014 ], [ 145.282588159898751, -18.068388348790702 ], [ 144.056293203046437, -18.494448105357399 ], [ 143.819557756613591, -17.605097043460145 ], [ 146.965146508047781, -15.404900008278098 ] ] } },
{ "type": "Feature", "properties": { "ConType": "Certain" }, "geometry": { "type": "LineString", "coordinates": [ [ 134.692695608175285, -2.706613195837244 ], [ 136.692770736802913, -2.723028848891325 ], [ 136.217203043975815, -1.618789606471289 ], [ 134.958841534898909, -1.935687124904708 ] ] } },
{ "type": "Feature", "properties": { "ConType": "Certain" }, "geometry": { "type": "LineString", "coordinates": [ [ 137.871893455759619, -1.032186485404768 ], [ 136.928183852443141, -1.843553034808425 ], [ 137.940397149149135, -2.787655305816066 ], [ 138.601958484535885, -1.81093628612579 ], [ 137.871893455759619, -1.032186485404768 ] ] } },
{ "type": "Feature", "properties": { "ConType": "Certain" }, "geometry": { "type": "LineString", "coordinates": [ [ 135.049138862262168, 1.377731619878268 ], [ 135.595000053999712, 0.23489856827719 ], [ 140.000000000628972, -1.287562279691436 ] ] } },
{ "type": "Feature", "properties": { "ConType": "Certain" }, "geometry": { "type": "LineString", "coordinates": [ [ 144.473801114372691, -9.301262906468914 ], [ 144.942545507758695, -8.787480000487912 ], [ 145.865848362106306, -9.25846659663349 ], [ 145.144385588567332, -9.092538319262365 ], [ 144.923821247673402, -9.96577210212668 ], [ 144.473801114372691, -9.301262906468914 ] ] } },
{ "type": "Feature", "properties": { "ConType": "Certain" }, "geometry": { "type": "LineString", "coordinates": [ [ 146.019670154050687, -7.717110494941741 ], [ 143.939009177691275, -7.589899482766519 ], [ 143.114829235487463, -8.689430808745819 ], [ 144.445974067288574, -11.484014629948906 ] ] } },
{ "type": "Feature", "properties": { "ConType": "Internal" }, "geometry": { "type": "LineString", "coordinates": [ [ 144.70500966494285, -6.576714301371384 ], [ 142.800098809379961, -7.458821800241215 ], [ 141.425026272316501, -10.116918787301344 ], [ 142.08957063888991, -11.086991061260008 ], [ 143.143137505780629, -10.718356928037785 ], [ 142.631763113337115, -12.061021083894891 ], [ 143.227005490829356, -12.812349643612871 ], [ 144.101421847502223, -12.370112812509934 ], [ 144.714379341974819, -13.027885397696146 ] ] } },
{ "type": "Feature", "properties": { "ConType": "Certain" }, "geometry": { "type": "LineString", "coordinates": [ [ 139.157724716310156, -6.565179045698535 ], [ 139.340964085386446, -7.727366993503062 ], [ 140.599919865866298, -8.558749606155351 ], [ 142.195145747023446, -7.803986241294035 ], [ 142.129078759966347, -6.313258631458417 ] ] } },
{ "type": "Feature", "properties": { "ConType": "Certain" }, "geometry": { "type": "LineString", "coordinates": [ [ 150.958367521104606, -22.977357935523802 ], [ 146.760409072600766, -22.217102413705202 ], [ 146.024279156619485, -21.402301909987674 ], [ 146.347133727867799, -18.971937492165697 ] ] } },
{ "type": "Feature", "properties": { "ConType": "Certain" }, "geometry": { "type": "LineString", "coordinates": [ [ 146.926936093176295, -18.131966250738657 ], [ 146.865251847410633, -17.354247315656252 ], [ 148.408586081438074, -17.078916064880254 ], [ 148.371394195178027, -18.297831398542186 ], [ 147.67527247034414, -18.243560030867414 ] ] } },
{ "type": "Feature", "properties": { "ConType": "Certain" }, "geometry": { "type": "LineString", "coordinates": [ [ 149.376882677602367, -17.198767095494127 ], [ 148.328104873203245, -15.792542103493421 ], [ 146.383756706973202, -16.181782530648551 ], [ 145.445657736620802, -17.337632494607526 ], [ 146.347133727867799, -18.971937492165697 ] ] } },
{ "type": "Feature", "properties": { "ConType": "Certain" }, "geometry": { "type": "LineString", "coordinates": [ [ 153.143303353499761, -13.084191494354904 ], [ 151.792498586643291, -15.058919724000376 ], [ 150.585650112180076, -14.580258491089902 ], [ 150.952571064000011, -12.306720905840248 ], [ 152.700483763573942, -12.12052909586453 ] ] } },
{ "type": "Feature", "properties": { "ConType": "Certain" }, "geometry": { "type": "LineString", "coordinates": [ [ 157.092522576472845, -20.298463629197208 ], [ 156.554368709181063, -20.591307120295351 ], [ 157.18461675343346, -21.134994772530174 ], [ 158.049125652790536, -20.863912076026644 ], [ 158.070061433010039, -19.865893005683464 ], [ 157.092522576472845, -20.298463629197208 ] ] } },
{ "type": "Feature", "properties": { "ConType": "Certain" }, "geometry": { "type": "LineString", "coordinates": [ [ 156.72846504174845, -18.95644762071581 ], [ 158.657280280892337, -19.211384172642571 ], [ 159.100905609618763, -20.072358050357881 ], [ 158.786512052618946, -21.336767327819032 ], [ 157.365791973953463, -22.160189481068784 ], [ 155.73144809022051, -20.397978292246997 ], [ 156.72846504174845, -18.95644762071581 ] ] } },
{ "type": "Feature", "properties": { "ConType": "Certain" }, "geometry": { "type": "LineString", "coordinates": [ [ 151.003145699670227, -16.777995118732669 ], [ 152.060811826644681, -17.123877211354163 ], [ 153.204078270328637, -19.015835685517708 ], [ 152.316472853264827, -21.544245397095622 ] ] } },
{ "type": "Feature", "properties": { "ConType": "Certain" }, "geometry": { "type": "LineString", "coordinates": [ [ 151.558491143509713, -13.46239113059519 ], [ 151.202140811212871, -13.236483033231904 ], [ 151.642067356710101, -12.627269910618391 ], [ 152.660386677236431, -13.163230712201081 ], [ 151.558491143509713, -13.46239113059519 ] ] } },
{ "type": "Feature", "properties": { "ConType": "Certain" }, "geometry": { "type": "LineString", "coordinates": [ [ 155.834428086042919, -8.560028508369561 ], [ 154.270281577277586, -8.301747461240865 ], [ 154.002195268004641, -10.212640897800334 ], [ 154.164730503427535, -11.579015088661601 ], [ 155.951439252367493, -12.355332519642193 ], [ 155.025196432654838, -14.31503864606924 ], [ 155.546988700945803, -15.354115257303695 ] ] } },
{ "type": "Feature", "properties": { "ConType": "Certain" }, "geometry": { "type": "LineString", "coordinates": [ [ 150.341910139630215, -6.715789230131288 ], [ 149.236592243316665, -6.559803848112515 ], [ 149.149313803995796, -4.645644921473127 ], [ 151.48363124616165, -4.915177828809484 ] ] } },
{ "type": "Feature", "properties": { "ConType": "Certain" }, "geometry": { "type": "LineString", "coordinates": [ [ 145.802915474634887, -4.469563837908305 ], [ 146.933543967873419, -4.082546327117231 ], [ 145.765666028772159, -5.70669821703429 ], [ 146.069427614189323, -4.85074958217206 ], [ 145.802915474634887, -4.469563837908305 ] ] } },
{ "type": "Feature", "properties": { "ConType": "Certain" }, "geometry": { "type": "LineString", "coordinates": [ [ 147.65660238633032, -6.479830218349331 ], [ 148.311865591816172, -9.000673849768209 ], [ 151.747838511781652, -9.264412031339038 ], [ 153.578257704371765, -7.137162037597315 ], [ 153.405399061554249, -4.460980033798296 ], [ 152.523921872321438, -3.733982453001831 ] ] } },
{ "type": "Feature", "properties": { "ConType": "Certain" }, "geometry": { "type": "LineString", "coordinates": [ [ 156.41584263797705, -12.292848540349087 ], [ 156.437205399378371, -11.078294782771264 ], [ 155.090027253540427, -10.70734480057399 ], [ 155.834428086042919, -8.560028508369561 ] ] } },
{ "type": "Feature", "properties": { "ConType": "Certain" }, "geometry": { "type": "LineString", "coordinates": [ [ 152.700483763573942, -12.12052909586453 ], [ 153.237580729185908, -7.986168883473311 ], [ 154.473484934222398, -6.704006468826806 ], [ 156.887876720615935, -6.039416995100627 ] ] } },
{ "type": "Feature", "properties": { "ConType": "Certain" }, "geometry": { "type": "LineString", "coordinates": [ [ 153.73818541790493, -2.781487761749069 ], [ 154.674625471619635, -4.06279420897652 ], [ 156.842939486407289, -2.979987373955715 ], [ 157.097966941877445, -1.947163158889489 ] ] } },
{ "type": "Feature", "properties": { "ConType": "Certain" }, "geometry": { "type": "LineString", "coordinates": [ [ 154.316073321282687, -1.884661124203684 ], [ 155.375718454506853, -1.221959848819682 ], [ 155.847966646071939, -2.183194266926289 ], [ 155.033810978750353, -2.798010477510734 ], [ 154.316073321282687, -1.884661124203684 ] ] } },
{ "type": "Feature", "properties": { "ConType": "Certain" }, "geometry": { "type": "LineString", "coordinates": [ [ 157.097966941877445, -1.947163158889489 ], [ 156.094257306422378, -0.4155219137647 ], [ 154.371748623529498, -0.192786777128177 ], [ 153.73818541790493, -2.781487761749069 ] ] } },
{ "type": "Feature", "properties": { "ConType": "Certain" }, "geometry": { "type": "LineString", "coordinates": [ [ 163.799046563942312, -40.599093460317405 ], [ 165.567392480536512, -38.783731894724703 ], [ 167.266991462150202, -40.142309882439115 ], [ 167.492396603877467, -41.422080048241575 ] ] } },
{ "type": "Feature", "properties": { "ConType": "Certain" }, "geometry": { "type": "LineString", "coordinates": [ [ 160.0712484605383, -35.84961616689462 ], [ 162.124714562701229, -37.029143524515206 ], [ 164.318287313390016, -37.165431561364478 ], [ 164.273294438891696, -36.35316819813189 ], [ 166.56332993723484, -37.558006822128519 ], [ 166.542385226603699, -35.577557526124174 ], [ 167.511987644830725, -35.049500636762517 ], [ 167.675522459771571, -36.69516774814668 ], [ 168.234163486012164, -35.646090800677662 ], [ 167.567182927561333, -34.497412474807049 ] ] } },
{ "type": "Feature", "properties": { "ConType": "Certain" }, "geometry": { "type": "LineString", "coordinates": [ [ 155.298973429057838, -29.704215467650261 ], [ 156.74782656320923, -27.638027222498348 ], [ 159.860375172772962, -27.799384619737115 ] ] } },
{ "type": "Feature", "properties": { "ConType": "Certain" }, "geometry": { "type": "LineString", "coordinates": [ [ 156.732730612610197, -23.122053994456184 ], [ 158.530717376519362, -22.61766392917437 ], [ 159.423343637186235, -24.044625277269326 ], [ 158.780090387556356, -25.032145036172739 ], [ 157.373275286213641, -25.013349547150984 ], [ 156.732730612610197, -23.122053994456184 ] ] } },
{ "type": "Feature", "properties": { "ConType": "Certain" }, "geometry": { "type": "LineString", "coordinates": [ [ 164.654096350240025, -33.996750569455415 ], [ 163.662559380233716, -32.676684790440405 ], [ 165.38189297862391, -34.074221692109766 ], [ 168.013602921086147, -34.043599729595343 ] ] } },
{ "type": "Feature", "properties": { "ConType": "Certain" }, "geometry": { "type": "LineString", "coordinates": [ [ 168.186794195353059, -30.506664842789924 ], [ 168.077972612188802, -31.340522821750682 ], [ 164.765138492777055, -30.650190133996993 ], [ 162.644894868616149, -32.723752003661787 ], [ 163.421546006125169, -31.301454018883287 ] ] } },
{ "type": "Feature", "properties": { "ConType": "Certain" }, "geometry": { "type": "LineString", "coordinates": [ [ 168.186794195353059, -30.506664842789924 ], [ 165.092606093194092, -30.268787711829646 ], [ 163.421546006125169, -31.301454018883287 ] ] } },
{ "type": "Feature", "properties": { "ConType": "Approx" }, "geometry": { "type": "LineString", "coordinates": [ [ 166.23734697487302, -29.707372658351844 ], [ 165.515053537847137, -30.129305578726314 ], [ 163.873882733701151, -28.895589812601528 ], [ 163.111139333764044, -30.888094870745832 ] ] } },
{ "type": "Feature", "properties": { "ConType": "Certain" }, "geometry": { "type": "LineString", "coordinates": [ [ 165.423452446241214, -28.349702489186996 ], [ 166.561785098048404, -27.561956950983657 ], [ 168.283477558470651, -28.381937805744283 ], [ 167.649465180844686, -29.735627435215736 ], [ 166.23734697487302, -29.707372658351844 ] ] } },
{ "type": "Feature", "properties": { "ConType": "Certain" }, "geometry": { "type": "LineString", "coordinates": [ [ 165.423452446241214, -28.349702489186996 ], [ 162.344106754096458, -28.511972315283824 ], [ 162.782640537929581, -27.460927587237617 ], [ 160.959900137318016, -28.715633692196906 ] ] } },
{ "type": "Feature", "properties": { "ConType": "Certain" }, "geometry": { "type": "LineString", "coordinates": [ [ 167.587080765087848, -24.091886802791866 ], [ 166.767067427109311, -24.673746529807662 ], [ 167.427119991223748, -25.425712453132562 ], [ 168.506801693346119, -24.667645805533716 ], [ 167.587080765087848, -24.091886802791866 ] ] } },
{ "type": "Feature", "properties": { "ConType": "Approx" }, "geometry": { "type": "LineString", "coordinates": [ [ 164.925375423460395, -23.991099338436808 ], [ 164.640077477191568, -24.347230516190816 ], [ 166.302965096623041, -24.34844055068525 ], [ 165.685307148605347, -23.700428743772552 ], [ 164.925375423460395, -23.991099338436808 ] ] } },
{ "type": "Feature", "properties": { "ConType": "Certain" }, "geometry": { "type": "LineString", "coordinates": [ [ 171.815225871305842, -39.248989001959274 ], [ 171.382401357641669, -40.301759772783335 ], [ 172.859784027213749, -40.557655829500746 ], [ 172.468409016405275, -39.174313965450224 ], [ 171.815225871305842, -39.248989001959274 ] ] } },
{ "type": "Feature", "properties": { "ConType": "Certain" }, "geometry": { "type": "LineString", "coordinates": [ [ 175.905862795160175, -34.91131039916057 ], [ 174.828942964626094, -33.315788617323804 ], [ 172.982231469467507, -34.086845026756031 ], [ 172.189869086554012, -33.686083975288518 ], [ 170.056476747148082, -35.191515669394605 ] ] } },
{ "type": "Feature", "properties": { "ConType": "Certain" }, "geometry": { "type": "LineString", "coordinates": [ [ 168.013602921086147, -34.043599729595343 ], [ 168.96865610930297, -33.979943125921935 ], [ 169.497165613557371, -35.022831186035987 ], [ 169.768300253529475, -34.27558473460315 ], [ 168.610980761813607, -32.854626496238943 ] ] } },
{ "type": "Feature", "properties": { "ConType": "Certain" }, "geometry": { "type": "LineString", "coordinates": [ [ 177.390760102686613, -40.817669257757032 ], [ 178.43048568244609, -41.747291674333738 ], [ 176.927294133279503, -41.702525301851395 ], [ 176.715221027568873, -43.449618372339039 ] ] } },
{ "type": "Feature", "properties": { "ConType": "Certain" }, "geometry": { "type": "LineString", "coordinates": [ [ 174.549798701818702, -40.719844760842676 ], [ 175.274313281926027, -41.98168120915043 ], [ 175.429927639640368, -39.313543616558889 ] ] } },
{ "type": "Feature", "properties": { "ConType": "Certain" }, "geometry": { "type": "LineString", "coordinates": [ [ 179.999983509510031, -37.43156100903834 ], [ 177.499312955651646, -37.440556169407657 ], [ 178.512748597496994, -39.637816847005382 ], [ 176.822866965578413, -38.208619690563005 ], [ 176.568698795102705, -39.00786804079474 ] ] } },
{ "type": "Feature", "properties": { "ConType": "Certain" }, "geometry": { "type": "LineString", "coordinates": [ [ 168.723723507987103, -32.637933515150451 ], [ 169.709737417458911, -32.215090484263314 ], [ 169.134483035736366, -31.81065219731753 ], [ 169.66647061871646, -31.391245251115713 ], [ 168.596578669238312, -31.392541859157042 ], [ 168.186794195353059, -30.506664842789924 ] ] } },
{ "type": "Feature", "properties": { "ConType": "Certain" }, "geometry": { "type": "LineString", "coordinates": [ [ 170.120798389470565, -29.511777464646713 ], [ 172.812440195482822, -32.817489237847361 ], [ 177.925935740371926, -32.000341843070487 ], [ 176.370620442414605, -27.571165867415846 ], [ 175.103182485776699, -26.758715931791986 ] ] } },
{ "type": "Feature", "properties": { "ConType": "Certain" }, "geometry": { "type": "LineString", "coordinates": [ [ 175.112161094544888, -26.032777719421198 ], [ 173.803638093458574, -24.26907366785942 ], [ 172.455384020998252, -24.866950579427929 ], [ 172.606737602835523, -25.857360843462672 ] ] } },
{ "type": "Feature", "properties": { "ConType": "Certain" }, "geometry": { "type": "LineString", "coordinates": [ [ 159.208763005132511, -21.959320806769885 ], [ 159.650322068122364, -21.247300198954555 ], [ 160.713991740135725, -21.908224005844939 ], [ 160.486104511206776, -20.990197593505286 ], [ 159.373904413649598, -21.138447471474578 ] ] } },
{ "type": "Feature", "properties": { "ConType": "Certain" }, "geometry": { "type": "LineString", "coordinates": [ [ 157.340632613614645, -15.472902127805028 ], [ 160.740202488251668, -18.192657726919812 ] ] } },
{ "type": "Feature", "properties": { "ConType": "Certain" }, "geometry": { "type": "LineString", "coordinates": [ [ 169.478822647090254, -16.477510954794649 ], [ 166.995723522264171, -17.296797430480883 ], [ 165.861848702395463, -15.644301855318668 ] ] } },
{ "type": "Feature", "properties": { "ConType": "Certain" }, "geometry": { "type": "LineString", "coordinates": [ [ 166.922347290123696, -13.846037473669982 ], [ 168.692961062975144, -14.615075369344853 ], [ 169.289619266865174, -12.748538406630997 ] ] } },
{ "type": "Feature", "properties": { "ConType": "Certain" }, "geometry": { "type": "LineString", "coordinates": [ [ 167.48531684530866, -11.603038759852632 ], [ 166.313710604472305, -10.689179218859074 ], [ 165.462744252170808, -11.089930871629006 ], [ 165.625078371954572, -12.096386232699357 ], [ 166.776173541576838, -11.127392497211634 ], [ 167.282201760271874, -11.820509191310896 ] ] } },
{ "type": "Feature", "properties": { "ConType": "Certain" }, "geometry": { "type": "LineString", "coordinates": [ [ 157.734710801969584, -8.840266535537978 ], [ 158.234714537965914, -8.007298408774382 ], [ 159.54213799696555, -7.837092869880837 ], [ 158.720478303973408, -9.623549140123925 ], [ 157.734710801969584, -8.840266535537978 ] ] } },
{ "type": "Feature", "properties": { "ConType": "Approx" }, "geometry": { "type": "LineString", "coordinates": [ [ 159.882106468648345, -3.211410709498839 ], [ 161.825553389113509, -2.547742179520949 ], [ 164.916158348299177, -4.177274454445549 ] ] } },
{ "type": "Feature", "properties": { "ConType": "Certain" }, "geometry": { "type": "LineString", "coordinates": [ [ 160.838153709289401, -0.051374580256129 ], [ 161.125293467205637, -1.074111944901078 ], [ 163.354157756759008, -1.640415333537312 ], [ 164.431448011400022, -0.913692933414605 ], [ 164.26168998572021, 0.483435883401773 ] ] } },
{ "type": "Feature", "properties": { "ConType": "Certain" }, "geometry": { "type": "LineString", "coordinates": [ [ 161.495727741218246, 0.088303767972405 ], [ 162.354600653865106, -0.952990487389742 ], [ 163.470333481100965, -0.46055969754838 ], [ 162.988766922797083, 0.523798636292854 ], [ 161.495727741218246, 0.088303767972405 ] ] } },
{ "type": "Feature", "properties": { "ConType": "Certain" }, "geometry": { "type": "LineString", "coordinates": [ [ 162.370460332735462, -9.813131080100508 ], [ 163.61478767691807, -9.33642188082654 ], [ 163.957470634264496, -10.72427540991692 ], [ 162.782104159205858, -11.165447922613469 ], [ 162.306719849808417, -10.287253757802702 ] ] } },
{ "type": "Feature", "properties": { "ConType": "Certain" }, "geometry": { "type": "LineString", "coordinates": [ [ 167.24293251451428, -12.389731066814914 ], [ 168.427969810768417, -11.752011377878445 ], [ 168.543166840487743, -9.636130517005546 ], [ 167.690238778837823, -8.645070179686551 ], [ 166.86537329893099, -9.007072225847576 ] ] } },
{ "type": "Feature", "properties": { "ConType": "Certain" }, "geometry": { "type": "LineString", "coordinates": [ [ 170.189114155077732, -10.207255302286779 ], [ 168.543849436563363, -7.353300729672069 ], [ 166.578121370032562, -7.234398858685909 ] ] } },
{ "type": "Feature", "properties": { "ConType": "Internal" }, "geometry": { "type": "LineString", "coordinates": [ [ 166.476023928401048, -3.255950589858643 ], [ 167.312212609576846, -4.760466989328367 ], [ 168.577090545672377, -5.136877436734276 ], [ 170.771095511133467, -4.297769177122688 ], [ 171.327486993737011, -2.875589688484945 ], [ 169.794846040480479, -0.452149314248622 ], [ 168.568348173992064, -1.186712424473439 ], [ 168.921603234866524, -3.601767317011877 ], [ 167.417636560271063, -0.495180462909588 ], [ 166.578449912223959, -0.332910297140529 ], [ 165.566765656662028, -1.56622055068745 ] ] } },
{ "type": "Feature", "properties": { "ConType": "Certain" }, "geometry": { "type": "LineString", "coordinates": [ [ 171.201632094901044, -19.961382589106741 ], [ 172.260010643151418, -19.090782509276007 ], [ 172.783016415210511, -20.540373523631494 ], [ 171.627588152504501, -21.445639080241573 ], [ 171.020575492539933, -20.640242352690322 ] ] } },
{ "type": "Feature", "properties": { "ConType": "Certain" }, "geometry": { "type": "LineString", "coordinates": [ [ 171.649050652224901, -17.189490478759332 ], [ 173.024328331527386, -18.061514299680542 ], [ 174.047861884577088, -17.446413809823536 ], [ 174.546852249703392, -16.372606742182754 ], [ 173.964453436479431, -16.826703179660644 ], [ 173.846615587098654, -16.023145473827629 ], [ 173.28089867059532, -16.866397226761769 ], [ 172.962883653616217, -15.685094969624902 ] ] } },
{ "type": "Feature", "properties": { "ConType": "Certain" }, "geometry": { "type": "LineString", "coordinates": [ [ 176.484784057304722, -17.366711390196613 ], [ 176.410342817519989, -15.0022774573651 ], [ 178.680796779136614, -13.75958009137781 ] ] } },
{ "type": "Feature", "properties": { "ConType": "Certain" }, "geometry": { "type": "LineString", "coordinates": [ [ 170.087538938061243, -6.980167835656864 ], [ 169.78269267369069, -7.894214305202853 ], [ 170.804684292905705, -8.851712341992249 ], [ 171.516893178069012, -8.066190261917949 ], [ 170.9278973497658, -6.77419155953185 ] ] } },
{ "type": "Feature", "properties": { "ConType": "Certain" }, "geometry": { "type": "LineString", "coordinates": [ [ 179.999983509510031, -5.453921070288152 ], [ 179.366168959627885, -5.596118929023647 ], [ 179.43180207642277, -6.652885953503886 ], [ 178.506002238762278, -5.90087498898199 ], [ 178.91942636652675, -5.03804578857928 ], [ 179.999983509510031, -5.261170654577314 ] ] } },
{ "type": "Feature", "properties": { "ConType": "Certain" }, "geometry": { "type": "LineString", "coordinates": [ [ 177.867046294614084, -4.685007788151919 ], [ 177.279762971666429, -5.633055876436545 ], [ 177.677164259170695, -7.172529115608119 ], [ 179.762541574522999, -8.377419844664972 ] ] } },
{ "type": "Feature", "properties": { "ConType": "Certain" }, "geometry": { "type": "LineString", "coordinates": [ [ 94.771473481746852, 5.11986568200451 ], [ 95.170611457290676, 3.267801516453944 ], [ 93.909350070767189, 2.493120411911758 ], [ 92.895169969629407, 3.097702723680306 ] ] } },
{ "type": "Feature", "properties": { "ConType": "Certain" }, "geometry": { "type": "LineString", "coordinates": [ [ 97.95450408522305, 6.312843189239014 ], [ 99.290426782859285, 6.182712812984235 ], [ 99.166565456605298, 5.056913439811662 ], [ 97.910263287908919, 4.949107258955186 ], [ 97.677580210303461, 5.99562281729953 ] ] } },
{ "type": "Feature", "properties": { "ConType": "Certain" }, "geometry": { "type": "LineString", "coordinates": [ [ 96.488671006810932, 7.736439978386058 ], [ 96.993357948917861, 6.850213376638323 ], [ 96.27840567627139, 5.639004223089444 ], [ 95.037833148044413, 6.031234238362678 ] ] } },
{ "type": "Feature", "properties": { "ConType": "Approx" }, "geometry": { "type": "LineString", "coordinates": [ [ 94.746191707494461, 9.17625183259427 ], [ 94.892688688793129, 11.055378113264773 ], [ 93.287485008488886, 12.091998630467444 ], [ 95.284542340642147, 14.685110285351648 ], [ 93.020028764816658, 13.536482580536392 ], [ 93.383171522657491, 12.849372534695052 ], [ 92.755772579800322, 13.15661420389333 ] ] } },
{ "type": "Feature", "properties": { "ConType": "Certain" }, "geometry": { "type": "LineString", "coordinates": [ [ 91.32825429456733, 12.735248806558339 ], [ 92.416391041940827, 13.25288958768717 ], [ 92.779459269758789, 14.507668517712581 ], [ 90.849411564562274, 15.391869429714946 ] ] } },
{ "type": "Feature", "properties": { "ConType": "Certain" }, "geometry": { "type": "LineString", "coordinates": [ [ 93.429342156192931, 17.948005414552245 ], [ 92.61498844347345, 18.937259764101629 ], [ 91.747801706777693, 17.90048770361842 ], [ 92.714784246301022, 17.217757701477478 ], [ 93.429342156192931, 17.948005414552245 ] ] } },
{ "type": "Feature", "properties": { "ConType": "Certain" }, "geometry": { "type": "LineString", "coordinates": [ [ 91.518693006623423, 17.084783391462285 ], [ 90.973919046327651, 18.392203724158318 ], [ 91.616606415216793, 19.374941554350976 ], [ 94.232712125515278, 18.751020179062163 ] ] } },
{ "type": "Feature", "properties": { "ConType": "Certain" }, "geometry": { "type": "LineString", "coordinates": [ [ 95.826056753473082, 15.49165313295606 ], [ 95.200559546380333, 15.373831729647195 ], [ 95.387873508081498, 16.438837912944162 ], [ 97.030070508197369, 17.09339937539367 ], [ 97.285489437559221, 15.739818971979151 ], [ 96.541495041015409, 15.285993856762317 ] ] } },
{ "type": "Feature", "properties": { "ConType": "Certain" }, "geometry": { "type": "LineString", "coordinates": [ [ 101.434465455717259, 9.081164658529774 ], [ 102.150753705405606, 7.356057476496896 ], [ 103.544770052831851, 7.091829817352101 ], [ 104.661405722254258, 8.221136184260951 ] ] } },
{ "type": "Feature", "properties": { "ConType": "Certain" }, "geometry": { "type": "LineString", "coordinates": [ [ 104.209521461170525, 14.979461845293116 ], [ 106.407133043264338, 13.88982375326731 ], [ 105.639460009961866, 11.776117998346681 ] ] } },
{ "type": "Feature", "properties": { "ConType": "Certain" }, "geometry": { "type": "LineString", "coordinates": [ [ 104.785125784434896, 18.257735515897512 ], [ 103.308472786870993, 16.776590122272712 ], [ 104.03403998812847, 18.704850135830888 ], [ 103.450248162608375, 19.085787945750479 ] ] } },
{ "type": "Feature", "properties": { "ConType": "Certain" }, "geometry": { "type": "LineString", "coordinates": [ [ 103.450248162608375, 19.085787945750479 ], [ 102.720328229935888, 18.56985113859805 ], [ 103.310483369446743, 18.164080914401421 ], [ 101.973995328609206, 18.078571178052009 ], [ 101.713327592708069, 19.547363959094088 ], [ 102.838554205952875, 19.529958247237808 ] ] } },
{ "type": "Feature", "properties": { "ConType": "Approx" }, "geometry": { "type": "LineString", "coordinates": [ [ 102.838554205952875, 19.529958247237808 ], [ 101.374599689744599, 20.198549979893237 ], [ 101.545554374088169, 19.264752665152933 ], [ 100.900658743279934, 19.04680285065167 ], [ 100.491221846422022, 21.111985158149167 ] ] } },
{ "type": "Feature", "properties": { "ConType": "Approx" }, "geometry": { "type": "LineString", "coordinates": [ [ 100.485273193074747, 21.373725865854038 ], [ 100.687932220327397, 22.271720804378852 ], [ 101.038930703381737, 21.383641531365743 ], [ 103.058015875158759, 21.825700990907674 ] ] } },
{ "type": "Feature", "properties": { "ConType": "Certain" }, "geometry": { "type": "LineString", "coordinates": [ [ 108.903972786926104, 16.358925631942718 ], [ 109.982544565523284, 14.4573964706374 ], [ 110.75637769978384, 14.708711470246785 ], [ 110.743447703773626, 15.853964600730109 ] ] } },
{ "type": "Feature", "properties": { "ConType": "Certain" }, "geometry": { "type": "LineString", "coordinates": [ [ 108.903972786926104, 16.358925631942718 ], [ 108.023560031522365, 15.828658089765243 ], [ 108.13325158121836, 14.096261413105015 ], [ 109.194353693944493, 13.348377030845628 ], [ 110.9598270981421, 13.946152172657275 ] ] } },
{ "type": "Feature", "properties": { "ConType": "Certain" }, "geometry": { "type": "LineString", "coordinates": [ [ 110.403033222668682, 12.739765441365645 ], [ 109.139315316698756, 12.02021435631724 ], [ 106.906508326278569, 12.34096052268592 ], [ 106.451869547675116, 14.687613142026073 ], [ 107.069408349887638, 17.022795251177399 ] ] } },
{ "type": "Feature", "properties": { "ConType": "Certain" }, "geometry": { "type": "LineString", "coordinates": [ [ 91.129676274138404, 25.230646228020138 ], [ 92.672400852578932, 23.968816942509289 ], [ 95.19379567309025, 24.716682652689492 ] ] } },
{ "type": "Feature", "properties": { "ConType": "Certain" }, "geometry": { "type": "LineString", "coordinates": [ [ 95.12808089315574, 35.746105777834835 ], [ 96.187341619649203, 34.466468367811117 ], [ 96.268453580088789, 32.550055297119577 ], [ 94.342858763445506, 31.570151711784366 ] ] } },
{ "type": "Feature", "properties": { "ConType": "Certain" }, "geometry": { "type": "LineString", "coordinates": [ [ 97.179466905252184, 27.179232999386361 ], [ 98.40158864911092, 28.549173052808573 ], [ 99.555547687625719, 27.415896728810033 ], [ 98.59420530981302, 26.32518849118534 ], [ 97.179466905252184, 27.179232999386361 ] ] } },
{ "type": "Feature", "properties": { "ConType": "Certain" }, "geometry": { "type": "LineString", "coordinates": [ [ 97.284163192291487, 29.777604416063685 ], [ 97.610889558653383, 31.013871839538922 ], [ 98.606477680603007, 31.274518492677402 ], [ 99.839760420699491, 30.890766221334303 ], [ 100.015784426138822, 29.644354602191456 ] ] } },
{ "type": "Feature", "properties": { "ConType": "Certain" }, "geometry": { "type": "LineString", "coordinates": [ [ 101.180621141275353, 29.268179122224861 ], [ 101.876224955001746, 31.011137550654599 ], [ 101.356141247911097, 30.633409168408349 ], [ 100.925986571150489, 31.750986270739727 ], [ 98.368098230479916, 32.351960587399894 ] ] } },
{ "type": "Feature", "properties": { "ConType": "Certain" }, "geometry": { "type": "LineString", "coordinates": [ [ 101.180621141275353, 29.268179122224861 ], [ 102.786420563796284, 30.607505988548173 ], [ 102.426303797434542, 32.253457408884998 ], [ 99.625310921912501, 33.049996711506516 ], [ 98.368098230479916, 32.351960587399894 ] ] } },
{ "type": "Feature", "properties": { "ConType": "Certain" }, "geometry": { "type": "LineString", "coordinates": [ [ 92.372665049217261, 33.825880747106453 ], [ 94.323123678383027, 34.677622699718349 ], [ 94.844882078384899, 33.520739162467066 ], [ 94.002398815728839, 33.230257702575848 ] ] } },
{ "type": "Feature", "properties": { "ConType": "Certain" }, "geometry": { "type": "LineString", "coordinates": [ [ 92.740558337523396, 42.597846921007907 ], [ 91.730560917330394, 43.1645241502601 ], [ 91.980423082758051, 44.404804012938065 ], [ 93.448280831898856, 44.653216928880262 ], [ 94.32289990363833, 43.989831606393622 ] ] } },
{ "type": "Feature", "properties": { "ConType": "Certain" }, "geometry": { "type": "LineString", "coordinates": [ [ 95.12808089315574, 35.746105777834835 ], [ 95.835269300770534, 36.221755222841857 ], [ 97.977162983081911, 34.929266165670022 ], [ 102.410548252835511, 35.261649680651708 ] ] } },
{ "type": "Feature", "properties": { "ConType": "Certain" }, "geometry": { "type": "LineString", "coordinates": [ [ 95.222196551883442, 42.023126075315318 ], [ 95.76073784008473, 38.159340027231018 ], [ 99.585762205058188, 36.829394169141324 ], [ 102.048612940725036, 37.759967981246447 ] ] } },
{ "type": "Feature", "properties": { "ConType": "Certain" }, "geometry": { "type": "LineString", "coordinates": [ [ 103.731149107947758, 39.117804187472821 ], [ 103.30283701451701, 40.761992270340265 ], [ 101.285296197151524, 38.505816101050122 ], [ 98.408846293695746, 38.580802234448797 ], [ 95.784486343793134, 40.463640888535323 ], [ 95.222196551883442, 42.023126075315318 ] ] } },
{ "type": "Feature", "properties": { "ConType": "Certain" }, "geometry": { "type": "LineString", "coordinates": [ [ 98.820081204270465, 44.418134588034349 ], [ 97.699814923505315, 43.096799852935597 ], [ 98.321199883822686, 41.444783255188383 ], [ 102.471332683784524, 40.69315470223507 ], [ 103.30087389041735, 42.6126414603225 ], [ 101.675434408613057, 42.110057412490413 ] ] } },
{ "type": "Feature", "properties": { "ConType": "Certain" }, "geometry": { "type": "LineString", "coordinates": [ [ 98.820081204270465, 44.418134588034349 ], [ 97.338321712937471, 45.404725650088437 ], [ 94.32289990363833, 43.989831606393622 ] ] } },
{ "type": "Feature", "properties": { "ConType": "Certain" }, "geometry": { "type": "LineString", "coordinates": [ [ 105.185127180400002, 23.044315259552963 ], [ 106.676385506656317, 23.024320292258167 ], [ 106.030370929573195, 23.728505182823362 ], [ 106.555779242874593, 24.818043322173832 ], [ 105.510360984120638, 25.113083687926913 ] ] } },
{ "type": "Feature", "properties": { "ConType": "Approx" }, "geometry": { "type": "LineString", "coordinates": [ [ 104.914392037839306, 34.610318359285884 ], [ 104.443663012176231, 34.342735454148261 ], [ 105.242609192632187, 32.42974538581457 ], [ 107.044576176349182, 33.721986251414734 ] ] } },
{ "type": "Feature", "properties": { "ConType": "Certain" }, "geometry": { "type": "LineString", "coordinates": [ [ 108.304348617905589, 22.974779012057027 ], [ 108.886800067133777, 23.80646859276758 ], [ 109.380580549519863, 21.938573597401529 ], [ 110.981242244915649, 22.239525562548881 ] ] } },
{ "type": "Feature", "properties": { "ConType": "Approx" }, "geometry": { "type": "LineString", "coordinates": [ [ 109.132401044460735, 24.559500041489503 ], [ 109.957863091031498, 26.09614086277853 ], [ 107.683309292218055, 26.736706863181013 ] ] } },
{ "type": "Feature", "properties": { "ConType": "Certain" }, "geometry": { "type": "LineString", "coordinates": [ [ 111.051135276864827, 28.098300124561451 ], [ 109.128155494473731, 26.74970750441905 ], [ 107.939086081112151, 27.106938765097063 ], [ 107.863364567233191, 28.342101966923575 ] ] } },
{ "type": "Feature", "properties": { "ConType": "Certain" }, "geometry": { "type": "LineString", "coordinates": [ [ 108.857498845877771, 35.050858567183269 ], [ 106.564125813964552, 36.600299623095793 ], [ 105.18732793325438, 36.506564562152924 ], [ 104.10234502932704, 35.320184422860997 ] ] } },
{ "type": "Feature", "properties": { "ConType": "Certain" }, "geometry": { "type": "LineString", "coordinates": [ [ 105.908671867682543, 41.672284527425973 ], [ 105.102299413518423, 41.198614345896118 ], [ 104.204719768812566, 41.937315006828392 ], [ 104.627642738095844, 42.704131624212529 ], [ 103.996839072523144, 43.305735069901417 ], [ 104.918639761069073, 43.868954989900708 ] ] } },
{ "type": "Feature", "properties": { "ConType": "Certain" }, "geometry": { "type": "LineString", "coordinates": [ [ 108.857498845877771, 38.553425167324342 ], [ 107.462100715125672, 37.39311251031733 ], [ 108.753879890318785, 36.397568687562234 ], [ 110.062127667860125, 37.629245421088875 ], [ 108.857498845877771, 38.553425167324342 ] ] } },
{ "type": "Feature", "properties": { "ConType": "Certain" }, "geometry": { "type": "LineString", "coordinates": [ [ 109.454069338483819, 39.146897021465769 ], [ 107.893544022576933, 39.589330219392181 ], [ 112.020857774171091, 37.697419853369077 ] ] } },
{ "type": "Feature", "properties": { "ConType": "Certain" }, "geometry": { "type": "LineString", "coordinates": [ [ 109.336446247693715, 44.470163789225232 ], [ 113.645033714860574, 42.034675811578005 ] ] } },
{ "type": "Feature", "properties": { "ConType": "Certain" }, "geometry": { "type": "LineString", "coordinates": [ [ 119.850471322115922, 2.397871926516821 ], [ 118.781931937556521, 1.7230437523945 ], [ 115.723503841624904, 3.216985462869938 ] ] } },
{ "type": "Feature", "properties": { "ConType": "Certain" }, "geometry": { "type": "LineString", "coordinates": [ [ 121.893446225399174, 9.509708039067666 ], [ 121.774275086674308, 10.338170895203543 ], [ 122.728774513523561, 9.915933384476393 ], [ 123.01622028973496, 10.543210543297583 ], [ 121.532445912212083, 11.717778709473402 ], [ 120.824641012694585, 10.038270393682513 ], [ 121.893446225399174, 9.509708039067666 ] ] } },
{ "type": "Feature", "properties": { "ConType": "Certain" }, "geometry": { "type": "LineString", "coordinates": [ [ 121.429451333568409, 12.293677416434628 ], [ 122.443172174769359, 13.998609133308072 ], [ 120.19926999218562, 14.875249030554697 ] ] } },
{ "type": "Feature", "properties": { "ConType": "Certain" }, "geometry": { "type": "LineString", "coordinates": [ [ 118.400397468634964, 15.189481460900238 ], [ 118.142805171255489, 13.722502734018752 ], [ 119.674170721251542, 13.873899856559145 ], [ 119.595884250040598, 15.093947812425403 ], [ 118.400397468634964, 15.189481460900238 ] ] } },
{ "type": "Feature", "properties": { "ConType": "Certain" }, "geometry": { "type": "LineString", "coordinates": [ [ 129.405162282955786, 9.733701545886444 ], [ 128.479317951531215, 10.815886704880802 ], [ 127.316027516714811, 10.736751244371494 ], [ 126.161006867278005, 9.68985894665502 ], [ 126.548188848680994, 8.618141315013673 ] ] } },
{ "type": "Feature", "properties": { "ConType": "Certain" }, "geometry": { "type": "LineString", "coordinates": [ [ 132.289218453422791, 0.101905652138597 ], [ 133.021701001997286, -0.710470436104664 ], [ 133.932400743738441, 0.038006156439827 ], [ 133.424764925641654, 1.457984067776053 ], [ 132.387949674020831, 0.726711088707739 ] ] } },
{ "type": "Feature", "properties": { "ConType": "Certain" }, "geometry": { "type": "LineString", "coordinates": [ [ 125.745600669618256, 10.639746228142906 ], [ 126.818133016640786, 11.532361187288178 ], [ 126.511081527614522, 12.935259204986146 ], [ 124.773043624057948, 13.121034744997493 ], [ 124.082550350487352, 12.040026873456553 ] ] } },
{ "type": "Feature", "properties": { "ConType": "Certain" }, "geometry": { "type": "LineString", "coordinates": [ [ 126.23384074839953, 18.659763172125484 ], [ 126.702073938380181, 19.08356946728227 ], [ 125.756178976286677, 20.274319905309198 ], [ 124.346559461882379, 20.688287165668498 ], [ 122.468275591421943, 19.812759816986851 ], [ 122.676288898387369, 18.907151336529157 ] ] } },
{ "type": "Feature", "properties": { "ConType": "Certain" }, "geometry": { "type": "LineString", "coordinates": [ [ 128.294196333323441, 22.492047288970703 ], [ 126.002520211523333, 21.136014771955292 ], [ 126.58713290280042, 20.523197796255904 ], [ 127.985213553751066, 21.578734363036773 ], [ 129.267625627485188, 20.978808548588773 ] ] } },
{ "type": "Feature", "properties": { "ConType": "Certain" }, "geometry": { "type": "LineString", "coordinates": [ [ 113.407378079873112, 28.723506829454511 ], [ 113.676742526273259, 30.003120030411957 ], [ 114.034235575305431, 28.835208203234846 ], [ 115.448515138748618, 29.219718398741293 ], [ 114.546927605788298, 28.053863316585019 ], [ 113.407378079873112, 28.723506829454511 ] ] } },
{ "type": "Feature", "properties": { "ConType": "Certain" }, "geometry": { "type": "LineString", "coordinates": [ [ 122.487196238117491, 25.270507440026499 ], [ 124.137629366382342, 24.684873608289447 ], [ 123.809498814816465, 23.251040915271005 ], [ 122.32089121148087, 23.14481273616337 ] ] } },
{ "type": "Feature", "properties": { "ConType": "Approx" }, "geometry": { "type": "LineString", "coordinates": [ [ 115.677383881909407, 33.046273636766401 ], [ 116.310400934164704, 33.413225406421049 ], [ 116.363856445423423, 32.607488561440292 ], [ 117.022005001597051, 33.101237299313148 ], [ 118.935896391836692, 31.951576789759553 ], [ 118.859134142037718, 32.738454138939197 ], [ 120.692335896542019, 32.472347643874123 ] ] } },
{ "type": "Feature", "properties": { "ConType": "Certain" }, "geometry": { "type": "LineString", "coordinates": [ [ 114.76061683898196, 41.456536168208046 ], [ 115.523071764859424, 40.282523089110825 ], [ 112.60450277884398, 41.175636779424927 ] ] } },
{ "type": "Feature", "properties": { "ConType": "Certain" }, "geometry": { "type": "LineString", "coordinates": [ [ 122.586877792356063, 40.313203112491713 ], [ 121.617940910744139, 40.78997691214699 ], [ 122.290990191728156, 41.860837234169303 ], [ 123.904534358702293, 41.782604741162501 ], [ 123.586071228311923, 40.510577529114023 ], [ 122.586877792356063, 40.313203112491713 ] ] } },
{ "type": "Feature", "properties": { "ConType": "Certain" }, "geometry": { "type": "LineString", "coordinates": [ [ 122.081466157901744, 43.04030761589587 ], [ 124.0726748751256, 42.916739232205138 ], [ 125.254603886883345, 41.2567094203308 ], [ 123.303020372125374, 38.922394204172257 ] ] } },
{ "type": "Feature", "properties": { "ConType": "Certain" }, "geometry": { "type": "LineString", "coordinates": [ [ 127.473758180810236, 28.821413563323723 ], [ 130.22734996509746, 27.974301046378933 ], [ 129.038977615210257, 27.459880539350241 ], [ 127.405248867988874, 28.305437825776607 ] ] } },
{ "type": "Feature", "properties": { "ConType": "Certain" }, "geometry": { "type": "LineString", "coordinates": [ [ 127.873996559163501, 30.476442776719342 ], [ 125.407859072573487, 30.471107706625272 ], [ 127.636968229527596, 31.232513543284156 ], [ 130.067589779226239, 30.726834672528888 ], [ 130.530937938432658, 30.150722654706254 ], [ 128.266118693877587, 30.484656806386784 ] ] } },
{ "type": "Feature", "properties": { "ConType": "Certain" }, "geometry": { "type": "LineString", "coordinates": [ [ 127.497765524649765, 33.035471024409304 ], [ 126.994029743928323, 34.204491343871403 ], [ 125.93010143624673, 34.452752878124706 ], [ 125.670783468739501, 33.516693131989442 ], [ 124.469976137403194, 33.126774055284002 ], [ 125.107749270302023, 32.390267159192007 ] ] } },
{ "type": "Feature", "properties": { "ConType": "Certain" }, "geometry": { "type": "LineString", "coordinates": [ [ 129.921747662898667, 23.876893594297066 ], [ 129.332248364504409, 23.079035647810645 ], [ 130.472287674687919, 22.141066821735667 ], [ 131.418043898814119, 22.876085359866909 ], [ 131.304471682953107, 23.27007318221802 ], [ 130.575000516654086, 22.928033293652799 ], [ 130.582569518653798, 23.967046363096092 ], [ 129.921747662898667, 23.876893594297066 ] ] } },
{ "type": "Feature", "properties": { "ConType": "Approx" }, "geometry": { "type": "LineString", "coordinates": [ [ 128.036286930483442, 31.741942144804966 ], [ 132.570388518100316, 29.840225415176231 ], [ 133.98566265172056, 27.517059573848314 ], [ 136.106608530075107, 27.029953334155348 ], [ 136.152394374336353, 26.216638652399098 ] ] } },
{ "type": "Feature", "properties": { "ConType": "Certain" }, "geometry": { "type": "LineString", "coordinates": [ [ 133.104538873303227, 33.317145330860548 ], [ 134.408678397691176, 33.933042942396447 ], [ 135.279281287237808, 33.059862738703885 ], [ 134.163648422570674, 32.260088440653831 ], [ 133.104538873303227, 33.317145330860548 ] ] } },
{ "type": "Feature", "properties": { "ConType": "Certain" }, "geometry": { "type": "LineString", "coordinates": [ [ 124.866064367496435, 37.228331269784597 ], [ 125.863766648966859, 38.185410121364491 ], [ 125.42359479416514, 39.050775713654126 ], [ 123.952679117760269, 39.098048629738571 ], [ 123.759614999906816, 37.999276636078356 ] ] } },
{ "type": "Feature", "properties": { "ConType": "Certain" }, "geometry": { "type": "LineString", "coordinates": [ [ 126.909447101702966, 42.683433321049414 ], [ 125.006299590205003, 43.507733398394876 ], [ 125.200535178212789, 42.249771667041443 ], [ 125.768022324563731, 42.807214603378 ], [ 126.447946851755106, 42.310915817475532 ] ] } },
{ "type": "Feature", "properties": { "ConType": "Certain" }, "geometry": { "type": "LineString", "coordinates": [ [ 126.072114025217488, 44.270643379528636 ], [ 124.546474019977282, 44.707129213543183 ], [ 123.095646473395732, 43.987297341580366 ], [ 126.19673851252314, 43.88903710455763 ] ] } },
{ "type": "Feature", "properties": { "ConType": "Approx" }, "geometry": { "type": "LineString", "coordinates": [ [ 133.096160897372243, 41.373408183841519 ], [ 133.104111305115026, 42.464113285269214 ], [ 131.900255794777792, 43.154007726595175 ], [ 129.116386709758387, 42.258578371982182 ] ] } },
{ "type": "Feature", "properties": { "ConType": "Certain" }, "geometry": { "type": "LineString", "coordinates": [ [ 91.676695276589726, 50.467226876131832 ], [ 91.111288282963258, 50.027465882921128 ], [ 92.859861750549925, 49.200296396398137 ], [ 92.545746757754983, 50.184523379318584 ], [ 91.676695276589726, 50.467226876131832 ] ] } },
{ "type": "Feature", "properties": { "ConType": "Certain" }, "geometry": { "type": "LineString", "coordinates": [ [ 96.41307255980773, 51.034921525938408 ], [ 93.567142591881989, 49.380125166099575 ], [ 93.9138198341048, 48.246377393537458 ], [ 91.587379301866719, 46.326649794649192 ], [ 91.094791289952838, 46.786496127754084 ], [ 92.169748758176411, 48.172812204704528 ] ] } },
{ "type": "Feature", "properties": { "ConType": "Certain" }, "geometry": { "type": "LineString", "coordinates": [ [ 92.990546541134393, 50.868965906601844 ], [ 90.723879792948793, 51.100692114349776 ], [ 93.037860250864114, 50.320639878394914 ], [ 93.134488976219785, 50.868965906601844 ] ] } },
{ "type": "Feature", "properties": { "ConType": "Certain" }, "geometry": { "type": "LineString", "coordinates": [ [ 92.169748758176411, 48.172812204704528 ], [ 93.359293772017423, 50.451345999076231 ], [ 95.237927323494361, 51.826345872665215 ] ] } },
{ "type": "Feature", "properties": { "ConType": "Certain" }, "geometry": { "type": "LineString", "coordinates": [ [ 92.120105642262658, 52.50693649379803 ], [ 91.169108331720267, 53.188745506021647 ], [ 89.966832323625667, 52.663152546237512 ], [ 90.990065929609045, 51.852980815331598 ], [ 92.120105642262658, 52.50693649379803 ] ] } },
{ "type": "Feature", "properties": { "ConType": "Certain" }, "geometry": { "type": "LineString", "coordinates": [ [ 92.442677774404416, 54.874434754901316 ], [ 93.098829097450661, 53.932089773218735 ], [ 95.262732392508127, 54.176401433915039 ], [ 94.655443404239406, 53.010685788857273 ], [ 96.253939712266003, 52.536023131246147 ], [ 95.237927323494361, 51.826345872665215 ] ] } },
{ "type": "Feature", "properties": { "ConType": "Certain" }, "geometry": { "type": "LineString", "coordinates": [ [ 96.207935448868753, 67.102637539666674 ], [ 96.151130103288324, 66.350799260548158 ], [ 93.927786489968227, 66.830247523904376 ], [ 94.380397956314312, 67.319106660267934 ], [ 96.207935448868753, 67.102637539666674 ] ] } },
{ "type": "Feature", "properties": { "ConType": "Certain" }, "geometry": { "type": "LineString", "coordinates": [ [ 105.161561456625947, 46.184536072394799 ], [ 103.84914807738717, 44.089291440409781 ], [ 101.366104484023708, 44.51521659773389 ] ] } },
{ "type": "Feature", "properties": { "ConType": "Certain" }, "geometry": { "type": "LineString", "coordinates": [ [ 96.41307255980773, 51.034921525938408 ], [ 96.45078510753099, 49.966562474354198 ], [ 97.644422083449498, 50.999651792052155 ], [ 100.471457035092897, 50.657615461800859 ], [ 100.227145374396557, 49.554722815302085 ], [ 105.782819092622432, 48.39243195011025 ], [ 107.896964432872991, 49.482495173258414 ], [ 108.361592859578053, 48.769192372035832 ], [ 107.968949116935477, 50.019108287323832 ], [ 108.741148477246028, 50.470648592352113 ], [ 112.713394344380575, 50.22197422443022 ], [ 113.480603837216549, 52.158698421411735 ] ] } },
{ "type": "Feature", "properties": { "ConType": "Certain" }, "geometry": { "type": "LineString", "coordinates": [ [ 101.298685106830732, 55.473068495767343 ], [ 102.255984346326414, 56.691059805546423 ], [ 101.696856612654301, 57.191264386763159 ], [ 100.710049647676968, 56.642189163639394 ], [ 101.298685106830732, 55.473068495767343 ] ] } },
{ "type": "Feature", "properties": { "ConType": "Certain" }, "geometry": { "type": "LineString", "coordinates": [ [ 105.74164586860411, 56.802777938688543 ], [ 104.298187385693794, 57.203155480423874 ], [ 102.572060715393036, 56.062125511240637 ], [ 102.917385923641177, 55.322130138495488 ], [ 105.280737594798353, 54.957814960737238 ] ] } },
{ "type": "Feature", "properties": { "ConType": "Certain" }, "geometry": { "type": "LineString", "coordinates": [ [ 105.280737594798353, 54.957814960737238 ], [ 102.82194485728408, 54.442796534951313 ], [ 107.71083169618484, 54.884922810988506 ], [ 107.82773272626288, 56.432354774925791 ], [ 106.098507691213953, 57.513572610072714 ], [ 105.74164586860411, 56.802777938688543 ] ] } },
{ "type": "Feature", "properties": { "ConType": "Certain" }, "geometry": { "type": "LineString", "coordinates": [ [ 114.693536807535992, 53.164977565147076 ], [ 114.412627446240066, 55.321345525328823 ], [ 116.336602395707942, 58.125641116368726 ], [ 116.008172338979477, 59.664754401912226 ], [ 117.480744326421842, 61.647895939995983 ], [ 112.979121207912826, 61.885053717728638 ], [ 110.307842910265038, 63.488316708789206 ], [ 107.236259272665976, 64.091669489536983 ], [ 102.494637193019685, 61.567962111243659 ], [ 98.389922303042553, 61.729997913068772 ] ] } },
{ "type": "Feature", "properties": { "ConType": "Certain" }, "geometry": { "type": "LineString", "coordinates": [ [ 103.975004120555838, 64.381494356415843 ], [ 104.236800059624528, 63.928106396058709 ], [ 103.219438044263896, 63.648801451798505 ], [ 101.789914667273266, 64.203542961714348 ], [ 103.975004120555838, 64.381494356415843 ] ] } },
{ "type": "Feature", "properties": { "ConType": "Certain" }, "geometry": { "type": "LineString", "coordinates": [ [ 109.258878631744267, 68.903141126385066 ], [ 107.539638766400117, 69.38019941966914 ], [ 108.401611788325226, 68.899937060916017 ], [ 107.927575295030906, 68.054249221633683 ], [ 111.803406542438182, 66.184376990930446 ], [ 111.915998731369939, 64.616488422055937 ], [ 113.4610693731249, 63.793840045439431 ], [ 114.812723145768643, 64.673953533121377 ], [ 114.617865730036158, 65.987902069239226 ], [ 112.27986473053123, 66.422587515129237 ], [ 111.084972738281422, 67.562108488790557 ] ] } },
{ "type": "Feature", "properties": { "ConType": "Certain" }, "geometry": { "type": "LineString", "coordinates": [ [ 92.388258128259849, 68.355456142117177 ], [ 92.887943123092526, 67.747172623244836 ], [ 95.202395095527166, 68.068461549558265 ], [ 93.705731215540581, 68.419035857848883 ] ] } },
{ "type": "Feature", "properties": { "ConType": "Certain" }, "geometry": { "type": "LineString", "coordinates": [ [ 93.705731215540581, 68.419035857848883 ], [ 93.213736897916675, 69.203306502990372 ], [ 94.042337179500024, 69.78470843098971 ], [ 93.799988098768239, 70.894897517258684 ], [ 101.113154951972945, 70.517401573047863 ], [ 94.233796942975758, 71.693418401702772 ], [ 93.1348278767653, 73.081779810027626 ], [ 94.016098832191048, 73.397737900607538 ] ] } },
{ "type": "Feature", "properties": { "ConType": "Approx" }, "geometry": { "type": "LineString", "coordinates": [ [ 97.467213950943147, 73.389579389211548 ], [ 103.109906905601974, 71.754451640909949 ], [ 104.596471575055546, 72.198950250445705 ], [ 102.428376569708064, 73.097961118924459 ], [ 102.575722147868277, 73.810425938867112 ], [ 98.585538846631223, 73.830650511396925 ] ] } },
{ "type": "Feature", "properties": { "ConType": "Certain" }, "geometry": { "type": "LineString", "coordinates": [ [ 97.37645956656587, 74.123809867987035 ], [ 96.874283629969085, 73.755758064875195 ], [ 95.029671035463238, 74.009372978545002 ], [ 96.218710880852015, 74.36883624522018 ], [ 97.37645956656587, 74.123809867987035 ] ] } },
{ "type": "Feature", "properties": { "ConType": "Certain" }, "geometry": { "type": "LineString", "coordinates": [ [ 96.015345899286885, 74.701469603965606 ], [ 94.364840780296447, 75.675841198354789 ], [ 89.140388014225024, 74.824192088385942 ] ] } },
{ "type": "Feature", "properties": { "ConType": "Certain" }, "geometry": { "type": "LineString", "coordinates": [ [ 110.264270172374353, 76.256741344730798 ], [ 110.916026545715596, 75.9083137781125 ], [ 110.357979319294202, 75.426759085252115 ], [ 107.707980823877207, 75.760703159978604 ], [ 110.264270172374353, 76.256741344730798 ] ] } },
{ "type": "Feature", "properties": { "ConType": "Certain" }, "geometry": { "type": "LineString", "coordinates": [ [ 111.347625495598692, 78.859286772466561 ], [ 109.239206019989425, 78.349156731305925 ], [ 107.674375685073372, 78.581367433669243 ], [ 108.773607443232038, 78.885461828616286 ], [ 111.347625495598692, 78.859286772466561 ] ] } },
{ "type": "Feature", "properties": { "ConType": "Certain" }, "geometry": { "type": "LineString", "coordinates": [ [ 97.367272356178418, 79.928666901852779 ], [ 98.134616474639287, 79.582676147096194 ], [ 94.623750669546254, 79.133900341993808 ], [ 93.027727881066482, 79.963479242350573 ] ] } },
{ "type": "Feature", "properties": { "ConType": "Certain" }, "geometry": { "type": "LineString", "coordinates": [ [ 97.367272356178418, 79.928666901852779 ], [ 99.303688200030436, 80.291406577585974 ], [ 97.043853704781981, 80.969294848917286 ], [ 87.896067222748428, 80.977975340891888 ], [ 93.027727881066482, 79.963479242350573 ] ] } },
{ "type": "Feature", "properties": { "ConType": "Approx" }, "geometry": { "type": "LineString", "coordinates": [ [ 103.196942218754543, 83.123590960206315 ], [ 108.476529683881765, 82.647991183193724 ], [ 110.632833340483231, 81.941291788164676 ], [ 111.121598397532978, 80.808237359171329 ] ] } },
{ "type": "Feature", "properties": { "ConType": "Certain" }, "geometry": { "type": "LineString", "coordinates": [ [ 103.196942218754543, 83.123590960206315 ], [ 96.875376527011682, 82.595182355092561 ], [ 93.610028621354672, 83.093912379593974 ], [ 94.287708360320281, 83.490195700266526 ] ] } },
{ "type": "Feature", "properties": { "ConType": "Certain" }, "geometry": { "type": "LineString", "coordinates": [ [ 94.287708360320281, 83.490195700266526 ], [ 103.196942218754543, 83.123590960206315 ] ] } },
{ "type": "Feature", "properties": { "ConType": "Certain" }, "geometry": { "type": "LineString", "coordinates": [ [ 105.037345146511356, 84.293992505667987 ], [ 105.815455166346382, 84.012558007809716 ], [ 95.351610506644676, 84.172099837202936 ] ] } },
{ "type": "Feature", "properties": { "ConType": "Certain" }, "geometry": { "type": "LineString", "coordinates": [ [ 96.500498054118836, 84.69990802383569 ], [ 105.037345146511356, 84.293992505667987 ] ] } },
{ "type": "Feature", "properties": { "ConType": "Certain" }, "geometry": { "type": "LineString", "coordinates": [ [ 94.957131214855281, 84.524725557990195 ], [ 87.027647353846717, 84.893162770360448 ] ] } },
{ "type": "Feature", "properties": { "ConType": "Certain" }, "geometry": { "type": "LineString", "coordinates": [ [ 87.027647353846717, 84.893162770360448 ], [ 94.05318164409249, 85.307473706463142 ], [ 96.500498054118836, 84.69990802383569 ] ] } },
{ "type": "Feature", "properties": { "ConType": "Certain" }, "geometry": { "type": "LineString", "coordinates": [ [ 124.430761826208411, 46.609177657836007 ], [ 122.96525199373923, 44.797131692221335 ], [ 119.44965886801721, 45.274853174095036 ] ] } },
{ "type": "Feature", "properties": { "ConType": "Certain" }, "geometry": { "type": "LineString", "coordinates": [ [ 122.345042233375096, 46.220353694287112 ], [ 122.930265882865541, 46.965610563462171 ], [ 121.314371055459674, 47.913323428235636 ], [ 119.784033874676268, 47.105550119634053 ], [ 121.50355108074578, 45.79331116373325 ], [ 122.345042233375096, 46.220353694287112 ] ] } },
{ "type": "Feature", "properties": { "ConType": "Certain" }, "geometry": { "type": "LineString", "coordinates": [ [ 114.986841609795491, 48.393832227434686 ], [ 113.05586694238643, 49.731169544478099 ], [ 111.609026181509961, 48.594069108091659 ] ] } },
{ "type": "Feature", "properties": { "ConType": "Certain" }, "geometry": { "type": "LineString", "coordinates": [ [ 119.068901321819268, 57.03645596241897 ], [ 117.965544076263853, 57.539682007250974 ], [ 118.774830499325361, 58.512734126732518 ], [ 120.117402752409134, 58.085452737348788 ], [ 119.431582042985241, 57.142874239253892 ] ] } },
{ "type": "Feature", "properties": { "ConType": "Certain" }, "geometry": { "type": "LineString", "coordinates": [ [ 121.232445672371995, 62.285301666264488 ], [ 121.638604148520827, 61.807670497629999 ], [ 120.867245213151605, 61.270156780576528 ], [ 118.918426702881149, 61.87440784596695 ], [ 121.232445672371995, 62.285301666264488 ] ] } },
{ "type": "Feature", "properties": { "ConType": "Certain" }, "geometry": { "type": "LineString", "coordinates": [ [ 122.764783568747532, 66.724451500208872 ], [ 119.565633536080227, 66.319342380399448 ], [ 111.084972738281422, 67.562108488790557 ] ] } },
{ "type": "Feature", "properties": { "ConType": "Approx" }, "geometry": { "type": "LineString", "coordinates": [ [ 132.093606041963227, 47.885408564338341 ], [ 129.98632040544237, 48.72507457564172 ], [ 129.672205412647401, 47.089058980198438 ], [ 132.342201757626498, 45.203468489694323 ], [ 128.716049081158758, 42.547910133719597 ] ] } },
{ "type": "Feature", "properties": { "ConType": "Certain" }, "geometry": { "type": "LineString", "coordinates": [ [ 127.110474884409484, 50.79957312280429 ], [ 125.404095210783694, 51.323896255888478 ], [ 125.484369044840705, 52.377926570907569 ], [ 127.442352508723232, 52.304633073688009 ], [ 127.374264841261677, 51.202280720388053 ] ] } },
{ "type": "Feature", "properties": { "ConType": "Certain" }, "geometry": { "type": "LineString", "coordinates": [ [ 134.088810007017713, 52.120891058967793 ], [ 135.332067449637805, 52.551006234816349 ], [ 134.707866748354945, 54.169915992918263 ], [ 132.660738801353318, 54.449865865912479 ], [ 131.544875975289983, 53.641836645616095 ] ] } },
{ "type": "Feature", "properties": { "ConType": "Certain" }, "geometry": { "type": "LineString", "coordinates": [ [ 124.994181460286626, 53.8510037564822 ], [ 125.468708677719064, 55.412812334279849 ], [ 123.828759476710076, 55.507554074879572 ], [ 123.838206856237463, 54.174196700629814 ], [ 124.994181460286626, 53.8510037564822 ] ] } },
{ "type": "Feature", "properties": { "ConType": "Certain" }, "geometry": { "type": "LineString", "coordinates": [ [ 130.682786271007785, 55.570944985617096 ], [ 133.243708188071281, 56.231395358675186 ], [ 133.465153991588124, 57.203660084954258 ], [ 131.981699291800879, 57.649693323722893 ] ] } },
{ "type": "Feature", "properties": { "ConType": "Certain" }, "geometry": { "type": "LineString", "coordinates": [ [ 135.826889868338924, 58.639252629679497 ], [ 133.04811810923627, 58.285957022493932 ], [ 134.069241648254575, 57.536151648682342 ], [ 135.993799508243683, 58.111591893771568 ] ] } },
{ "type": "Feature", "properties": { "ConType": "Certain" }, "geometry": { "type": "LineString", "coordinates": [ [ 132.193205728599281, 59.645566581573739 ], [ 133.407375923680291, 59.44349349880779 ], [ 134.114884823584475, 60.054495055062112 ], [ 131.424648581251859, 60.449583801273306 ], [ 132.193205728599281, 59.645566581573739 ] ] } },
{ "type": "Feature", "properties": { "ConType": "Certain" }, "geometry": { "type": "LineString", "coordinates": [ [ 132.64942101835112, 61.137242120961929 ], [ 134.747552890656749, 60.470858320446688 ], [ 134.957555196171398, 59.680349505797032 ], [ 132.13943734953844, 58.263900749336614 ], [ 130.086648009663037, 58.762206922257619 ] ] } },
{ "type": "Feature", "properties": { "ConType": "Certain" }, "geometry": { "type": "LineString", "coordinates": [ [ 126.834354683874821, 59.507141307278943 ], [ 128.446342921199346, 59.507316274752036 ], [ 129.298789611239698, 61.105306751470934 ], [ 125.947916334417442, 61.929822227178015 ] ] } },
{ "type": "Feature", "properties": { "ConType": "Approx" }, "geometry": { "type": "LineString", "coordinates": [ [ 132.526410449010115, 62.447719906040447 ], [ 134.584214010529024, 62.96952485103094 ], [ 134.31499184721892, 65.354161468969167 ], [ 135.21188988848354, 66.184263566788601 ] ] } },
{ "type": "Feature", "properties": { "ConType": "Approx" }, "geometry": { "type": "LineString", "coordinates": [ [ 126.825743234402765, 63.097494001725764 ], [ 126.808633386950476, 64.263003779031024 ], [ 129.303124917139655, 65.976938112573833 ], [ 127.6868801646809, 66.605907106211518 ] ] } },
{ "type": "Feature", "properties": { "ConType": "Approx" }, "geometry": { "type": "LineString", "coordinates": [ [ 132.814743373232034, 69.091582341490678 ], [ 133.564684761037569, 67.896793111632135 ], [ 130.875872088310359, 68.178838066439937 ], [ 130.805558212364105, 68.610988320838061 ], [ 132.814743373232034, 69.091582341490678 ] ] } },
{ "type": "Feature", "properties": { "ConType": "Certain" }, "geometry": { "type": "LineString", "coordinates": [ [ 111.769491797345196, 70.022940559001782 ], [ 112.615403971996315, 68.641148678687941 ], [ 121.810638271631646, 67.502746245673549 ] ] } },
{ "type": "Feature", "properties": { "ConType": "Approx" }, "geometry": { "type": "LineString", "coordinates": [ [ 124.427005262424856, 68.865142653792716 ], [ 125.760828630695826, 70.195215074414136 ], [ 122.820479686636133, 71.11974584716387 ] ] } },
{ "type": "Feature", "properties": { "ConType": "Certain" }, "geometry": { "type": "LineString", "coordinates": [ [ 119.298995757374854, 69.880342230007216 ], [ 118.725756225566528, 70.443519931716565 ], [ 120.12201761185058, 71.281346789390128 ], [ 117.645101840690145, 71.587672342802691 ], [ 115.934273997646613, 70.209936007086696 ], [ 116.315854144238344, 68.751889004312602 ], [ 118.916604839557095, 68.675629011018486 ] ] } },
{ "type": "Feature", "properties": { "ConType": "Approx" }, "geometry": { "type": "LineString", "coordinates": [ [ 122.820479686636133, 71.11974584716387 ], [ 120.520040974413675, 71.574355456826979 ], [ 122.121219469562149, 72.207096672148595 ], [ 127.708205364269816, 71.692804280910053 ] ] } },
{ "type": "Feature", "properties": { "ConType": "Certain" }, "geometry": { "type": "LineString", "coordinates": [ [ 132.500364659578821, 72.170218774938746 ], [ 133.481159102936715, 71.65394411593762 ], [ 130.047208030792888, 71.546582688045831 ], [ 131.78569007392548, 72.226483002873181 ] ] } },
{ "type": "Feature", "properties": { "ConType": "Certain" }, "geometry": { "type": "LineString", "coordinates": [ [ 116.322311649667725, 72.431189188475159 ], [ 111.769491797345196, 70.022940559001782 ] ] } },
{ "type": "Feature", "properties": { "ConType": "Approx" }, "geometry": { "type": "LineString", "coordinates": [ [ 127.6868801646809, 66.605907106211518 ], [ 130.107012837142918, 67.622274043535683 ], [ 134.592631058659634, 67.905053039921597 ], [ 134.750398994362001, 68.702323271008808 ], [ 133.493343594255521, 69.787483981805295 ], [ 134.978300123469978, 70.772281993314508 ], [ 135.33129867245205, 72.011364112356219 ], [ 133.480364635977651, 72.789064916196779 ] ] } },
{ "type": "Feature", "properties": { "ConType": "Certain" }, "geometry": { "type": "LineString", "coordinates": [ [ 127.708205364269816, 71.692804280910053 ], [ 122.074157203023731, 72.920140049531469 ], [ 116.322311649667725, 72.431189188475159 ] ] } },
{ "type": "Feature", "properties": { "ConType": "Certain" }, "geometry": { "type": "LineString", "coordinates": [ [ 127.820701343516305, 73.77028923619487 ], [ 132.843345700740997, 72.984782513922198 ] ] } },
{ "type": "Feature", "properties": { "ConType": "Certain" }, "geometry": { "type": "LineString", "coordinates": [ [ 123.844549714045371, 74.982188811471801 ], [ 118.218425690357975, 74.049892857872763 ], [ 127.820701343516305, 73.77028923619487 ] ] } },
{ "type": "Feature", "properties": { "ConType": "Internal" }, "geometry": { "type": "LineString", "coordinates": [ [ 123.844549714045371, 74.982188811471801 ], [ 128.499792694305853, 74.465947077592247 ], [ 127.820701343516305, 73.77028923619487 ] ] } },
{ "type": "Feature", "properties": { "ConType": "Certain" }, "geometry": { "type": "LineString", "coordinates": [ [ 119.727038213714494, 74.49911933876821 ], [ 118.461133610065232, 75.203432157149635 ], [ 120.716838311005077, 75.853861229930857 ], [ 121.692352767232208, 75.073387922431451 ] ] } },
{ "type": "Feature", "properties": { "ConType": "Approx" }, "geometry": { "type": "LineString", "coordinates": [ [ 133.211740566207538, 73.153088569440882 ], [ 128.486097901540859, 74.786792543674125 ], [ 129.150869901271648, 75.986580858326377 ], [ 128.672668554877845, 76.395920955194939 ], [ 125.386870122108007, 76.729645169651803 ] ] } },
{ "type": "Feature", "properties": { "ConType": "Approx" }, "geometry": { "type": "LineString", "coordinates": [ [ 120.88669914524516, 76.736935376601494 ], [ 119.113133287655444, 75.957305491733223 ], [ 114.44066232985648, 76.50895058919177 ], [ 112.335562579758829, 75.288873642465745 ], [ 116.742326101298275, 74.40401838654283 ] ] } },
{ "type": "Feature", "properties": { "ConType": "Certain" }, "geometry": { "type": "LineString", "coordinates": [ [ 126.821936550827687, 77.863065860942839 ], [ 129.107938883366586, 76.826540686107009 ], [ 132.439933105203494, 77.523343503224865 ] ] } },
{ "type": "Feature", "properties": { "ConType": "Certain" }, "geometry": { "type": "LineString", "coordinates": [ [ 129.614775033891704, 78.271189383802124 ], [ 133.640838572133646, 78.348806057655068 ], [ 132.055316546120622, 77.883826439546269 ] ] } },
{ "type": "Feature", "properties": { "ConType": "Certain" }, "geometry": { "type": "LineString", "coordinates": [ [ 132.439933105203494, 77.523343503224865 ], [ 135.887237345593348, 78.13378924358932 ], [ 133.191823195879039, 79.078913558650996 ], [ 127.985000308845429, 78.875577871342216 ] ] } },
{ "type": "Feature", "properties": { "ConType": "Certain" }, "geometry": { "type": "LineString", "coordinates": [ [ 127.985000308845429, 78.875577871342216 ], [ 121.97451359643884, 79.301734091523869 ] ] } },
{ "type": "Feature", "properties": { "ConType": "Certain" }, "geometry": { "type": "LineString", "coordinates": [ [ 112.997610648959366, 79.71508615930918 ], [ 114.85276295941118, 79.367422802439336 ], [ 110.872634675041809, 79.310578506677501 ], [ 111.448307687945345, 79.547780177976719 ], [ 112.997610648959366, 79.71508615930918 ] ] } },
{ "type": "Feature", "properties": { "ConType": "Certain" }, "geometry": { "type": "LineString", "coordinates": [ [ 125.143194677388166, 80.081660807048195 ], [ 135.482387441863011, 80.286207956793902 ] ] } },
{ "type": "Feature", "properties": { "ConType": "Approx" }, "geometry": { "type": "LineString", "coordinates": [ [ 111.121598397532978, 80.808237359171329 ], [ 115.996918552863292, 79.526174890604565 ] ] } },
{ "type": "Feature", "properties": { "ConType": "Certain" }, "geometry": { "type": "LineString", "coordinates": [ [ 116.427657409793767, 80.838305385535406 ], [ 111.121598397532978, 80.808237359171329 ] ] } },
{ "type": "Feature", "properties": { "ConType": "Certain" }, "geometry": { "type": "LineString", "coordinates": [ [ 124.428604762457724, 81.421846978152672 ], [ 117.62533188151302, 81.215188435730894 ] ] } },
{ "type": "Feature", "properties": { "ConType": "Certain" }, "geometry": { "type": "LineString", "coordinates": [ [ 128.486014279514734, 81.361544077107013 ], [ 133.456142395040303, 80.676579302124296 ], [ 137.583100856079568, 81.520049111437672 ], [ 132.100941758395891, 82.196750943952125 ], [ 128.486014279514734, 81.361544077107013 ] ] } },
{ "type": "Feature", "properties": { "ConType": "Certain" }, "geometry": { "type": "LineString", "coordinates": [ [ 120.321521713982449, 82.556431419474848 ], [ 123.846082084293087, 82.343852419798537 ], [ 124.706341509294631, 82.19932717312561 ], [ 117.50569882483363, 82.050035299481095 ], [ 120.321521713982449, 82.556431419474848 ] ] } },
{ "type": "Feature", "properties": { "ConType": "Certain" }, "geometry": { "type": "LineString", "coordinates": [ [ 135.528859704336895, 82.662088151174544 ], [ 126.492140681963704, 82.451524753308206 ] ] } },
{ "type": "Feature", "properties": { "ConType": "Certain" }, "geometry": { "type": "LineString", "coordinates": [ [ 121.223475456475796, 82.924209901865709 ], [ 127.035185776574593, 82.177769815813292 ] ] } },
{ "type": "Feature", "properties": { "ConType": "Certain" }, "geometry": { "type": "LineString", "coordinates": [ [ 117.62533188151302, 81.215188435730894 ], [ 113.158169806568921, 82.123958872194734 ], [ 121.223475456475796, 82.924209901865709 ] ] } },
{ "type": "Feature", "properties": { "ConType": "Approx" }, "geometry": { "type": "LineString", "coordinates": [ [ 123.657174317839988, 83.005490300156964 ], [ 133.966495475538864, 83.781346660714775 ] ] } },
{ "type": "Feature", "properties": { "ConType": "Approx" }, "geometry": { "type": "LineString", "coordinates": [ [ 105.037345146511356, 84.293992505667987 ], [ 122.466857614865958, 83.04486697467668 ] ] } },
{ "type": "Feature", "properties": { "ConType": "Certain" }, "geometry": { "type": "LineString", "coordinates": [ [ 132.333888454628209, 86.277771935004807 ], [ 130.101091723628457, 85.991396172480748 ], [ 134.36643380129658, 85.446564619604516 ] ] } },
{ "type": "Feature", "properties": { "ConType": "Certain" }, "geometry": { "type": "LineString", "coordinates": [ [ 126.438749101635253, 85.948803224078475 ], [ 127.855907693905266, 85.624470422378295 ], [ 106.451411547493549, 85.019837298282695 ], [ 98.150262315002038, 86.208930742629931 ], [ 116.51054629788969, 86.942472890475344 ], [ 126.438749101635253, 85.948803224078475 ] ] } },
{ "type": "Feature", "properties": { "ConType": "Certain" }, "geometry": { "type": "LineString", "coordinates": [ [ 132.333888454628209, 86.277771935004807 ], [ 124.211066175602014, 86.953140926674365 ], [ 126.599752979231539, 87.182556964239254 ] ] } },
{ "type": "Feature", "properties": { "ConType": "Certain" }, "geometry": { "type": "LineString", "coordinates": [ [ 134.36643380129658, 85.446564619604516 ], [ 125.257005141988159, 84.543485450681544 ], [ 106.683554493491826, 84.62231505118956 ], [ 91.11059917705289, 86.502726776886902 ], [ 122.007614707825326, 87.29015212289957 ] ] } },
{ "type": "Feature", "properties": { "ConType": "Certain" }, "geometry": { "type": "LineString", "coordinates": [ [ 126.599752979231539, 87.182556964239254 ], [ 142.845000773739258, 86.682724353792281 ] ] } },
{ "type": "Feature", "properties": { "ConType": "Approx" }, "geometry": { "type": "LineString", "coordinates": [ [ 103.55860348792838, 88.819663042743827 ], [ 127.644074841989152, 87.81161164102086 ], [ 122.007614707825326, 87.29015212289957 ] ] } },
{ "type": "Feature", "properties": { "ConType": "Certain" }, "geometry": { "type": "LineString", "coordinates": [ [ 134.713634860966266, 3.676290952045313 ], [ 136.064630596166211, 4.098870661106583 ], [ 136.986079572257836, 3.000251559522435 ], [ 136.50944546363084, 1.797136079547473 ], [ 135.049138862262168, 1.377731619878268 ] ] } },
{ "type": "Feature", "properties": { "ConType": "Certain" }, "geometry": { "type": "LineString", "coordinates": [ [ 139.263508053412806, 4.346111094473375 ], [ 138.188909915535248, 2.936201028402589 ], [ 137.250468737302612, 4.361695655327963 ] ] } },
{ "type": "Feature", "properties": { "ConType": "Certain" }, "geometry": { "type": "LineString", "coordinates": [ [ 138.946363326148742, 5.840343742456604 ], [ 138.418553925929757, 4.685210803317251 ], [ 139.7220349643747, 7.996891910297588 ], [ 139.01774715971996, 6.083048763407678 ] ] } },
{ "type": "Feature", "properties": { "ConType": "Certain" }, "geometry": { "type": "LineString", "coordinates": [ [ 141.590984793707122, 11.769737374263469 ], [ 140.251065839116848, 12.098533508613443 ], [ 139.883691190729394, 10.900848477375055 ], [ 137.407417987086347, 10.59458635692665 ], [ 135.594684089574088, 9.037070843654508 ], [ 134.110983612196407, 5.260783797589696 ], [ 134.488075956546766, 4.428620535712674 ] ] } },
{ "type": "Feature", "properties": { "ConType": "Certain" }, "geometry": { "type": "LineString", "coordinates": [ [ 143.768444146860105, 2.091478501316653 ], [ 144.403237477107325, 0.665290151576843 ], [ 143.507011211873902, -0.348589530910859 ], [ 142.260232746724796, 0.118234421653636 ], [ 142.389238547379449, 1.47458868411814 ] ] } },
{ "type": "Feature", "properties": { "ConType": "Certain" }, "geometry": { "type": "LineString", "coordinates": [ [ 147.885821839417673, 3.094458069028888 ], [ 147.44203873459017, 1.677894813347522 ], [ 145.418045351882682, 1.083455315473151 ], [ 144.324384907501553, -1.019315562682155 ], [ 141.799179004165211, -1.22637817984597 ] ] } },
{ "type": "Feature", "properties": { "ConType": "Certain" }, "geometry": { "type": "LineString", "coordinates": [ [ 145.671536288487033, 3.89649193599339 ], [ 145.782248869816016, 4.975740483473698 ], [ 146.901421287286468, 4.093025647362361 ], [ 147.115114962601467, 4.705280270954813 ], [ 145.339016172505097, 5.369118254503257 ], [ 145.208401097172072, 4.071699158338071 ] ] } },
{ "type": "Feature", "properties": { "ConType": "Certain" }, "geometry": { "type": "LineString", "coordinates": [ [ 142.717684641253953, 3.722998653542303 ], [ 143.531985645417876, 4.054369249451046 ], [ 141.7944644888494, 5.832852001048655 ], [ 140.89147215399862, 4.346399182691783 ], [ 139.263508053412806, 4.346111094473375 ] ] } },
{ "type": "Feature", "properties": { "ConType": "Certain" }, "geometry": { "type": "LineString", "coordinates": [ [ 141.781824701535669, 8.298608253380632 ], [ 142.65320969792964, 8.823964659489134 ], [ 143.273748725998701, 7.647284038749289 ], [ 141.968601545808468, 7.233786686886281 ], [ 141.781824701535669, 8.298608253380632 ] ] } },
{ "type": "Feature", "properties": { "ConType": "Certain" }, "geometry": { "type": "LineString", "coordinates": [ [ 144.967583433627027, 6.062771901141486 ], [ 144.833690452039946, 7.666338968099713 ], [ 141.816953534105295, 9.57302364150422 ], [ 138.375292687258877, 8.688558566739903 ] ] } },
{ "type": "Feature", "properties": { "ConType": "Certain" }, "geometry": { "type": "LineString", "coordinates": [ [ 141.731856018035842, 12.410316872514759 ], [ 142.564540330515086, 11.777401665865447 ], [ 143.439289823198948, 12.398418273087151 ], [ 142.464570704547043, 13.1744079170699 ], [ 141.731856018035842, 12.410316872514759 ] ] } },
{ "type": "Feature", "properties": { "ConType": "Certain" }, "geometry": { "type": "LineString", "coordinates": [ [ 135.015246063952503, 19.738989047309019 ], [ 134.337262902051378, 18.840422410744345 ], [ 134.871564695005503, 18.190455156983901 ], [ 135.948611407956832, 19.111955743467455 ], [ 135.015246063952503, 19.738989047309019 ] ] } },
{ "type": "Feature", "properties": { "ConType": "Certain" }, "geometry": { "type": "LineString", "coordinates": [ [ 144.699303250658858, 21.942087288946478 ], [ 143.912180443774332, 21.359459483876162 ], [ 145.962348354985352, 20.840338965206051 ], [ 146.661023165112113, 21.704277132775314 ] ] } },
{ "type": "Feature", "properties": { "ConType": "Certain" }, "geometry": { "type": "LineString", "coordinates": [ [ 140.678458278234615, 23.701310582343361 ], [ 141.516937537431176, 22.218469409746877 ], [ 140.514646412773857, 21.514810133923341 ], [ 141.188138336137825, 21.055187216104198 ], [ 141.780151423375798, 21.609246215686898 ], [ 143.206745074634966, 19.925680132588681 ], [ 148.735361436449949, 21.107835652957949 ] ] } },
{ "type": "Feature", "properties": { "ConType": "Certain" }, "geometry": { "type": "LineString", "coordinates": [ [ 155.210714586859837, 2.274903456745404 ], [ 154.256188619407737, 1.818718397821868 ], [ 154.227550115157612, 0.509473527295208 ], [ 156.116883035123294, 0.226747720941947 ], [ 156.246119885444358, 1.430933405876015 ] ] } },
{ "type": "Feature", "properties": { "ConType": "Certain" }, "geometry": { "type": "LineString", "coordinates": [ [ 154.844875035991294, 3.060237338618649 ], [ 152.587527630689834, 2.353470269669304 ], [ 150.269967700239988, 0.225488661521874 ], [ 150.069477315273843, -0.988435535016928 ], [ 148.429414423002129, -1.809826412067372 ] ] } },
{ "type": "Feature", "properties": { "ConType": "Certain" }, "geometry": { "type": "LineString", "coordinates": [ [ 154.70830318155987, 4.0752336391425 ], [ 156.336133560114888, 4.749756012623714 ], [ 156.246119885444358, 1.430933405876015 ] ] } },
{ "type": "Feature", "properties": { "ConType": "Certain" }, "geometry": { "type": "LineString", "coordinates": [ [ 152.947292348222902, 4.494198932300947 ], [ 151.352107877397515, 3.832393339604382 ], [ 150.868761179391271, 5.14935043509063 ], [ 152.396908648316554, 5.609461059571261 ] ] } },
{ "type": "Feature", "properties": { "ConType": "Certain" }, "geometry": { "type": "LineString", "coordinates": [ [ 147.885821839417673, 3.094458069028888 ], [ 148.502338376624294, 5.320342747202389 ], [ 146.228141250139231, 6.504823027171567 ] ] } },
{ "type": "Feature", "properties": { "ConType": "Approx" }, "geometry": { "type": "LineString", "coordinates": [ [ 153.997452609360806, 7.744258372352559 ], [ 152.22124742271015, 8.515732990848846 ], [ 153.285415628024936, 9.878231399570081 ], [ 152.493868587072456, 13.872542625269574 ], [ 147.974941450614949, 14.238105547735158 ], [ 147.776623335502933, 15.534214706197401 ], [ 146.812057112084972, 15.459146358928392 ], [ 147.281891477375126, 16.696487736948367 ], [ 146.72841154968765, 17.041506597122471 ], [ 145.529636563034131, 16.191442711059558 ], [ 142.790963328104851, 17.141680204507921 ], [ 140.722788138926063, 16.263258568131395 ] ] } },
{ "type": "Feature", "properties": { "ConType": "Certain" }, "geometry": { "type": "LineString", "coordinates": [ [ 144.301791737867717, 18.439791404273347 ], [ 145.007013228925899, 18.807838768561677 ], [ 148.259572926994508, 17.1166492831426 ], [ 151.057309091149961, 19.802963683121533 ] ] } },
{ "type": "Feature", "properties": { "ConType": "Certain" }, "geometry": { "type": "LineString", "coordinates": [ [ 153.194026237959633, 15.012283195377417 ], [ 154.854863305617329, 15.074096150535139 ], [ 154.878405357864665, 13.350090327670458 ], [ 153.279680714251697, 13.222112467515888 ], [ 152.698030340750904, 14.409926805186009 ], [ 153.194026237959633, 15.012283195377417 ] ] } },
{ "type": "Feature", "properties": { "ConType": "Internal" }, "geometry": { "type": "LineString", "coordinates": [ [ 157.062522824226619, 17.699492687739628 ], [ 155.674303006456256, 15.879696275795226 ], [ 154.777858064859316, 15.68918159588047 ], [ 156.32364466641738, 18.019213789279878 ], [ 157.165872495557949, 18.348033298355592 ], [ 157.062522824226619, 17.699492687739628 ] ] } },
{ "type": "Feature", "properties": { "ConType": "Certain" }, "geometry": { "type": "LineString", "coordinates": [ [ 153.982016073046282, 22.384408127916764 ], [ 152.621128548324236, 20.825462495630948 ], [ 150.098566927327312, 20.159006628540975 ], [ 152.278346891462121, 22.955516216494203 ] ] } },
{ "type": "Feature", "properties": { "ConType": "Certain" }, "geometry": { "type": "LineString", "coordinates": [ [ 140.662246722020512, 30.200324901125622 ], [ 138.549081599970947, 25.164526951226659 ], [ 137.779564374017696, 25.337869000389333 ] ] } },
{ "type": "Feature", "properties": { "ConType": "Certain" }, "geometry": { "type": "LineString", "coordinates": [ [ 138.968068592578533, 33.246458145242272 ], [ 135.701310750374205, 34.043041648124685 ], [ 136.144352090202574, 33.041970909720241 ], [ 138.915637717435686, 32.965929945653031 ] ] } },
{ "type": "Feature", "properties": { "ConType": "Approx" }, "geometry": { "type": "LineString", "coordinates": [ [ 137.779564374017696, 25.337869000389333 ], [ 137.571243188804289, 28.848930149991382 ], [ 138.553553747609755, 31.021983268406757 ], [ 142.608354090584982, 34.56240450808945 ] ] } },
{ "type": "Feature", "properties": { "ConType": "Certain" }, "geometry": { "type": "LineString", "coordinates": [ [ 143.365029097767831, 27.619224026544583 ], [ 141.783150979781254, 26.406382767726733 ], [ 142.268370155571347, 23.858452452662711 ] ] } },
{ "type": "Feature", "properties": { "ConType": "Certain" }, "geometry": { "type": "LineString", "coordinates": [ [ 143.918229376277907, 26.430028822333849 ], [ 145.351855380394511, 28.489000358351081 ], [ 146.298613812376203, 28.477424170525858 ], [ 146.157407446981011, 29.217532584869378 ] ] } },
{ "type": "Feature", "properties": { "ConType": "Certain" }, "geometry": { "type": "LineString", "coordinates": [ [ 142.353771454035325, 29.603918427334484 ], [ 143.179426586129836, 29.210921062818027 ], [ 145.603764783318439, 31.018962309353135 ], [ 146.559367056638536, 30.348226532616465 ], [ 146.248941652838056, 31.32392149989942 ], [ 147.544497129079701, 31.514386247996661 ] ] } },
{ "type": "Feature", "properties": { "ConType": "Certain" }, "geometry": { "type": "LineString", "coordinates": [ [ 147.544497129079701, 31.514386247996661 ], [ 144.350393481388295, 30.648860877848318 ], [ 143.684530368718555, 31.122479791956245 ], [ 142.353771454035325, 29.603918427334484 ] ] } },
{ "type": "Feature", "properties": { "ConType": "Certain" }, "geometry": { "type": "LineString", "coordinates": [ [ 143.532608990125397, 31.874288786711791 ], [ 143.388434934856122, 32.838899840268233 ], [ 143.957834439148655, 33.293247961675945 ], [ 144.45434466936419, 32.666573777121911 ], [ 144.536852016507737, 33.461259392759189 ], [ 144.016494339031794, 33.814112245439958 ], [ 143.083099971189768, 32.94049265428481 ], [ 142.099197592901135, 33.770490182524831 ], [ 141.837695506585391, 32.734954307999814 ], [ 143.333786379309942, 31.682880336826983 ] ] } },
{ "type": "Feature", "properties": { "ConType": "Certain" }, "geometry": { "type": "LineString", "coordinates": [ [ 140.217199452796166, 35.755313530147632 ], [ 136.609172807664379, 37.662138735516464 ], [ 134.735413575744246, 37.828795105255061 ] ] } },
{ "type": "Feature", "properties": { "ConType": "Certain" }, "geometry": { "type": "LineString", "coordinates": [ [ 136.972778766299484, 36.489802413746155 ], [ 133.237593639467406, 38.09776027849346 ], [ 134.735413575744246, 37.828795105255061 ] ] } },
{ "type": "Feature", "properties": { "ConType": "Certain" }, "geometry": { "type": "LineString", "coordinates": [ [ 136.889619654106099, 43.113749437754258 ], [ 137.182640018799191, 42.618497811863996 ], [ 137.94083238139811, 43.02996091951794 ], [ 137.965811534077631, 43.812402739703636 ], [ 136.927765788481793, 44.244946763254354 ], [ 136.889619654106099, 43.113749437754258 ] ] } },
{ "type": "Feature", "properties": { "ConType": "Certain" }, "geometry": { "type": "LineString", "coordinates": [ [ 136.251924101684608, 45.329027636251155 ], [ 139.049508805004137, 44.699978935062497 ], [ 139.599484469524356, 43.483857026230432 ], [ 138.834579985832193, 42.00809790416583 ], [ 135.168571954230657, 42.020015333966469 ], [ 134.372625758892752, 42.895459654223998 ], [ 134.683859302283906, 44.348689699176582 ] ] } },
{ "type": "Feature", "properties": { "ConType": "Approx" }, "geometry": { "type": "LineString", "coordinates": [ [ 140.921448069828699, 37.630672878787124 ], [ 142.513725282756582, 37.751806003874606 ], [ 142.598836174656725, 39.056372855712169 ], [ 140.258707794796464, 38.871932039583029 ] ] } },
{ "type": "Feature", "properties": { "ConType": "Certain" }, "geometry": { "type": "LineString", "coordinates": [ [ 140.258707794796464, 38.871932039583029 ], [ 141.957306768179677, 39.928188447664247 ], [ 143.329240331525938, 38.925024949089433 ], [ 143.145086093228059, 37.382687841025231 ], [ 141.973281803696011, 36.953483392375809 ], [ 140.921448069828699, 37.630672878787124 ] ] } },
{ "type": "Feature", "properties": { "ConType": "Certain" }, "geometry": { "type": "LineString", "coordinates": [ [ 149.490400255701417, 23.632753349355525 ], [ 147.228561499738078, 22.79373812036097 ], [ 145.234839181644446, 23.200577006151612 ], [ 143.275992294042794, 25.221717010232112 ], [ 143.918229376277907, 26.430028822333849 ] ] } },
{ "type": "Feature", "properties": { "ConType": "Certain" }, "geometry": { "type": "LineString", "coordinates": [ [ 149.180927708349714, 24.62238349510951 ], [ 147.265072109037959, 25.027615800515107 ], [ 148.267133648247039, 25.552914894355151 ], [ 147.717651580238851, 26.515463827495303 ], [ 146.621186373230529, 25.585340328426479 ], [ 145.957020599386482, 26.078014887504956 ], [ 146.028457675755021, 24.868170856853823 ], [ 145.437890464364699, 24.807924014916946 ], [ 143.918229376277907, 26.430028822333849 ] ] } },
{ "type": "Feature", "properties": { "ConType": "Certain" }, "geometry": { "type": "LineString", "coordinates": [ [ 152.602391509307978, 27.592679110209772 ], [ 149.180927708349714, 24.62238349510951 ] ] } },
{ "type": "Feature", "properties": { "ConType": "Certain" }, "geometry": { "type": "LineString", "coordinates": [ [ 146.06369148023424, 26.949424627206945 ], [ 146.755369837230603, 28.313382805359353 ], [ 147.392472199923816, 28.099826407091339 ], [ 146.601566984486283, 26.568432680789332 ], [ 146.06369148023424, 26.949424627206945 ] ] } },
{ "type": "Feature", "properties": { "ConType": "Certain" }, "geometry": { "type": "LineString", "coordinates": [ [ 150.23481122890388, 27.903406129757588 ], [ 150.724607072445366, 27.150898861239281 ], [ 148.072298997149431, 26.836142346325985 ], [ 149.121315657744645, 28.440013258336673 ], [ 147.717563568856093, 28.192896083117393 ], [ 149.141811275521235, 29.933413986375442 ], [ 150.295968356136228, 29.127235415799984 ] ] } },
{ "type": "Feature", "properties": { "ConType": "Certain" }, "geometry": { "type": "LineString", "coordinates": [ [ 146.157407446981011, 29.217532584869378 ], [ 148.346865777651715, 29.947534141108058 ], [ 148.269475015510437, 31.283268511929514 ] ] } },
{ "type": "Feature", "properties": { "ConType": "Certain" }, "geometry": { "type": "LineString", "coordinates": [ [ 149.508698550323885, 33.584980553103399 ], [ 148.560252372783566, 33.652989558412976 ], [ 147.730245534886251, 32.534709120213307 ], [ 146.478502074184433, 33.339632150109146 ], [ 143.532608990125397, 31.874288786711791 ] ] } },
{ "type": "Feature", "properties": { "ConType": "Certain" }, "geometry": { "type": "LineString", "coordinates": [ [ 151.139819439281126, 24.888557588245739 ], [ 152.503363082105977, 25.902799236012548 ], [ 153.552768584957562, 24.800570493723512 ], [ 152.172504609685632, 23.425189738739874 ], [ 151.139819439281126, 24.888557588245739 ] ] } },
{ "type": "Feature", "properties": { "ConType": "Certain" }, "geometry": { "type": "LineString", "coordinates": [ [ 151.233178760081785, 23.628043421263737 ], [ 151.023114076895354, 25.993087560412867 ], [ 152.73225643336545, 26.374359825458903 ], [ 153.776633959497246, 25.400323609576972 ], [ 153.795762548254316, 23.955875991245282 ], [ 152.278346891462121, 22.955516216494203 ] ] } },
{ "type": "Feature", "properties": { "ConType": "Certain" }, "geometry": { "type": "LineString", "coordinates": [ [ 153.982016073046282, 22.384408127916764 ], [ 155.002100472274321, 22.593545001359011 ], [ 154.758635086796318, 25.19562946420124 ], [ 155.861299697807482, 26.917631158262559 ], [ 153.966682424438972, 26.536255939553538 ] ] } },
{ "type": "Feature", "properties": { "ConType": "Certain" }, "geometry": { "type": "LineString", "coordinates": [ [ 155.875990864639931, 28.112135323974833 ], [ 156.425515329018737, 24.022281047805144 ], [ 154.249394917619583, 20.344651803670331 ] ] } },
{ "type": "Feature", "properties": { "ConType": "Approx" }, "geometry": { "type": "LineString", "coordinates": [ [ 154.889431230511406, 31.939796775512992 ], [ 153.932492449205398, 32.065664697316265 ], [ 152.91867956012851, 30.980143927362509 ], [ 152.296831873898441, 32.874021968433581 ] ] } },
{ "type": "Feature", "properties": { "ConType": "Certain" }, "geometry": { "type": "LineString", "coordinates": [ [ 149.87188776741084, 34.988645184637726 ], [ 151.610958558150429, 36.258221064661207 ], [ 152.725477940978408, 34.274504781380905 ] ] } },
{ "type": "Feature", "properties": { "ConType": "Approx" }, "geometry": { "type": "LineString", "coordinates": [ [ 142.892948763643517, 34.821987670566486 ], [ 144.90217165121328, 37.096256708630214 ], [ 148.928950783203817, 35.7112061448722 ], [ 150.017753136445918, 37.113334069566797 ], [ 151.831893699099254, 36.870040281221947 ], [ 152.769803267210477, 37.692945206006485 ], [ 154.338787720924074, 36.500087072124522 ], [ 155.693341941531855, 36.666609432924687 ] ] } },
{ "type": "Feature", "properties": { "ConType": "Certain" }, "geometry": { "type": "LineString", "coordinates": [ [ 149.892287040292842, 39.306213156801277 ], [ 148.755114167979286, 37.207697299881914 ], [ 146.047713318414338, 38.198241566259519 ] ] } },
{ "type": "Feature", "properties": { "ConType": "Certain" }, "geometry": { "type": "LineString", "coordinates": [ [ 145.023863151274639, 40.849769411149872 ], [ 145.954102056456293, 42.114673215099366 ], [ 147.928858076566428, 41.235156851407567 ], [ 147.111945909754212, 40.074861385772621 ], [ 146.786231364301642, 41.321772695740783 ], [ 146.314808757629038, 40.119416313941912 ], [ 145.023863151274639, 40.849769411149872 ] ] } },
{ "type": "Feature", "properties": { "ConType": "Certain" }, "geometry": { "type": "LineString", "coordinates": [ [ 151.745574873396009, 42.520326832788122 ], [ 149.22309321717762, 44.14001953867345 ], [ 148.77385886775852, 45.632852687610352 ], [ 149.333007070804598, 47.264932270102193 ] ] } },
{ "type": "Feature", "properties": { "ConType": "Approx" }, "geometry": { "type": "LineString", "coordinates": [ [ 155.400101162540693, 35.758128153162779 ], [ 154.663576138504624, 36.295259646621638 ], [ 153.988975960296472, 33.009923577007747 ], [ 152.725477940978408, 34.274504781380905 ] ] } },
{ "type": "Feature", "properties": { "ConType": "Certain" }, "geometry": { "type": "LineString", "coordinates": [ [ 155.54975498167758, 40.570014905749183 ], [ 155.699368036849307, 39.037350933928067 ], [ 153.9927584150185, 37.830813318913648 ], [ 151.903265911263389, 38.150028965094066 ], [ 150.438234426331547, 39.938316447891928 ] ] } },
{ "type": "Feature", "properties": { "ConType": "Approx" }, "geometry": { "type": "LineString", "coordinates": [ [ 158.430829591771555, 4.612074989860643 ], [ 156.701815763594908, 3.295627874300206 ], [ 157.059926049830068, 1.942188860275062 ], [ 158.282494182356572, 1.995472774400629 ], [ 159.030526925530467, -0.013263362866389 ], [ 160.838153709289401, -0.051374580256129 ] ] } },
{ "type": "Feature", "properties": { "ConType": "Certain" }, "geometry": { "type": "LineString", "coordinates": [ [ 161.052107339388073, 5.957303862311143 ], [ 162.511575253749982, 6.944200510650072 ], [ 163.834818343274975, 5.801411105281384 ], [ 163.050666906596575, 4.251382927571598 ], [ 161.2944081273032, 4.542953383221469 ] ] } },
{ "type": "Feature", "properties": { "ConType": "Certain" }, "geometry": { "type": "LineString", "coordinates": [ [ 159.913375665051035, 6.137648396259633 ], [ 160.99854030021595, 8.140260381762337 ], [ 163.861429436334049, 7.114841608273609 ] ] } },
{ "type": "Feature", "properties": { "ConType": "Certain" }, "geometry": { "type": "LineString", "coordinates": [ [ 158.700011917795109, 4.952517291110389 ], [ 159.102251044718429, 7.722220827336828 ], [ 161.009343915100715, 8.702473859545544 ] ] } },
{ "type": "Feature", "properties": { "ConType": "Certain" }, "geometry": { "type": "LineString", "coordinates": [ [ 168.214578674581588, 7.666645471169785 ], [ 169.451157541214258, 7.473970482480306 ], [ 169.169598377052779, 6.441801702902654 ], [ 168.157374672525862, 6.530627718574557 ], [ 168.214578674581588, 7.666645471169785 ] ] } },
{ "type": "Feature", "properties": { "ConType": "Certain" }, "geometry": { "type": "LineString", "coordinates": [ [ 163.654904464244765, 10.255755431046586 ], [ 164.859105319006488, 10.070369960068982 ], [ 163.343838369368683, 10.695873960606281 ], [ 163.140213188983523, 9.188411547627162 ], [ 164.537088211285379, 9.369067735791553 ] ] } },
{ "type": "Feature", "properties": { "ConType": "Certain" }, "geometry": { "type": "LineString", "coordinates": [ [ 166.177687736210544, 12.14449509862594 ], [ 166.825521386688536, 13.359621978888329 ], [ 165.920937459902035, 13.880365998896895 ], [ 165.095605794702266, 12.730163405445236 ], [ 166.177687736210544, 12.14449509862594 ] ] } },
{ "type": "Feature", "properties": { "ConType": "Certain" }, "geometry": { "type": "LineString", "coordinates": [ [ 165.976465176214646, 14.490879954018952 ], [ 167.587607412037386, 13.389466260187778 ], [ 167.072301847796155, 11.743526622849689 ], [ 165.952794467339771, 11.082784876975742 ] ] } },
{ "type": "Feature", "properties": { "ConType": "Certain" }, "geometry": { "type": "LineString", "coordinates": [ [ 162.441801440157349, 15.349214875323424 ], [ 164.020018072904037, 15.796163669253744 ], [ 164.590213650178697, 14.44383564723735 ], [ 163.509128504854743, 13.84749005392195 ], [ 162.441801440157349, 15.349214875323424 ] ] } },
{ "type": "Feature", "properties": { "ConType": "Internal" }, "geometry": { "type": "LineString", "coordinates": [ [ 164.611050097707164, 17.584678739039973 ], [ 165.001881566994967, 17.039180577767311 ], [ 164.264889038550592, 16.684446663158944 ], [ 162.559150342908026, 18.374848082626688 ], [ 164.113352950495454, 17.891252061907238 ] ] } },
{ "type": "Feature", "properties": { "ConType": "Internal" }, "geometry": { "type": "LineString", "coordinates": [ [ 168.160584904859604, 17.414035527533926 ], [ 168.008859965641307, 16.122173808691592 ], [ 165.35048665027702, 18.881787275855061 ] ] } },
{ "type": "Feature", "properties": { "ConType": "Certain" }, "geometry": { "type": "LineString", "coordinates": [ [ 171.379189492902526, -0.097831775133838 ], [ 170.929098295554809, 0.793703593545931 ], [ 171.878056520734418, 1.362832257054559 ], [ 172.574311670798096, 0.325171854761385 ], [ 171.379189492902526, -0.097831775133838 ] ] } },
{ "type": "Feature", "properties": { "ConType": "Certain" }, "geometry": { "type": "LineString", "coordinates": [ [ 171.220130044242183, -0.890746712424257 ], [ 170.296194327769115, 0.55136905935977 ], [ 171.385313934872244, 2.183209407073854 ], [ 172.549983828073522, 2.030486006287908 ], [ 173.384534675721511, 0.562381094485486 ] ] } },
{ "type": "Feature", "properties": { "ConType": "Internal" }, "geometry": { "type": "LineString", "coordinates": [ [ 178.149134948418862, 4.083339062737263 ], [ 177.712874066459591, 4.738249470796405 ], [ 176.759800395649648, 4.053688684813186 ], [ 176.482533458375343, 2.322295561506216 ], [ 175.727915605139174, 2.07725280415701 ], [ 176.193444344626869, 0.407429282291998 ], [ 173.969797107206176, -2.1164412771779 ] ] } },
{ "type": "Feature", "properties": { "ConType": "Certain" }, "geometry": { "type": "LineString", "coordinates": [ [ 174.782042949287813, 3.087882327984082 ], [ 174.444364471917282, 3.667699417918775 ], [ 176.211452008435856, 4.153762857276107 ], [ 176.206982663917387, 3.569936744647716 ], [ 174.782042949287813, 3.087882327984082 ] ] } },
{ "type": "Feature", "properties": { "ConType": "Certain" }, "geometry": { "type": "LineString", "coordinates": [ [ 175.465188561835419, 7.374302304072391 ], [ 176.725898620759324, 8.148218460161473 ], [ 178.221938743814803, 7.328593539024569 ], [ 176.91057158471844, 5.361204692952718 ], [ 175.656674292098785, 5.954689256771492 ] ] } },
{ "type": "Feature", "properties": { "ConType": "Internal" }, "geometry": { "type": "LineString", "coordinates": [ [ 174.437592083736973, 9.763326121912332 ], [ 174.446568885317049, 8.862632385304366 ], [ 177.860443491915845, 8.499624335533136 ], [ 178.690110073876468, 11.141057019574891 ], [ 176.079333497652556, 11.469971181779647 ] ] } },
{ "type": "Feature", "properties": { "ConType": "Certain" }, "geometry": { "type": "LineString", "coordinates": [ [ 170.6257124865555, 14.809031502744817 ], [ 170.020028815618787, 14.646197388739138 ], [ 169.577919539681943, 15.651501356592322 ], [ 170.592249723179862, 16.728520882574202 ], [ 171.980946575967693, 15.832175524300281 ], [ 170.6257124865555, 14.809031502744817 ] ] } },
{ "type": "Feature", "properties": { "ConType": "Certain" }, "geometry": { "type": "LineString", "coordinates": [ [ 170.522956539194269, 17.631579417233734 ], [ 169.225417634368455, 17.201768706421909 ], [ 168.501235820919817, 15.553945830615751 ], [ 170.184047970178881, 13.31148431667151 ] ] } },
{ "type": "Feature", "properties": { "ConType": "Certain" }, "geometry": { "type": "LineString", "coordinates": [ [ 172.104770643805892, 19.111298731635937 ], [ 171.66964485739237, 19.907666674565096 ], [ 171.098367974802102, 19.265336363845599 ], [ 169.773687128585038, 19.565988827128134 ], [ 170.671731022781898, 18.991382117899743 ] ] } },
{ "type": "Feature", "properties": { "ConType": "Internal" }, "geometry": { "type": "LineString", "coordinates": [ [ 169.74612037265905, 23.913977052565073 ], [ 170.147593848700296, 21.205527634832109 ], [ 168.928028501114312, 19.763546020386997 ], [ 169.601065174652433, 18.510721729251127 ], [ 170.671731022781898, 18.991382117899743 ] ] } },
{ "type": "Feature", "properties": { "ConType": "Certain" }, "geometry": { "type": "LineString", "coordinates": [ [ 175.774842563410459, 19.742222482883545 ], [ 174.866396467755322, 18.461689888138476 ], [ 176.119539846322681, 19.201799727126673 ] ] } },
{ "type": "Feature", "properties": { "ConType": "Approx" }, "geometry": { "type": "LineString", "coordinates": [ [ 158.750418583899602, 29.185845720239971 ], [ 159.675908122735336, 29.08686018407673 ], [ 160.313087234863161, 30.716266490071554 ], [ 161.642295519443081, 28.280277700350883 ], [ 163.41237366216879, 27.035371271081907 ], [ 161.696464177491265, 22.188994075145047 ] ] } },
{ "type": "Feature", "properties": { "ConType": "Certain" }, "geometry": { "type": "LineString", "coordinates": [ [ 166.169689843609376, 29.444955646752003 ], [ 167.019211273124142, 30.143759700512632 ], [ 168.096734470362179, 29.587630458060271 ], [ 166.571977748124198, 29.048363946567637 ], [ 166.169689843609376, 29.444955646752003 ] ] } },
{ "type": "Feature", "properties": { "ConType": "Certain" }, "geometry": { "type": "LineString", "coordinates": [ [ 166.304808016327399, 30.693697170045017 ], [ 165.628810439764294, 28.802931403794485 ], [ 167.093054663405184, 27.492564698130096 ], [ 168.859814079849258, 29.000525106871184 ], [ 168.027689593370837, 30.523022487742157 ] ] } },
{ "type": "Feature", "properties": { "ConType": "Certain" }, "geometry": { "type": "LineString", "coordinates": [ [ 163.533781229225383, 30.266662428867882 ], [ 163.144638527810628, 31.439334389670748 ], [ 164.486146281109654, 32.072327331793446 ], [ 165.280192356599514, 31.051067782079013 ], [ 164.508079055380847, 30.118736957663099 ] ] } },
{ "type": "Feature", "properties": { "ConType": "Certain" }, "geometry": { "type": "LineString", "coordinates": [ [ 161.571857346545841, 34.113458138061745 ], [ 162.253396596362364, 36.030044827430856 ], [ 163.725489408522407, 35.094744502654954 ], [ 163.153467265277158, 33.488099187459177 ], [ 161.571857346545841, 34.113458138061745 ] ] } },
{ "type": "Feature", "properties": { "ConType": "Internal" }, "geometry": { "type": "LineString", "coordinates": [ [ 155.828115910860305, 34.327765812151227 ], [ 156.614782570920454, 33.456693878128931 ], [ 160.242846418125964, 36.407304640082998 ], [ 159.955520107605167, 35.442169406322918 ], [ 160.728929908038111, 34.570603882384248 ], [ 159.811207116501265, 34.921126194441662 ], [ 158.79722994808418, 34.042164357204385 ] ] } },
{ "type": "Feature", "properties": { "ConType": "Certain" }, "geometry": { "type": "LineString", "coordinates": [ [ 160.085461454616137, 40.10151942615051 ], [ 161.508253639401943, 40.594719131684691 ], [ 162.416891059561721, 39.555579562367669 ], [ 161.078048410839472, 38.803118931176051 ], [ 160.085461454616137, 40.10151942615051 ] ] } },
{ "type": "Feature", "properties": { "ConType": "Internal" }, "geometry": { "type": "LineString", "coordinates": [ [ 161.802297011103349, 42.114361112384209 ], [ 161.346008091624924, 43.107373865883211 ], [ 159.883862560876111, 42.730635107131079 ], [ 159.021257903602844, 41.548919449105959 ], [ 160.176523126937212, 43.45467123746959 ], [ 158.604135599402383, 43.612352682069869 ], [ 157.121619684399889, 40.541655902275899 ], [ 157.846487170760923, 40.065661465707805 ], [ 160.782418017937317, 41.095300023561045 ], [ 162.620756750968809, 40.763003959338029 ], [ 162.853722356721107, 41.828673047614799 ], [ 161.802297011103349, 42.114361112384209 ] ] } },
{ "type": "Feature", "properties": { "ConType": "Approx" }, "geometry": { "type": "LineString", "coordinates": [ [ 162.512711724473604, 45.405949284663151 ], [ 161.291233247263506, 43.734313291576093 ], [ 163.3779131132722, 42.971771993316878 ], [ 164.250976641203351, 44.54587572962388 ], [ 162.512711724473604, 45.405949284663151 ] ] } },
{ "type": "Feature", "properties": { "ConType": "Approx" }, "geometry": { "type": "LineString", "coordinates": [ [ 164.727026259668492, 39.085557806834693 ], [ 166.699488202804105, 40.757812494747284 ], [ 164.752864730320312, 38.984168037663551 ] ] } },
{ "type": "Feature", "properties": { "ConType": "Internal" }, "geometry": { "type": "LineString", "coordinates": [ [ 171.301222079442965, 23.27593309207343 ], [ 170.817796699497904, 22.132481705105789 ], [ 172.674265737799431, 22.917234935443041 ], [ 173.34004269903923, 24.150181215357584 ] ] } },
{ "type": "Feature", "properties": { "ConType": "Certain" }, "geometry": { "type": "LineString", "coordinates": [ [ 170.992349732918171, 25.444857900185067 ], [ 171.793160760074954, 24.982173193391375 ], [ 170.834900106369048, 23.948146241836938 ], [ 170.16827842646714, 25.344613086947692 ], [ 170.683222556373181, 24.571279788615193 ], [ 170.992349732918171, 25.444857900185067 ] ] } },
{ "type": "Feature", "properties": { "ConType": "Certain" }, "geometry": { "type": "LineString", "coordinates": [ [ 167.494259633496881, 23.602382836627932 ], [ 166.324290203873858, 22.459093044600518 ], [ 164.843412577493979, 22.919077551750892 ], [ 170.410752852846656, 28.204784281319682 ], [ 174.458757614294228, 27.938107417223566 ], [ 169.697323060379858, 26.719174018275567 ] ] } },
{ "type": "Feature", "properties": { "ConType": "Certain" }, "geometry": { "type": "LineString", "coordinates": [ [ 173.217064207288217, 32.036735549061532 ], [ 173.488684502697225, 33.037690073394963 ], [ 172.712203883944483, 33.626188819423625 ], [ 171.045970592000543, 32.868233679951452 ], [ 171.385848239286929, 32.076671574700569 ] ] } },
{ "type": "Feature", "properties": { "ConType": "Certain" }, "geometry": { "type": "LineString", "coordinates": [ [ 172.018638004652672, 34.161463875542537 ], [ 170.598990709816917, 33.409201355704589 ], [ 170.858992592515222, 30.800669554515313 ], [ 174.015613960573887, 31.553653871242265 ], [ 173.613398815169404, 33.682149987179308 ] ] } },
{ "type": "Feature", "properties": { "ConType": "Internal" }, "geometry": { "type": "LineString", "coordinates": [ [ 176.572490691393625, 23.694030186314812 ], [ 177.442420640789635, 24.759144748137047 ], [ 177.859690491350904, 22.734076015920188 ], [ 179.282002963314824, 23.030315048690326 ] ] } },
{ "type": "Feature", "properties": { "ConType": "Internal" }, "geometry": { "type": "LineString", "coordinates": [ [ 172.148726518778659, 25.930233509876214 ], [ 172.527693273416958, 27.066330165362018 ], [ 177.958189943364658, 27.418535840216933 ], [ 177.795408076224106, 26.419657864125039 ], [ 174.637867980531183, 26.18139469402869 ], [ 174.311982794304186, 25.214969167492505 ] ] } },
{ "type": "Feature", "properties": { "ConType": "Approx" }, "geometry": { "type": "LineString", "coordinates": [ [ 172.018638004652672, 34.161463875542537 ], [ 170.729246946174442, 35.027422980743772 ], [ 169.431461069958772, 33.882331458391853 ], [ 168.825673248261751, 35.810821446537361 ], [ 168.64313548371473, 33.327371911883503 ] ] } },
{ "type": "Feature", "properties": { "ConType": "Certain" }, "geometry": { "type": "LineString", "coordinates": [ [ 172.802041466596023, 34.86380991257672 ], [ 170.660141802096035, 38.529112045928208 ], [ 172.268363565782209, 40.864624448396725 ], [ 173.365347399518157, 40.686937697934312 ] ] } },
{ "type": "Feature", "properties": { "ConType": "Certain" }, "geometry": { "type": "LineString", "coordinates": [ [ 179.30516693069228, 43.571399483210577 ], [ 177.802985296313096, 44.795200559969096 ], [ 178.833094448602651, 45.835505828310318 ], [ 179.999983509510031, 45.670019388658744 ] ] } },
{ "type": "Feature", "properties": { "ConType": "Certain" }, "geometry": { "type": "LineString", "coordinates": [ [ 135.842656810095434, 45.072045845288045 ], [ 134.580414763467303, 45.886446399797101 ], [ 135.336854839486534, 46.917746439620373 ], [ 136.914401381372073, 46.33126695924485 ], [ 136.251924101684608, 45.329027636251155 ] ] } },
{ "type": "Feature", "properties": { "ConType": "Certain" }, "geometry": { "type": "LineString", "coordinates": [ [ 143.644824716699219, 48.437378368660177 ], [ 144.781006220988473, 49.358628930001586 ], [ 144.177206942745869, 50.223970250566929 ], [ 141.835002667606204, 49.872370867554537 ] ] } },
{ "type": "Feature", "properties": { "ConType": "Certain" }, "geometry": { "type": "LineString", "coordinates": [ [ 137.615170570883379, 49.229528618022769 ], [ 135.855915364786, 49.721342632351586 ], [ 136.721476684128135, 51.263996272061071 ], [ 139.036340622913002, 51.049317906743759 ], [ 139.692080005991329, 50.097806477550861 ] ] } },
{ "type": "Feature", "properties": { "ConType": "Certain" }, "geometry": { "type": "LineString", "coordinates": [ [ 138.96405364705646, 59.480962181658057 ], [ 139.924728054486025, 58.983967717352485 ], [ 139.669014167612147, 58.24314169101374 ], [ 137.911758638303439, 58.085991615796289 ], [ 137.193882097765822, 59.023078768189919 ] ] } },
{ "type": "Feature", "properties": { "ConType": "Certain" }, "geometry": { "type": "LineString", "coordinates": [ [ 143.327154361502352, 60.635424215382407 ], [ 140.701907530710173, 60.55294304608497 ], [ 142.351530837512087, 60.219373243984734 ], [ 143.033323311325802, 59.120099119135595 ] ] } },
{ "type": "Feature", "properties": { "ConType": "Certain" }, "geometry": { "type": "LineString", "coordinates": [ [ 137.516884508878007, 61.711523671529996 ], [ 135.902278651834933, 60.807192632366167 ], [ 134.01636166376835, 61.792799726633639 ], [ 136.13834866388413, 62.618914356105783 ], [ 137.516884508878007, 61.711523671529996 ] ] } },
{ "type": "Feature", "properties": { "ConType": "Certain" }, "geometry": { "type": "LineString", "coordinates": [ [ 144.559739556647287, 64.226328504549656 ], [ 142.385247497633742, 64.86720646916018 ], [ 142.513737900095862, 66.130736127462242 ], [ 145.839122977586953, 66.590426366338306 ], [ 147.791691805629313, 65.558368534263252 ] ] } },
{ "type": "Feature", "properties": { "ConType": "Certain" }, "geometry": { "type": "LineString", "coordinates": [ [ 149.466191327936798, 46.120440407739885 ], [ 149.426896834309531, 45.166497885050738 ], [ 151.743320498498633, 44.460771054055279 ], [ 153.268238146225826, 45.300340901842446 ], [ 151.785900803179373, 46.549485902977729 ], [ 150.301027460682832, 45.68378935451539 ], [ 150.857973004752751, 46.425794274330627 ], [ 149.466191327936798, 46.120440407739885 ] ] } },
{ "type": "Feature", "properties": { "ConType": "Approx" }, "geometry": { "type": "LineString", "coordinates": [ [ 149.128016035412656, 48.522374118270591 ], [ 148.195079730410157, 47.367037425261245 ], [ 147.904488625642898, 43.394458837637103 ] ] } },
{ "type": "Feature", "properties": { "ConType": "Approx" }, "geometry": { "type": "LineString", "coordinates": [ [ 149.349055198507983, 50.949547912409919 ], [ 151.546097081021742, 50.835219727974234 ], [ 152.390893900689747, 51.796392335628731 ], [ 151.443470819198126, 52.182076395483975 ] ] } },
{ "type": "Feature", "properties": { "ConType": "Approx" }, "geometry": { "type": "LineString", "coordinates": [ [ 149.349055198507983, 50.949547912409919 ], [ 148.749099456628187, 51.532684500308783 ], [ 149.902714898546577, 52.81810304591113 ], [ 151.995105502240165, 52.668017974956193 ], [ 151.443470819198126, 52.182076395483975 ] ] } },
{ "type": "Feature", "properties": { "ConType": "Certain" }, "geometry": { "type": "LineString", "coordinates": [ [ 151.583963295801453, 54.443279153124955 ], [ 150.431312542797428, 54.005155808765892 ], [ 149.360498386518088, 54.664144423826251 ], [ 150.804372555684125, 55.296152652862084 ], [ 151.583963295801453, 54.443279153124955 ] ] } },
{ "type": "Feature", "properties": { "ConType": "Certain" }, "geometry": { "type": "LineString", "coordinates": [ [ 157.690187872243314, 47.766775133345988 ], [ 158.200708381470122, 45.667450490469378 ], [ 156.752709641692604, 42.413325167252637 ] ] } },
{ "type": "Feature", "properties": { "ConType": "Certain" }, "geometry": { "type": "LineString", "coordinates": [ [ 153.634970049015266, 48.704541824765215 ], [ 157.386998855482204, 46.40639418523191 ], [ 155.768566811742232, 43.40348909307292 ] ] } },
{ "type": "Feature", "properties": { "ConType": "Certain" }, "geometry": { "type": "LineString", "coordinates": [ [ 149.128016035412656, 48.522374118270591 ], [ 151.011507176764667, 49.466020977860708 ], [ 153.807276473830314, 49.460790902760785 ], [ 157.000248775561602, 48.151985944045101 ] ] } },
{ "type": "Feature", "properties": { "ConType": "Approx" }, "geometry": { "type": "LineString", "coordinates": [ [ 147.266242573366725, 50.041853452035262 ], [ 148.243515756754789, 50.70938162147791 ], [ 151.294764979080583, 49.853151592908162 ], [ 152.872793123420877, 50.485901036212418 ], [ 156.522904056144597, 49.382525758348827 ], [ 157.000248775561602, 48.151985944045101 ] ] } },
{ "type": "Feature", "properties": { "ConType": "Approx" }, "geometry": { "type": "LineString", "coordinates": [ [ 157.485017140349385, 53.708129310241922 ], [ 157.751932698385843, 51.166253296481429 ], [ 156.383030353513675, 51.900969859406395 ], [ 156.834282375754043, 50.155254796276623 ], [ 155.312096421551558, 50.294603151286708 ], [ 157.749127051951405, 48.955269709172882 ] ] } },
{ "type": "Feature", "properties": { "ConType": "Certain" }, "geometry": { "type": "LineString", "coordinates": [ [ 154.830357075612852, 53.064907165354327 ], [ 154.349905760167275, 52.340378124443895 ], [ 152.39108189113017, 53.603803724323811 ], [ 153.670983681569879, 54.057771805272978 ], [ 154.865341323235896, 53.262215754817952 ] ] } },
{ "type": "Feature", "properties": { "ConType": "Certain" }, "geometry": { "type": "LineString", "coordinates": [ [ 156.172716238787046, 55.587915382779769 ], [ 157.63559777329823, 56.59794114416821 ], [ 156.060442906441551, 57.568167738145419 ], [ 154.879950859906643, 57.070694787795361 ] ] } },
{ "type": "Feature", "properties": { "ConType": "Certain" }, "geometry": { "type": "LineString", "coordinates": [ [ 156.412496371862659, 55.063236220435975 ], [ 153.668543380647804, 55.099559584595703 ], [ 152.826607283782067, 56.221259928529719 ], [ 154.55934204313624, 57.53552994627357 ], [ 156.675356325941181, 57.762953624842694 ], [ 158.120063997990229, 56.975093257639536 ], [ 157.697318687175539, 55.595757095409589 ] ] } },
{ "type": "Feature", "properties": { "ConType": "Certain" }, "geometry": { "type": "LineString", "coordinates": [ [ 146.384522172223086, 55.768534427950897 ], [ 149.21938910801984, 56.845340596902346 ], [ 147.180011818406399, 58.413913658080943 ] ] } },
{ "type": "Feature", "properties": { "ConType": "Certain" }, "geometry": { "type": "LineString", "coordinates": [ [ 149.903821504496449, 57.199203928292476 ], [ 148.98532143407482, 57.947811182519928 ], [ 149.282208719749917, 58.687383310477777 ], [ 151.996159927280701, 59.00819875349206 ] ] } },
{ "type": "Feature", "properties": { "ConType": "Approx" }, "geometry": { "type": "LineString", "coordinates": [ [ 152.583269460065765, 57.996044510286893 ], [ 153.479000987752386, 57.660978936797093 ], [ 154.372450280823358, 59.661831166228843 ], [ 151.941638847753751, 60.144976616684481 ], [ 151.996159927280701, 59.00819875349206 ] ] } },
{ "type": "Feature", "properties": { "ConType": "Approx" }, "geometry": { "type": "LineString", "coordinates": [ [ 147.180011818406399, 58.413913658080943 ], [ 147.734638248690516, 59.218258846156701 ], [ 145.948427373494354, 59.828562623316564 ], [ 149.181583908925234, 61.866688385659103 ], [ 146.465012951304544, 63.512020016304582 ] ] } },
{ "type": "Feature", "properties": { "ConType": "Certain" }, "geometry": { "type": "LineString", "coordinates": [ [ 154.569647998633513, 63.587047243447266 ], [ 156.716561426384345, 62.219175124442678 ], [ 154.325054654024342, 61.600363497840362 ], [ 152.760724784913862, 62.80088093047236 ] ] } },
{ "type": "Feature", "properties": { "ConType": "Certain" }, "geometry": { "type": "LineString", "coordinates": [ [ 148.126017418010406, 63.950110244270299 ], [ 150.514442819127055, 63.643664845921464 ], [ 153.232723541641008, 64.725156763578497 ], [ 152.866033936288403, 65.665804327288498 ], [ 150.134857277325182, 66.228993785614293 ] ] } },
{ "type": "Feature", "properties": { "ConType": "Certain" }, "geometry": { "type": "LineString", "coordinates": [ [ 158.152577126856585, 66.310188682139938 ], [ 158.865979465233124, 66.038675871555412 ], [ 156.848616329420793, 65.533714395141331 ], [ 155.264881414635312, 66.120608740623254 ], [ 156.708449944751919, 67.175044653962701 ], [ 158.152577126856585, 66.310188682139938 ] ] } },
{ "type": "Feature", "properties": { "ConType": "Certain" }, "geometry": { "type": "LineString", "coordinates": [ [ 152.648853535446051, 68.785427089180345 ], [ 151.395883828320905, 68.097835651942745 ], [ 149.927254904502064, 68.692129074270127 ], [ 150.933227924413046, 69.096180161258275 ], [ 152.648853535446051, 68.785427089180345 ] ] } },
{ "type": "Feature", "properties": { "ConType": "Certain" }, "geometry": { "type": "LineString", "coordinates": [ [ 154.294368104319773, 68.410130027977743 ], [ 150.983825212593274, 67.538445153771079 ], [ 148.668794633251565, 68.670057937979479 ], [ 150.724938724451476, 69.691161429740774 ], [ 153.412168155243677, 69.32409788154078 ] ] } },
{ "type": "Feature", "properties": { "ConType": "Approx" }, "geometry": { "type": "LineString", "coordinates": [ [ 146.005605402166907, 70.302170326872556 ], [ 145.455658560319307, 70.672542160555423 ], [ 147.712475193137607, 70.979565206154803 ], [ 150.098699950226973, 70.136545614241868 ], [ 147.972168485265684, 69.696705279534712 ] ] } },
{ "type": "Feature", "properties": { "ConType": "Certain" }, "geometry": { "type": "LineString", "coordinates": [ [ 145.613154468033912, 72.145800454085588 ], [ 151.291827572799519, 72.162021613460126 ] ] } },
{ "type": "Feature", "properties": { "ConType": "Certain" }, "geometry": { "type": "LineString", "coordinates": [ [ 151.291827572799519, 72.162021613460126 ], [ 154.484852494045981, 72.080198099062997 ], [ 153.346285422232484, 72.928027548658534 ] ] } },
{ "type": "Feature", "properties": { "ConType": "Approx" }, "geometry": { "type": "LineString", "coordinates": [ [ 133.784085371687155, 73.012551569393352 ], [ 144.297022159375302, 71.298045623553193 ], [ 144.254357299394314, 70.090643697714469 ], [ 146.422163698770618, 68.992554280343185 ], [ 144.399703194170201, 67.874620512279009 ] ] } },
{ "type": "Feature", "properties": { "ConType": "Certain" }, "geometry": { "type": "LineString", "coordinates": [ [ 144.120115293050645, 72.684680946228909 ], [ 146.353552078652768, 72.486471898879941 ], [ 148.484314382166104, 73.199917230526751 ], [ 144.748907432880117, 73.818069151004252 ], [ 144.120115293050645, 72.684680946228909 ] ] } },
{ "type": "Feature", "properties": { "ConType": "Certain" }, "geometry": { "type": "LineString", "coordinates": [ [ 149.011164963534412, 72.982939393052689 ], [ 148.998208581917481, 73.559157316059128 ], [ 146.437051037856975, 74.122921447030123 ], [ 143.631462159648919, 73.859895521845814 ] ] } },
{ "type": "Feature", "properties": { "ConType": "Certain" }, "geometry": { "type": "LineString", "coordinates": [ [ 143.631462159648919, 73.859895521845814 ], [ 143.095875070068416, 74.140025361760706 ], [ 146.449358187125767, 74.746648506720007 ], [ 151.14963071659173, 73.543939109840309 ], [ 149.011164963534412, 72.982939393052689 ] ] } },
{ "type": "Feature", "properties": { "ConType": "Certain" }, "geometry": { "type": "LineString", "coordinates": [ [ 152.344094382161956, 74.659708971242395 ], [ 153.177936043664602, 75.239202389819425 ], [ 149.489948346535471, 75.442894686798638 ] ] } },
{ "type": "Feature", "properties": { "ConType": "Certain" }, "geometry": { "type": "LineString", "coordinates": [ [ 145.399144379794052, 75.640048755078595 ], [ 146.614013560960217, 75.86793662377849 ], [ 142.19197056028932, 75.602264332052314 ] ] } },
{ "type": "Feature", "properties": { "ConType": "Certain" }, "geometry": { "type": "LineString", "coordinates": [ [ 138.541610881965454, 74.378145101136525 ], [ 136.607031322667154, 74.435499472460066 ], [ 135.071091146250865, 75.746368546754127 ], [ 136.980157875034848, 76.327673902311474 ], [ 140.7237919758891, 75.760112578801071 ] ] } },
{ "type": "Feature", "properties": { "ConType": "Certain" }, "geometry": { "type": "LineString", "coordinates": [ [ 135.079124757200617, 74.120448181413039 ], [ 132.860629625263499, 75.925214938203055 ], [ 138.086785735433637, 77.027962106054574 ] ] } },
{ "type": "Feature", "properties": { "ConType": "Approx" }, "geometry": { "type": "LineString", "coordinates": [ [ 161.65951185578777, 77.326143101014779 ], [ 151.23002769667147, 76.085235794478066 ], [ 143.918288759557669, 77.128756103328911 ] ] } },
{ "type": "Feature", "properties": { "ConType": "Certain" }, "geometry": { "type": "LineString", "coordinates": [ [ 142.25995888186867, 77.871320974460943 ], [ 143.100958997069966, 77.444035528797201 ], [ 139.313467123858857, 77.347398901939954 ], [ 139.693192633703205, 77.867723420151336 ], [ 142.25995888186867, 77.871320974460943 ] ] } },
{ "type": "Feature", "properties": { "ConType": "Certain" }, "geometry": { "type": "LineString", "coordinates": [ [ 138.086785735433637, 77.027962106054574 ], [ 137.494017398538887, 77.663550078043684 ], [ 142.95562361894207, 78.255026575499443 ] ] } },
{ "type": "Feature", "properties": { "ConType": "Certain" }, "geometry": { "type": "LineString", "coordinates": [ [ 144.990250529788483, 78.397519517063017 ], [ 147.951147051582296, 77.681263839632891 ], [ 152.028588817434525, 78.371694178205459 ], [ 148.842694981538926, 79.021176927457176 ], [ 144.990250529788483, 78.397519517063017 ] ] } },
{ "type": "Feature", "properties": { "ConType": "Certain" }, "geometry": { "type": "LineString", "coordinates": [ [ 147.894512673257395, 79.306885164799596 ], [ 143.024489679940899, 78.487568342862474 ] ] } },
{ "type": "Feature", "properties": { "ConType": "Certain" }, "geometry": { "type": "LineString", "coordinates": [ [ 144.89847622513301, 77.628193737632628 ], [ 150.602108666166259, 77.571543440882039 ], [ 153.378444160840189, 78.610161896938862 ], [ 147.894512673257395, 79.306885164799596 ] ] } },
{ "type": "Feature", "properties": { "ConType": "Certain" }, "geometry": { "type": "LineString", "coordinates": [ [ 162.358291047520026, 77.919169509655916 ], [ 147.820292457861711, 79.613100924935551 ] ] } },
{ "type": "Feature", "properties": { "ConType": "Certain" }, "geometry": { "type": "LineString", "coordinates": [ [ 145.247495415030016, 79.096162595867682 ], [ 141.545711158676738, 78.886953438196628 ], [ 140.449438209447294, 79.64679240973885 ], [ 145.83244047723116, 79.42880895449585 ], [ 145.247495415030016, 79.096162595867682 ] ] } },
{ "type": "Feature", "properties": { "ConType": "Approx" }, "geometry": { "type": "LineString", "coordinates": [ [ 135.482387441863011, 80.286207956793902 ], [ 133.955614817716224, 79.938365391494813 ], [ 138.774801324350392, 79.686121141007618 ] ] } },
{ "type": "Feature", "properties": { "ConType": "Certain" }, "geometry": { "type": "LineString", "coordinates": [ [ 138.774801324350392, 79.686121141007618 ], [ 144.849924697039711, 80.234536865767225 ] ] } },
{ "type": "Feature", "properties": { "ConType": "Certain" }, "geometry": { "type": "LineString", "coordinates": [ [ 135.482387441863011, 80.286207956793902 ], [ 141.482427277668933, 81.493408842842669 ] ] } },
{ "type": "Feature", "properties": { "ConType": "Certain" }, "geometry": { "type": "LineString", "coordinates": [ [ 152.601977719280683, 80.61579373014041 ], [ 148.703414999580303, 80.555646933216948 ], [ 147.040389496308819, 81.140451862486145 ], [ 151.288538711291665, 81.578133705500136 ], [ 154.498299438209358, 81.017590775307838 ], [ 152.601977719280683, 80.61579373014041 ] ] } },
{ "type": "Feature", "properties": { "ConType": "Certain" }, "geometry": { "type": "LineString", "coordinates": [ [ 138.434291764701669, 82.363088997941801 ], [ 137.356130095799728, 81.977769304155771 ], [ 141.482427277668933, 81.493408842842669 ] ] } },
{ "type": "Feature", "properties": { "ConType": "Certain" }, "geometry": { "type": "LineString", "coordinates": [ [ 143.324603518705658, 83.121640506210525 ], [ 137.369024366865801, 83.401438466571904 ], [ 144.531607553156022, 83.626693004888381 ] ] } },
{ "type": "Feature", "properties": { "ConType": "Certain" }, "geometry": { "type": "LineString", "coordinates": [ [ 142.299830396166698, 84.49572271735093 ], [ 133.966495475538864, 83.781346660714775 ] ] } },
{ "type": "Feature", "properties": { "ConType": "Certain" }, "geometry": { "type": "LineString", "coordinates": [ [ 142.299830396166698, 84.49572271735093 ], [ 147.409658618730134, 84.011898990922717 ] ] } },
{ "type": "Feature", "properties": { "ConType": "Certain" }, "geometry": { "type": "LineString", "coordinates": [ [ 147.409658618730134, 84.011898990922717 ], [ 161.889969460315342, 85.041031750446123 ] ] } },
{ "type": "Feature", "properties": { "ConType": "Certain" }, "geometry": { "type": "LineString", "coordinates": [ [ 134.36643380129658, 85.446564619604516 ], [ 142.182625755179231, 85.392780315522415 ] ] } },
{ "type": "Feature", "properties": { "ConType": "Certain" }, "geometry": { "type": "LineString", "coordinates": [ [ 161.889969460315342, 85.041031750446123 ], [ 156.861533642135896, 85.846809224182707 ], [ 144.940979371453352, 85.656303019584698 ] ] } },
{ "type": "Feature", "properties": { "ConType": "Certain" }, "geometry": { "type": "LineString", "coordinates": [ [ 141.156146089686501, 86.498879807526052 ], [ 132.333888454628209, 86.277771935004807 ] ] } },
{ "type": "Feature", "properties": { "ConType": "Certain" }, "geometry": { "type": "LineString", "coordinates": [ [ 144.940979371453352, 85.656303019584698 ], [ 145.950138896108911, 86.157955936799453 ], [ 141.156146089686501, 86.498879807526052 ] ] } },
{ "type": "Feature", "properties": { "ConType": "Certain" }, "geometry": { "type": "LineString", "coordinates": [ [ 156.45214924277505, 86.861250041893328 ], [ 142.845000773739258, 86.682724353792281 ] ] } },
{ "type": "Feature", "properties": { "ConType": "Certain" }, "geometry": { "type": "LineString", "coordinates": [ [ 179.999983509510031, 89.884312741686387 ], [ 103.55860348792838, 88.819663042743827 ] ] } },
{ "type": "Feature", "properties": { "ConType": "Certain" }, "geometry": { "type": "LineString", "coordinates": [ [ 166.038417278265456, 46.260287774230846 ], [ 167.023272008441211, 46.404064739474371 ], [ 168.048437604101849, 45.424732918134815 ], [ 170.257399162210419, 46.949318026750717 ] ] } },
{ "type": "Feature", "properties": { "ConType": "Certain" }, "geometry": { "type": "LineString", "coordinates": [ [ 163.652330840324339, 45.835368567752319 ], [ 162.26662867310813, 46.448623384251427 ], [ 159.99833406060975, 45.6944716800325 ], [ 158.717224069246015, 47.787606241754681 ] ] } },
{ "type": "Feature", "properties": { "ConType": "Certain" }, "geometry": { "type": "LineString", "coordinates": [ [ 162.721547470241262, 48.55981321336133 ], [ 162.800352482437262, 47.7203883330642 ], [ 161.024026009716692, 47.099195409573838 ], [ 158.717224069246015, 47.787606241754681 ] ] } },
{ "type": "Feature", "properties": { "ConType": "Approx" }, "geometry": { "type": "LineString", "coordinates": [ [ 164.170011669798185, 51.093346072540932 ], [ 164.004621182604353, 52.350083757096087 ], [ 160.128182716675951, 52.390780407787325 ] ] } },
{ "type": "Feature", "properties": { "ConType": "Approx" }, "geometry": { "type": "LineString", "coordinates": [ [ 166.819692159458413, 52.169317409600573 ], [ 164.453603396296586, 53.433294759196983 ], [ 163.028398549355217, 53.352004042125131 ], [ 163.598508852411641, 54.063439167144125 ] ] } },
{ "type": "Feature", "properties": { "ConType": "Certain" }, "geometry": { "type": "LineString", "coordinates": [ [ 158.69576208068284, 51.428108269264271 ], [ 159.001319348280248, 53.253852404579526 ], [ 161.656531601339083, 55.18496398627876 ] ] } },
{ "type": "Feature", "properties": { "ConType": "Certain" }, "geometry": { "type": "LineString", "coordinates": [ [ 167.588020819521176, 54.945798343348208 ], [ 166.657368806954508, 56.556192561564615 ], [ 163.960887387312908, 55.432552323153985 ] ] } },
{ "type": "Feature", "properties": { "ConType": "Certain" }, "geometry": { "type": "LineString", "coordinates": [ [ 164.431821067142266, 57.965511185735032 ], [ 162.180548389647072, 56.728433756120765 ], [ 159.299279892666618, 57.912503049182952 ] ] } },
{ "type": "Feature", "properties": { "ConType": "Certain" }, "geometry": { "type": "LineString", "coordinates": [ [ 163.23504018731245, 58.741942413507594 ], [ 162.855595319279814, 57.361231640642067 ], [ 160.648056275484436, 57.757242666205933 ], [ 161.050448624262685, 59.0063612388632 ], [ 163.23504018731245, 58.741942413507594 ] ] } },
{ "type": "Feature", "properties": { "ConType": "Certain" }, "geometry": { "type": "LineString", "coordinates": [ [ 162.173476938207841, 59.616310912672006 ], [ 163.478988009585748, 60.348772787409672 ], [ 166.540031202427599, 59.088190676088708 ], [ 165.376989602251598, 58.355954287648032 ], [ 164.3591864153247, 58.689244767052031 ] ] } },
{ "type": "Feature", "properties": { "ConType": "Certain" }, "geometry": { "type": "LineString", "coordinates": [ [ 164.912221784617003, 61.111257086690365 ], [ 167.494208267141289, 59.172355264246079 ], [ 166.309682833850331, 58.101744640884831 ], [ 164.431821067142266, 57.965511185735032 ] ] } },
{ "type": "Feature", "properties": { "ConType": "Approx" }, "geometry": { "type": "LineString", "coordinates": [ [ 162.473720142624586, 63.51531372226394 ], [ 162.023378158345594, 62.722762982855528 ], [ 163.533576591548069, 61.906488426984325 ], [ 166.787090814746477, 61.789280699266691 ] ] } },
{ "type": "Feature", "properties": { "ConType": "Approx" }, "geometry": { "type": "LineString", "coordinates": [ [ 162.473720142624586, 63.51531372226394 ], [ 165.880154947986227, 63.404907159230149 ], [ 166.787090814746477, 61.789280699266691 ] ] } },
{ "type": "Feature", "properties": { "ConType": "Approx" }, "geometry": { "type": "LineString", "coordinates": [ [ 167.955404569805239, 63.938334955754833 ], [ 164.182805275866571, 64.569430060099222 ], [ 162.473720142624586, 63.51531372226394 ] ] } },
{ "type": "Feature", "properties": { "ConType": "Approx" }, "geometry": { "type": "LineString", "coordinates": [ [ 160.596122795906098, 63.789316142305999 ], [ 157.935407173408606, 63.884083315451583 ], [ 157.362013941565948, 65.249641448731722 ], [ 159.465773638554964, 65.318852277042041 ], [ 160.772437372798692, 64.067913423999244 ] ] } },
{ "type": "Feature", "properties": { "ConType": "Certain" }, "geometry": { "type": "LineString", "coordinates": [ [ 166.943151495172856, 66.412640771257543 ], [ 163.668020547871322, 66.332134673947948 ], [ 163.013726796604345, 65.215293512720976 ] ] } },
{ "type": "Feature", "properties": { "ConType": "Certain" }, "geometry": { "type": "LineString", "coordinates": [ [ 167.379253773286166, 66.942766455759681 ], [ 169.473616724994201, 66.903649511773978 ], [ 168.973157000467438, 66.59421225405832 ], [ 169.497072688469586, 66.093671186277362 ], [ 167.677253142538007, 65.551088022812124 ] ] } },
{ "type": "Feature", "properties": { "ConType": "Certain" }, "geometry": { "type": "LineString", "coordinates": [ [ 163.77550059721986, 67.196237282449047 ], [ 162.456686695041327, 67.128428683753995 ], [ 161.840238323125504, 67.519244313763068 ], [ 164.266940846781807, 67.734526702044306 ], [ 163.77550059721986, 67.196237282449047 ] ] } },
{ "type": "Feature", "properties": { "ConType": "Certain" }, "geometry": { "type": "LineString", "coordinates": [ [ 170.153379086727966, 47.768914435207186 ], [ 172.176528674154213, 49.301700952853466 ], [ 171.43841850206141, 51.268161191116278 ] ] } },
{ "type": "Feature", "properties": { "ConType": "Approx" }, "geometry": { "type": "LineString", "coordinates": [ [ 171.43841850206141, 51.268161191116278 ], [ 172.40436646923169, 51.259450791496675 ], [ 171.712630546037218, 51.557469367069473 ], [ 172.116450154646429, 53.123065547437186 ], [ 171.144023978529759, 52.326732419262505 ] ] } },
{ "type": "Feature", "properties": { "ConType": "Certain" }, "geometry": { "type": "LineString", "coordinates": [ [ 177.575080480277506, 53.04895424810627 ], [ 177.548214646238534, 52.256421217822769 ], [ 176.330905549991627, 51.703270237954747 ], [ 174.168133462387118, 52.47870402317637 ], [ 175.358275277034977, 53.778387476645058 ], [ 177.245724351739426, 53.38567524552839 ] ] } },
{ "type": "Feature", "properties": { "ConType": "Approx" }, "geometry": { "type": "LineString", "coordinates": [ [ 174.506552524148418, 54.351280486718416 ], [ 173.182310837846501, 54.474055105879053 ], [ 172.751000741268768, 55.409074726185253 ], [ 174.487005551544513, 55.400615552102842 ], [ 174.506552524148418, 54.351280486718416 ] ] } },
{ "type": "Feature", "properties": { "ConType": "Approx" }, "geometry": { "type": "LineString", "coordinates": [ [ 175.578209067553331, 55.660072917135118 ], [ 174.78729909010903, 54.087524289328364 ], [ 171.043365556643465, 53.231324884023735 ] ] } },
{ "type": "Feature", "properties": { "ConType": "Inferred" }, "geometry": { "type": "LineString", "coordinates": [ [ 169.243335212485675, 55.7810666644843 ], [ 169.712482469888783, 54.477555868855468 ], [ 171.032950245533925, 54.876404865671326 ], [ 171.167016902802544, 55.837331713568091 ] ] } },
{ "type": "Feature", "properties": { "ConType": "Certain" }, "geometry": { "type": "LineString", "coordinates": [ [ 179.999983509510031, 55.853903167347788 ], [ 176.577191072387308, 55.114020991197116 ], [ 178.160262726031817, 54.698893832623781 ] ] } },
{ "type": "Feature", "properties": { "ConType": "Certain" }, "geometry": { "type": "LineString", "coordinates": [ [ 168.8006731843046, 55.84406916497575 ], [ 168.893050197198079, 54.676151296317251 ], [ 170.712176751669602, 53.972367960887397 ], [ 172.247574391794217, 54.958506427067412 ], [ 171.933674444757003, 56.094740043809324 ] ] } },
{ "type": "Feature", "properties": { "ConType": "Certain" }, "geometry": { "type": "LineString", "coordinates": [ [ 170.658044481084005, 58.945713247322814 ], [ 167.362506092278039, 57.968969164439017 ], [ 167.379719829965325, 56.705337690211017 ], [ 168.8006731843046, 55.84406916497575 ] ] } },
{ "type": "Feature", "properties": { "ConType": "Certain" }, "geometry": { "type": "LineString", "coordinates": [ [ 177.908709164393571, 57.801712860994378 ], [ 177.338052642012059, 58.558518836554484 ], [ 178.707811603967684, 58.725080464123778 ], [ 178.376123978447623, 59.255892979062125 ], [ 179.999983509510031, 58.511931230625748 ] ] } },
{ "type": "Feature", "properties": { "ConType": "Certain" }, "geometry": { "type": "LineString", "coordinates": [ [ 176.479594347137493, 59.823798842336572 ], [ 175.581018516338133, 60.259409911536892 ], [ 178.032304220598661, 61.592634595963695 ], [ 179.235631118504386, 61.379182322073646 ], [ 177.485751838748371, 59.705278634320976 ] ] } },
{ "type": "Feature", "properties": { "ConType": "Approx" }, "geometry": { "type": "LineString", "coordinates": [ [ 173.565275353230362, 58.412664623938269 ], [ 173.108590019772919, 59.65272326106215 ], [ 177.331417039508182, 61.930471344103559 ] ] } },
{ "type": "Feature", "properties": { "ConType": "Certain" }, "geometry": { "type": "LineString", "coordinates": [ [ 171.752862828517038, 62.194879445050567 ], [ 171.29998655304243, 62.968025709301422 ], [ 174.931586955361411, 61.514115762566462 ], [ 173.697883605410794, 61.201396271898034 ] ] } },
{ "type": "Feature", "properties": { "ConType": "Certain" }, "geometry": { "type": "LineString", "coordinates": [ [ 169.963384860515703, 62.674996209733848 ], [ 171.60630679701535, 63.507406264920142 ], [ 174.32155162479097, 63.362868219529574 ], [ 175.418881957177291, 61.439522689295828 ], [ 171.3990401621584, 60.27458260167716 ], [ 168.91824817354987, 60.608623855638768 ], [ 169.114578061795299, 61.719247923524712 ] ] } },
{ "type": "Feature", "properties": { "ConType": "Certain" }, "geometry": { "type": "LineString", "coordinates": [ [ 173.748980897706247, 66.48899758762559 ], [ 174.344290177436193, 65.806248949681134 ], [ 173.122293535188845, 65.545541221497373 ], [ 171.719050730392695, 66.795521958118556 ], [ 172.234304054364344, 67.428656830467929 ], [ 173.787223710053127, 66.961923382414383 ] ] } },
{ "type": "Feature", "properties": { "ConType": "Approx" }, "geometry": { "type": "LineString", "coordinates": [ [ 172.359236693634415, 64.724080810573867 ], [ 168.997114748863908, 67.643102747856446 ] ] } },
{ "type": "Feature", "properties": { "ConType": "Certain" }, "geometry": { "type": "LineString", "coordinates": [ [ 161.22288556895586, 67.666146121699597 ], [ 157.837854826500262, 67.334162387739156 ], [ 154.294368104319773, 68.410130027977743 ] ] } },
{ "type": "Feature", "properties": { "ConType": "Approx" }, "geometry": { "type": "LineString", "coordinates": [ [ 161.803834743555257, 69.850134070711249 ], [ 165.729751931267515, 69.473276257941095 ], [ 166.193208897078875, 68.684531266086751 ] ] } },
{ "type": "Feature", "properties": { "ConType": "Approx" }, "geometry": { "type": "LineString", "coordinates": [ [ 166.899462157369783, 68.818373814592476 ], [ 168.801475305430984, 70.263760207815508 ], [ 170.80698763336855, 70.553316670976244 ], [ 176.61927546550848, 68.14708286503469 ] ] } },
{ "type": "Feature", "properties": { "ConType": "Certain" }, "geometry": { "type": "LineString", "coordinates": [ [ 153.412168155243677, 69.32409788154078 ], [ 156.172087521981922, 70.790026493591483 ], [ 161.803834743555257, 69.850134070711249 ] ] } },
{ "type": "Feature", "properties": { "ConType": "Certain" }, "geometry": { "type": "LineString", "coordinates": [ [ 171.054689302047507, 70.817693146130352 ], [ 165.111997861972128, 70.345227894118182 ] ] } },
{ "type": "Feature", "properties": { "ConType": "Certain" }, "geometry": { "type": "LineString", "coordinates": [ [ 177.253686878855433, 71.151721908068652 ], [ 178.298522105069992, 71.649542181516352 ], [ 177.804950873967499, 72.28996535139585 ], [ 175.069769575071604, 71.476408513021113 ] ] } },
{ "type": "Feature", "properties": { "ConType": "Certain" }, "geometry": { "type": "LineString", "coordinates": [ [ 165.207238670115174, 72.728146159721632 ], [ 168.350441230742888, 72.141358425150258 ], [ 169.871084011142187, 72.73220821415417 ], [ 168.635292438778322, 73.648028455372739 ], [ 164.015666231891913, 73.086138052047431 ], [ 165.207238670115174, 72.728146159721632 ] ] } },
{ "type": "Feature", "properties": { "ConType": "Certain" }, "geometry": { "type": "LineString", "coordinates": [ [ 165.58407154775449, 74.817034185417953 ], [ 170.584857274889572, 74.980310549366763 ] ] } },
{ "type": "Feature", "properties": { "ConType": "Certain" }, "geometry": { "type": "LineString", "coordinates": [ [ 163.205034297881667, 76.302485330161105 ], [ 157.69619929899693, 75.387657304498504 ], [ 158.043919054647802, 73.183878240995668 ] ] } },
{ "type": "Feature", "properties": { "ConType": "Certain" }, "geometry": { "type": "LineString", "coordinates": [ [ 168.036900333480162, 77.295305769818839 ], [ 166.521290321487641, 76.527407665740753 ], [ 170.886328836314334, 75.866283392875644 ] ] } },
{ "type": "Feature", "properties": { "ConType": "Certain" }, "geometry": { "type": "LineString", "coordinates": [ [ 174.863710587110205, 77.230651901675088 ], [ 168.036900333480162, 77.295305769818839 ] ] } },
{ "type": "Feature", "properties": { "ConType": "Certain" }, "geometry": { "type": "LineString", "coordinates": [ [ 168.036900333480162, 77.295305769818839 ], [ 162.358291047520026, 77.919169509655916 ] ] } },
{ "type": "Feature", "properties": { "ConType": "Certain" }, "geometry": { "type": "LineString", "coordinates": [ [ 161.889969460315342, 85.041031750446123 ], [ 169.520254810173441, 85.411617953580546 ] ] } },
{ "type": "Feature", "properties": { "ConType": "Certain" }, "geometry": { "type": "LineString", "coordinates": [ [ 169.520254810173441, 85.411617953580546 ], [ 177.099081819242144, 85.437771379534695 ] ] } },
{ "type": "Feature", "properties": { "ConType": "Certain" }, "geometry": { "type": "LineString", "coordinates": [ [ 169.520254810173441, 85.411617953580546 ], [ 163.633216890450996, 86.132517929811087 ], [ 166.455817411263979, 86.398986555044701 ] ] } },
{ "type": "Feature", "properties": { "ConType": "Certain" }, "geometry": { "type": "LineString", "coordinates": [ [ 166.455817411263979, 86.398986555044701 ], [ 179.068360083837973, 86.100670426600132 ] ] } },
{ "type": "Feature", "properties": { "ConType": "Certain" }, "geometry": { "type": "LineString", "coordinates": [ [ 162.106503718837473, 86.725305832485745 ], [ 156.45214924277505, 86.861250041893328 ] ] } },
{ "type": "Feature", "properties": { "ConType": "Certain" }, "geometry": { "type": "LineString", "coordinates": [ [ 179.999983509510031, 88.156925422431428 ], [ 166.733759270659789, 87.814858079775931 ], [ 162.106503718837473, 86.725305832485745 ] ] } },
{ "type": "Feature", "properties": { "ConType": "Approx" }, "geometry": { "type": "LineString", "coordinates": [ [ 156.45214924277505, 86.861250041893328 ], [ 155.015768241924718, 87.54075616939771 ], [ 179.999983509510031, 88.484648245305451 ] ] } }
]
}
